<?xml version = '1.0' encoding = 'UTF-8'?>
<Arc class="oracle.dbtools.crest.model.design.logical.Arc" directorySegmentName="seg_0" id="FAE898A2-36A1-4D8E-D866-148EDC9CB49E" name="Arc_1">
<createdBy>Maximiliano</createdBy>
<createdTime>2025-09-12 03:00:20 UTC</createdTime>
<ownerDesignName>sumativa semana 4 </ownerDesignName>
<engineerTo>
<item key="E358AC4B-4BBE-B3C1-6737-F33838CBA445" value="true"/>
</engineerTo>
<entity>F114218D-C6F7-B65D-6EF1-8018C66A3D8F</entity>
<relations>
<relationID>6B8491DF-BF46-A073-A895-23BDDC85DEF2</relationID>
<relationID>764B29B6-74BC-2DDF-DBD0-7ABDBA3CDEA4</relationID>
<relationID>633C9235-7A48-47BB-DD39-2DEB00FE3F49</relationID>
<relationID>189F8484-4CB4-0887-34D8-92120994F853</relationID>
<relationID>D08B67BF-530A-3F77-DFE4-21501D410641</relationID>
<relationID>CE327D3D-ABDC-FB29-2ACB-02D5DCDE2260</relationID>
</relations>
</Arc>