<?xml version = '1.0' encoding = 'UTF-8'?>
<TableProxyOraclev20c class="oracle.dbtools.crest.model.design.storage.oracle.v20c.TableProxyOraclev20c" name="Aeropuerto" directorySegmentName="seg_0" id="7D88A64B-EC80-DAF3-6136-DD760A16D063">
<createdBy>Maximiliano</createdBy>
<createdTime>2025-08-18 01:56:11 UTC</createdTime>
<ownerDesignName>BT&amp;Airways</ownerDesignName>
<logging>YES</logging>
<partitionedRowMovement>DISABLE</partitionedRowMovement>
<temporaryChanged>false</temporaryChanged>
<accessDriverType>oracle_loader</accessDriverType>
<rejectLimit></rejectLimit>
<columnProxies itemClass="oracle.dbtools.crest.model.design.storage.oracle.v12c.ColumnProxyOraclev12c">
<ColumnProxy name="codigo_iata" id="3E368BE7-F633-18AB-049F-A757523190BD">
<createdBy>Maximiliano</createdBy>
<createdTime>2025-08-18 01:56:11 UTC</createdTime>
<ownerDesignName>BT&amp;Airways</ownerDesignName>
</ColumnProxy>
<ColumnProxy name="ciudad" id="5351D61E-E152-C263-E7DD-458C19CCA1C0">
<createdBy>Maximiliano</createdBy>
<createdTime>2025-08-18 01:56:11 UTC</createdTime>
<ownerDesignName>BT&amp;Airways</ownerDesignName>
</ColumnProxy>
<ColumnProxy name="nombre" id="71822AA2-74E8-B693-D17E-25F795D56F86">
<createdBy>Maximiliano</createdBy>
<createdTime>2025-08-18 01:56:11 UTC</createdTime>
<ownerDesignName>BT&amp;Airways</ownerDesignName>
</ColumnProxy>
<ColumnProxy name="aeropuerto_id" id="C9EDD1C3-6CFF-A550-2080-8B57FE308E6D">
<createdBy>Maximiliano</createdBy>
<createdTime>2025-08-18 01:56:11 UTC</createdTime>
<ownerDesignName>BT&amp;Airways</ownerDesignName>
</ColumnProxy>
<ColumnProxy name="pais" id="D07B38BF-934D-67C0-0D60-86ABF1273D87">
<createdBy>Maximiliano</createdBy>
<createdTime>2025-08-18 01:56:11 UTC</createdTime>
<ownerDesignName>BT&amp;Airways</ownerDesignName>
</ColumnProxy>
</columnProxies>
<primaryKeys>
<PrimaryKey class="oracle.dbtools.crest.model.design.storage.oracle.v10g.PKProxyOraclev10g" name="aeropuerto_PK" id="C0D4D736-E015-685C-F502-E0885064D854">
<createdBy>Maximiliano</createdBy>
<createdTime>2025-08-18 01:56:11 UTC</createdTime>
<ownerDesignName>BT&amp;Airways</ownerDesignName>
<indexSort>SORTED</indexSort>
</PrimaryKey>
</primaryKeys>
<uniqueKeys>
<UniqueKey class="oracle.dbtools.crest.model.design.storage.oracle.v10g.UniqueOraclev10g" name="INDEX_1" id="52A5C532-88C1-AE3E-1066-A322494B420B">
<createdBy>Maximiliano</createdBy>
<createdTime>2025-08-18 01:56:11 UTC</createdTime>
<ownerDesignName>BT&amp;Airways</ownerDesignName>
<indexSort>SORTED</indexSort>
</UniqueKey>
</uniqueKeys>
</TableProxyOraclev20c>