<?xml version = '1.0' encoding = 'UTF-8'?>
<TableProxyOraclev20c class="oracle.dbtools.crest.model.design.storage.oracle.v20c.TableProxyOraclev20c" name="Vuelo" directorySegmentName="seg_0" id="8E90B4E7-9CDF-B48B-2388-04B1131711B9">
<createdBy>Maximiliano</createdBy>
<createdTime>2025-08-18 01:56:11 UTC</createdTime>
<ownerDesignName>BT&amp;Airways</ownerDesignName>
<logging>YES</logging>
<partitionedRowMovement>DISABLE</partitionedRowMovement>
<temporaryChanged>false</temporaryChanged>
<accessDriverType>oracle_loader</accessDriverType>
<rejectLimit></rejectLimit>
<columnProxies itemClass="oracle.dbtools.crest.model.design.storage.oracle.v12c.ColumnProxyOraclev12c">
<ColumnProxy name="hora_salida" id="03F3034A-C4DE-E2C7-142D-75852C1FCD1B">
<createdBy>Maximiliano</createdBy>
<createdTime>2025-08-18 01:56:11 UTC</createdTime>
<ownerDesignName>BT&amp;Airways</ownerDesignName>
</ColumnProxy>
<ColumnProxy name="numero_vuelo" id="2C6B5776-FB3B-E256-EFA1-3C37639993B9">
<createdBy>Maximiliano</createdBy>
<createdTime>2025-08-18 01:56:11 UTC</createdTime>
<ownerDesignName>BT&amp;Airways</ownerDesignName>
</ColumnProxy>
<ColumnProxy name="vuelo_id" id="7BFD5136-9527-F274-EAE1-F747442AD21A">
<createdBy>Maximiliano</createdBy>
<createdTime>2025-08-18 01:56:11 UTC</createdTime>
<ownerDesignName>BT&amp;Airways</ownerDesignName>
</ColumnProxy>
<ColumnProxy name="fecha_llegada" id="81D56547-07A4-80A5-4D45-50E928249249">
<createdBy>Maximiliano</createdBy>
<createdTime>2025-08-18 01:56:11 UTC</createdTime>
<ownerDesignName>BT&amp;Airways</ownerDesignName>
</ColumnProxy>
<ColumnProxy name="aeropuerto_destino_id" id="89C617B5-E8CE-0110-D7BA-E6C0FFA6D944">
<createdBy>Maximiliano</createdBy>
<createdTime>2025-08-18 01:56:11 UTC</createdTime>
<ownerDesignName>BT&amp;Airways</ownerDesignName>
</ColumnProxy>
<ColumnProxy name="aeropuerto_origen_id" id="977781B1-F770-A34C-9F29-09D78AF51127">
<createdBy>Maximiliano</createdBy>
<createdTime>2025-08-18 01:56:11 UTC</createdTime>
<ownerDesignName>BT&amp;Airways</ownerDesignName>
</ColumnProxy>
<ColumnProxy name="fecha_despegue" id="FE340CB2-411C-122E-E3DC-9635FD593F9C">
<createdBy>Maximiliano</createdBy>
<createdTime>2025-08-18 01:56:11 UTC</createdTime>
<ownerDesignName>BT&amp;Airways</ownerDesignName>
</ColumnProxy>
</columnProxies>
<indexProxies>
<IndexProxy class="oracle.dbtools.crest.model.design.storage.oracle.v10g.IndexProxyOraclev10g" name="idx_vuelo_numero" id="0E36F4E2-FF2E-1DB2-A67D-C0098581FDD8">
<createdBy>Maximiliano</createdBy>
<createdTime>2025-08-18 01:56:11 UTC</createdTime>
<ownerDesignName>BT&amp;Airways</ownerDesignName>
<logging></logging>
</IndexProxy>
</indexProxies>
<foreignKeys>
<ForeignKey class="oracle.dbtools.crest.model.design.storage.oracle.v10g.FKProxyOraclev10g" name="vuelo_aeropuerto_FKv1" id="A8C408BB-7A1F-70E0-F81F-554436E2D318">
<createdBy>Maximiliano</createdBy>
<createdTime>2025-08-18 01:56:11 UTC</createdTime>
<ownerDesignName>BT&amp;Airways</ownerDesignName>
</ForeignKey>
<ForeignKey class="oracle.dbtools.crest.model.design.storage.oracle.v10g.FKProxyOraclev10g" name="vuelo_aeropuerto_FK" id="C46BD998-CD83-E1C6-EEB9-2189CF5F4181">
<createdBy>Maximiliano</createdBy>
<createdTime>2025-08-18 01:56:11 UTC</createdTime>
<ownerDesignName>BT&amp;Airways</ownerDesignName>
</ForeignKey>
</foreignKeys>
<primaryKeys>
<PrimaryKey class="oracle.dbtools.crest.model.design.storage.oracle.v10g.PKProxyOraclev10g" name="vuelo_PK" id="1C1F7644-0A7F-86BD-541F-725A856B69DA">
<createdBy>Maximiliano</createdBy>
<createdTime>2025-08-18 01:56:11 UTC</createdTime>
<ownerDesignName>BT&amp;Airways</ownerDesignName>
<indexSort>SORTED</indexSort>
</PrimaryKey>
</primaryKeys>
<tableCheckConstraints itemClass="oracle.dbtools.crest.model.design.storage.oracle.TableCheckConstraintOracle">
<TableCheckConstraint name="chk_fechas_vuelo" id="1611FEC0-829E-D4D9-174D-355BA89EC10A">
<createdBy>Maximiliano</createdBy>
<createdTime>2025-08-18 01:56:11 UTC</createdTime>
<ownerDesignName>BT&amp;Airways</ownerDesignName>
<nameChanged>true</nameChanged>
</TableCheckConstraint>
<TableCheckConstraint name="chk_aeropuertos_distintos" id="3B8F5A91-8314-B87C-16C2-31E1BAABF168">
<createdBy>Maximiliano</createdBy>
<createdTime>2025-08-18 01:56:11 UTC</createdTime>
<ownerDesignName>BT&amp;Airways</ownerDesignName>
<nameChanged>true</nameChanged>
</TableCheckConstraint>
</tableCheckConstraints>
<uniqueKeys>
<UniqueKey class="oracle.dbtools.crest.model.design.storage.oracle.v10g.UniqueOraclev10g" name="uq_vuelo_numero_fecha" id="F28FBF8D-36A2-FD4B-95B5-DD6D722CFE53">
<createdBy>Maximiliano</createdBy>
<createdTime>2025-08-18 01:56:11 UTC</createdTime>
<ownerDesignName>BT&amp;Airways</ownerDesignName>
<indexSort>SORTED</indexSort>
</UniqueKey>
</uniqueKeys>
</TableProxyOraclev20c>