<?xml version = '1.0' encoding = 'UTF-8'?>
<TableProxyOraclev20c class="oracle.dbtools.crest.model.design.storage.oracle.v20c.TableProxyOraclev20c" name="Empleado" directorySegmentName="seg_0" id="DC11A911-ADF3-6F78-9762-D7D360B867AB">
<createdBy>Maximiliano</createdBy>
<createdTime>2025-08-18 01:56:11 UTC</createdTime>
<ownerDesignName>BT&amp;Airways</ownerDesignName>
<logging>YES</logging>
<partitionedRowMovement>DISABLE</partitionedRowMovement>
<temporaryChanged>false</temporaryChanged>
<accessDriverType>oracle_loader</accessDriverType>
<rejectLimit></rejectLimit>
<columnProxies itemClass="oracle.dbtools.crest.model.design.storage.oracle.v12c.ColumnProxyOraclev12c">
<ColumnProxy name="genero" id="05C0CEC5-0603-A12B-D09A-F794FD64FAD6">
<createdBy>Maximiliano</createdBy>
<createdTime>2025-08-18 01:56:11 UTC</createdTime>
<ownerDesignName>BT&amp;Airways</ownerDesignName>
</ColumnProxy>
<ColumnProxy name="empleado_id" id="38C64AEF-410E-AB82-58AB-2706BF408EA0">
<createdBy>Maximiliano</createdBy>
<createdTime>2025-08-18 01:56:11 UTC</createdTime>
<ownerDesignName>BT&amp;Airways</ownerDesignName>
</ColumnProxy>
<ColumnProxy name="nombre_completo" id="5585AB91-A2AE-54F9-0489-DB9160BDAF71">
<createdBy>Maximiliano</createdBy>
<createdTime>2025-08-18 01:56:11 UTC</createdTime>
<ownerDesignName>BT&amp;Airways</ownerDesignName>
</ColumnProxy>
<ColumnProxy name="direccion" id="897DDC7C-8A6B-FB94-C3F4-867550BEA4FB">
<createdBy>Maximiliano</createdBy>
<createdTime>2025-08-18 01:56:11 UTC</createdTime>
<ownerDesignName>BT&amp;Airways</ownerDesignName>
</ColumnProxy>
<ColumnProxy name="sueldo_base" id="8EDC9E76-D60D-6255-90F5-68B70D406474">
<createdBy>Maximiliano</createdBy>
<createdTime>2025-08-18 01:56:11 UTC</createdTime>
<ownerDesignName>BT&amp;Airways</ownerDesignName>
</ColumnProxy>
<ColumnProxy name="fecha_ingreso" id="CD8A2E87-9F3E-AC43-D403-9500B1CBBC99">
<createdBy>Maximiliano</createdBy>
<createdTime>2025-08-18 01:56:11 UTC</createdTime>
<ownerDesignName>BT&amp;Airways</ownerDesignName>
</ColumnProxy>
<ColumnProxy name="telefono_contacto" id="E69F6B0D-304D-06CE-C7BF-02CAD835D00D">
<createdBy>Maximiliano</createdBy>
<createdTime>2025-08-18 01:56:11 UTC</createdTime>
<ownerDesignName>BT&amp;Airways</ownerDesignName>
</ColumnProxy>
<ColumnProxy name="telefono_movil" id="F59E035E-6D8B-1A56-7DC9-A120041B8341">
<createdBy>Maximiliano</createdBy>
<createdTime>2025-08-18 01:56:11 UTC</createdTime>
<ownerDesignName>BT&amp;Airways</ownerDesignName>
</ColumnProxy>
<ColumnProxy name="rut" id="F9B167CB-E044-290F-28B9-A0079D63C2C4">
<createdBy>Maximiliano</createdBy>
<createdTime>2025-08-18 01:56:11 UTC</createdTime>
<ownerDesignName>BT&amp;Airways</ownerDesignName>
</ColumnProxy>
</columnProxies>
<primaryKeys>
<PrimaryKey class="oracle.dbtools.crest.model.design.storage.oracle.v10g.PKProxyOraclev10g" name="empleado_PK" id="7C3C8F7F-CDDD-A4B4-F2C7-C2FD1F009EE6">
<createdBy>Maximiliano</createdBy>
<createdTime>2025-08-18 01:56:11 UTC</createdTime>
<ownerDesignName>BT&amp;Airways</ownerDesignName>
<indexSort>SORTED</indexSort>
</PrimaryKey>
</primaryKeys>
<uniqueKeys>
<UniqueKey class="oracle.dbtools.crest.model.design.storage.oracle.v10g.UniqueOraclev10g" name="INDEX_1" id="A9D2BEB4-6B23-496C-9CCE-9ABE12CFCEBF">
<createdBy>Maximiliano</createdBy>
<createdTime>2025-08-18 01:56:11 UTC</createdTime>
<ownerDesignName>BT&amp;Airways</ownerDesignName>
<nameChanged>true</nameChanged>
<indexSort>SORTED</indexSort>
</UniqueKey>
</uniqueKeys>
</TableProxyOraclev20c>