<?xml version = '1.0' encoding = 'UTF-8'?>
<Diagram class="oracle.dbtools.crest.swingui.relational.DPVRelational" name="Relational_1" id="F5902DFF-80AA-4318-AD56-FFE7017407A8">
<createdBy>Maximiliano</createdBy>
<modifiedBy>Maximiliano</modifiedBy>
<createdTime>2025-09-12 03:22:20 UTC</createdTime>
<autoRoute>false</autoRoute>
<boxInbox>true</boxInbox>
<showLegend>false</showLegend>
<showLabels>false</showLabels>
<showRelAttributes>false</showRelAttributes>
<gridEnabled>false</gridEnabled>
<showGrid>false</showGrid>
<diagramColor>-1</diagramColor>
<display>false</display>
<notation>1</notation>
<objectViews>
<OView class="oracle.dbtools.crest.swingui.relational.TVTable" oid="0D5DFA33-E58D-A890-AFD0-37C2B973CE31" otype="Table" vid="6201D69D-1800-D2CE-ECA3-C6DD189DDE83">
<hideElementsInCurrentOnly>false</hideElementsInCurrentOnly>
<bounds x="1017" y="6" width="356" height="136"/>
</OView>
<OView class="oracle.dbtools.crest.swingui.relational.TVTable" oid="0F267E1D-2964-8D7F-B22F-81FACF14A88B" otype="Table" vid="E2191560-4896-E3C7-3370-299DF717F9BE">
<hideElementsInCurrentOnly>false</hideElementsInCurrentOnly>
<bounds x="20" y="621" width="247" height="89"/>
</OView>
<OView class="oracle.dbtools.crest.swingui.relational.TVTable" oid="2E20E54A-348B-10E3-6B4F-4520F3B7A662" otype="Table" vid="29F7C997-0442-4614-7A67-206226A532E2">
<hideElementsInCurrentOnly>false</hideElementsInCurrentOnly>
<bounds x="601" y="0" width="315" height="234"/>
</OView>
<OView class="oracle.dbtools.crest.swingui.relational.TVTable" oid="3ED9CA6D-448C-C369-3C07-0E16F0231740" otype="Table" vid="26CF0A47-343A-C5AE-C40D-D3218DDEE54C">
<hideElementsInCurrentOnly>false</hideElementsInCurrentOnly>
<bounds x="1227" y="157" width="189" height="116"/>
</OView>
<OView class="oracle.dbtools.crest.swingui.relational.TVTable" oid="54DBE87B-D1E5-FDC7-66AF-D95BDAEB1908" otype="Table" vid="3F82FEAF-0EC5-281F-77B5-CA4A88DCD413">
<hideElementsInCurrentOnly>false</hideElementsInCurrentOnly>
<bounds x="295" y="621" width="264" height="91"/>
</OView>
<OView class="oracle.dbtools.crest.swingui.relational.TVTable" oid="5E7DF041-0FA7-80C6-5D4A-671ABCE0B0D4" otype="Table" vid="F52E1D88-81A7-8339-A7EE-E97E02EE410B">
<hideElementsInCurrentOnly>false</hideElementsInCurrentOnly>
<bounds x="952" y="429" width="222" height="130"/>
</OView>
<OView class="oracle.dbtools.crest.swingui.relational.TVTable" oid="6558FF01-B8D2-ED5C-087C-B425A14FD128" otype="Table" vid="7D97FA0E-06CA-97D5-C27D-AC3246DC27B1">
<hideElementsInCurrentOnly>false</hideElementsInCurrentOnly>
<bounds x="296" y="255" width="271" height="150"/>
</OView>
<OView class="oracle.dbtools.crest.swingui.relational.TVTable" oid="6C144458-2833-6C09-2623-365402498335" otype="Table" vid="6400A0B9-4059-8972-44C1-5D800D312926">
<hideElementsInCurrentOnly>false</hideElementsInCurrentOnly>
<bounds x="1208" y="281" width="259" height="122"/>
</OView>
<OView class="oracle.dbtools.crest.swingui.relational.TVTable" oid="9279E679-EF7D-3EB5-218F-0914893782AA" otype="Table" vid="E0AD2ACD-3C4F-9679-8061-9251CD6BF418">
<hideElementsInCurrentOnly>false</hideElementsInCurrentOnly>
<bounds x="40" y="25" width="205" height="88"/>
</OView>
<OView class="oracle.dbtools.crest.swingui.relational.TVTable" oid="99CAA8F2-B57A-B066-B8B2-5A960ACCD86D" otype="Table" vid="815654DA-0F5C-C7DA-0EE7-8C07AADDA4E9">
<hideElementsInCurrentOnly>false</hideElementsInCurrentOnly>
<bounds x="276" y="17" width="257" height="186"/>
</OView>
<OView class="oracle.dbtools.crest.swingui.relational.TVTable" oid="AA8A4D03-BDC8-0087-C91C-676D5AC290CD" otype="Table" vid="AAFC1F6E-B5EB-CF5C-FFC0-79294FF84227">
<hideElementsInCurrentOnly>false</hideElementsInCurrentOnly>
<bounds x="16" y="171" width="247" height="108"/>
</OView>
<OView class="oracle.dbtools.crest.swingui.relational.TVTable" oid="B6086567-A633-27AB-E7CF-BE3A1944AEBF" otype="Table" vid="D9EF163F-D2D4-78E5-BD2F-EC48A1677AC6">
<hideElementsInCurrentOnly>false</hideElementsInCurrentOnly>
<bounds x="585" y="275" width="300" height="136"/>
</OView>
<OView class="oracle.dbtools.crest.swingui.relational.TVTable" oid="BB7C2979-FCD2-70F5-21BD-DF3E3A3C4C49" otype="Table" vid="D5DCCAAF-3BE6-A670-765C-515C735B22ED">
<hideElementsInCurrentOnly>false</hideElementsInCurrentOnly>
<bounds x="579" y="620" width="293" height="130"/>
</OView>
<OView class="oracle.dbtools.crest.swingui.relational.TVTable" oid="C818F833-973F-994B-1953-3FD9FF00F255" otype="Table" vid="21125EE3-1827-0CA1-0255-FA611E3B1C6C">
<hideElementsInCurrentOnly>false</hideElementsInCurrentOnly>
<bounds x="29" y="340" width="259" height="229"/>
</OView>
<OView class="oracle.dbtools.crest.swingui.relational.TVTable" oid="CA245C02-B429-6E51-C7E5-E41AE3C22F84" otype="Table" vid="BEB52D61-CCDE-4AB2-C1E8-28AF5A244D8B">
<hideElementsInCurrentOnly>false</hideElementsInCurrentOnly>
<bounds x="1013" y="663" width="371" height="164"/>
</OView>
<OView class="oracle.dbtools.crest.swingui.relational.TVTable" oid="D37524B6-B6AC-0072-403E-FE848188F6D7" otype="Table" vid="8C95BB37-9EDE-E5B6-698B-B7AAC4C58DD9">
<hideElementsInCurrentOnly>false</hideElementsInCurrentOnly>
<bounds x="1231" y="468" width="214" height="88"/>
</OView>
<OView class="oracle.dbtools.crest.swingui.relational.TVTable" oid="D48AEACA-F627-1231-8625-5FCE9550BEE1" otype="Table" vid="2613FFC1-EA7F-B8C9-7947-5E03305D375B">
<hideElementsInCurrentOnly>false</hideElementsInCurrentOnly>
<bounds x="268" y="745" width="270" height="80"/>
</OView>
<OView class="oracle.dbtools.crest.swingui.relational.TVTable" oid="FF2C5EA9-2CA4-C1FD-B316-EE7A269EF3B1" otype="Table" vid="AB67534B-EA50-3835-52C1-D9B6F71DE0C3">
<hideElementsInCurrentOnly>false</hideElementsInCurrentOnly>
<bounds x="467" y="439" width="391" height="136"/>
</OView>
</objectViews>
<connectors>
<Connector class="oracle.dbtools.crest.swingui.relational.TVFKRelation" oid="01DDC8A3-93E6-00FE-512E-91D3A4AC759D" otype="FKIndexAssociation" vid_source="AB67534B-EA50-3835-52C1-D9B6F71DE0C3" vid_target="BEB52D61-CCDE-4AB2-C1E8-28AF5A244D8B">
<hideElementsInCurrentOnly>false</hideElementsInCurrentOnly>
<backgroundColor>-16777216</backgroundColor>
<lineWidth>1</lineWidth>
<points>
<point x="815" y="575"/>
<point x="1013" y="663"/>
</points>
</Connector>
<Connector class="oracle.dbtools.crest.swingui.relational.TVFKRelation" oid="1BE0A1CF-0953-9469-8D63-19E3A951228F" otype="FKIndexAssociation" vid_source="21125EE3-1827-0CA1-0255-FA611E3B1C6C" vid_target="815654DA-0F5C-C7DA-0EE7-8C07AADDA4E9">
<hideElementsInCurrentOnly>false</hideElementsInCurrentOnly>
<backgroundColor>-16777216</backgroundColor>
<lineWidth>1</lineWidth>
<points>
<point x="282" y="340"/>
<point x="282" y="203"/>
</points>
</Connector>
<Connector class="oracle.dbtools.crest.swingui.relational.TVFKRelation" oid="534BAD07-98EE-F019-2C04-8887D309A702" otype="FKIndexAssociation" vid_source="E0AD2ACD-3C4F-9679-8061-9251CD6BF418" vid_target="AAFC1F6E-B5EB-CF5C-FFC0-79294FF84227">
<hideElementsInCurrentOnly>false</hideElementsInCurrentOnly>
<backgroundColor>-16777216</backgroundColor>
<lineWidth>1</lineWidth>
<points>
<point x="142" y="113"/>
<point x="142" y="171"/>
</points>
</Connector>
<Connector class="oracle.dbtools.crest.swingui.relational.TVFKRelation" oid="6A783C9C-12CA-054E-E1C8-E7B8227748DD" otype="FKIndexAssociation" vid_source="6400A0B9-4059-8972-44C1-5D800D312926" vid_target="29F7C997-0442-4614-7A67-206226A532E2">
<hideElementsInCurrentOnly>false</hideElementsInCurrentOnly>
<backgroundColor>-16777216</backgroundColor>
<lineWidth>1</lineWidth>
<points>
<point x="1208" y="291"/>
<point x="916" y="178"/>
</points>
</Connector>
<Connector class="oracle.dbtools.crest.swingui.relational.TVFKRelation" oid="6A900626-CF17-376E-5804-60D9B50EDB55" otype="FKIndexAssociation" vid_source="29F7C997-0442-4614-7A67-206226A532E2" vid_target="6201D69D-1800-D2CE-ECA3-C6DD189DDE83">
<hideElementsInCurrentOnly>false</hideElementsInCurrentOnly>
<backgroundColor>-16777216</backgroundColor>
<lineWidth>1</lineWidth>
<points>
<point x="916" y="42"/>
<point x="1017" y="42"/>
</points>
</Connector>
<Connector class="oracle.dbtools.crest.swingui.relational.TVFKRelation" oid="6C21A790-3B8A-9290-DFD2-F15FC38DA587" otype="FKIndexAssociation" vid_source="29F7C997-0442-4614-7A67-206226A532E2" vid_target="815654DA-0F5C-C7DA-0EE7-8C07AADDA4E9">
<hideElementsInCurrentOnly>false</hideElementsInCurrentOnly>
<backgroundColor>-16777216</backgroundColor>
<lineWidth>1</lineWidth>
<points>
<point x="601" y="110"/>
<point x="533" y="110"/>
</points>
</Connector>
<Connector class="oracle.dbtools.crest.swingui.relational.TVFKRelation" oid="7A5A94DC-4395-7B41-53BE-127DF3DA957E" otype="FKIndexAssociation" vid_source="D9EF163F-D2D4-78E5-BD2F-EC48A1677AC6" vid_target="AB67534B-EA50-3835-52C1-D9B6F71DE0C3">
<hideElementsInCurrentOnly>false</hideElementsInCurrentOnly>
<backgroundColor>-16777216</backgroundColor>
<lineWidth>1</lineWidth>
<points>
<point x="721" y="411"/>
<point x="721" y="439"/>
</points>
</Connector>
<Connector class="oracle.dbtools.crest.swingui.relational.TVFKRelation" oid="7CF88AF4-5BBA-DF43-AE89-1DC26C2019C8" otype="FKIndexAssociation" vid_source="815654DA-0F5C-C7DA-0EE7-8C07AADDA4E9" vid_target="D9EF163F-D2D4-78E5-BD2F-EC48A1677AC6">
<hideElementsInCurrentOnly>false</hideElementsInCurrentOnly>
<backgroundColor>-16777216</backgroundColor>
<lineWidth>1</lineWidth>
<points>
<point x="533" y="200"/>
<point x="638" y="275"/>
</points>
</Connector>
<Connector class="oracle.dbtools.crest.swingui.relational.TVFKRelation" oid="88B5CA20-FDEC-7281-DF3A-FD730A79E6FE" otype="FKIndexAssociation" vid_source="26CF0A47-343A-C5AE-C40D-D3218DDEE54C" vid_target="29F7C997-0442-4614-7A67-206226A532E2">
<hideElementsInCurrentOnly>false</hideElementsInCurrentOnly>
<backgroundColor>-16777216</backgroundColor>
<lineWidth>1</lineWidth>
<points>
<point x="1227" y="195"/>
<point x="916" y="195"/>
</points>
</Connector>
<Connector class="oracle.dbtools.crest.swingui.relational.TVFKRelation" oid="A1ED516C-C904-0901-5472-65F60A474F24" otype="FKIndexAssociation" vid_source="815654DA-0F5C-C7DA-0EE7-8C07AADDA4E9" vid_target="7D97FA0E-06CA-97D5-C27D-AC3246DC27B1">
<hideElementsInCurrentOnly>false</hideElementsInCurrentOnly>
<backgroundColor>-16777216</backgroundColor>
<lineWidth>1</lineWidth>
<points>
<point x="414" y="203"/>
<point x="414" y="255"/>
</points>
</Connector>
<Connector class="oracle.dbtools.crest.swingui.relational.TVFKRelation" oid="B1CAB8F4-3AA7-FFF3-9BCB-EA65FAD685BE" otype="FKIndexAssociation" vid_source="8C95BB37-9EDE-E5B6-698B-B7AAC4C58DD9" vid_target="6400A0B9-4059-8972-44C1-5D800D312926">
<hideElementsInCurrentOnly>false</hideElementsInCurrentOnly>
<backgroundColor>-16777216</backgroundColor>
<lineWidth>1</lineWidth>
<points>
<point x="1338" y="468"/>
<point x="1338" y="403"/>
</points>
</Connector>
<Connector class="oracle.dbtools.crest.swingui.relational.TVFKRelation" oid="B36DBD62-2C0F-EB5B-E62B-E4C5B5F9798A" otype="FKIndexAssociation" vid_source="D5DCCAAF-3BE6-A670-765C-515C735B22ED" vid_target="AB67534B-EA50-3835-52C1-D9B6F71DE0C3">
<hideElementsInCurrentOnly>false</hideElementsInCurrentOnly>
<backgroundColor>-16777216</backgroundColor>
<lineWidth>1</lineWidth>
<points>
<point x="718" y="620"/>
<point x="718" y="575"/>
</points>
</Connector>
<Connector class="oracle.dbtools.crest.swingui.relational.TVFKRelation" oid="B3A891A7-7A10-9F1E-3817-0745E2BACDA2" otype="FKIndexAssociation" vid_source="21125EE3-1827-0CA1-0255-FA611E3B1C6C" vid_target="3F82FEAF-0EC5-281F-77B5-CA4A88DCD413">
<hideElementsInCurrentOnly>false</hideElementsInCurrentOnly>
<backgroundColor>-16777216</backgroundColor>
<lineWidth>1</lineWidth>
<points>
<point x="288" y="556"/>
<point x="369" y="621"/>
</points>
</Connector>
<Connector class="oracle.dbtools.crest.swingui.relational.TVFKRelation" oid="B48DB128-98FE-E486-EEB1-17A612858F25" otype="FKIndexAssociation" vid_source="29F7C997-0442-4614-7A67-206226A532E2" vid_target="6201D69D-1800-D2CE-ECA3-C6DD189DDE83">
<hideElementsInCurrentOnly>false</hideElementsInCurrentOnly>
<backgroundColor>-16777216</backgroundColor>
<lineWidth>1</lineWidth>
<points>
<point x="916" y="87"/>
<point x="1017" y="87"/>
</points>
</Connector>
<Connector class="oracle.dbtools.crest.swingui.relational.TVFKRelation" oid="D541C168-A2A9-D1D3-02BE-508AD3F7D100" otype="FKIndexAssociation" vid_source="8C95BB37-9EDE-E5B6-698B-B7AAC4C58DD9" vid_target="29F7C997-0442-4614-7A67-206226A532E2">
<hideElementsInCurrentOnly>false</hideElementsInCurrentOnly>
<backgroundColor>-16777216</backgroundColor>
<lineWidth>1</lineWidth>
<points>
<point x="1273" y="468"/>
<point x="916" y="224"/>
</points>
</Connector>
<Connector class="oracle.dbtools.crest.swingui.relational.TVFKRelation" oid="D63268C7-1D7B-4DB3-B4E4-7E81B9E977B2" otype="FKIndexAssociation" vid_source="21125EE3-1827-0CA1-0255-FA611E3B1C6C" vid_target="E2191560-4896-E3C7-3370-299DF717F9BE">
<hideElementsInCurrentOnly>false</hideElementsInCurrentOnly>
<backgroundColor>-16777216</backgroundColor>
<lineWidth>1</lineWidth>
<points>
<point x="148" y="569"/>
<point x="148" y="621"/>
</points>
</Connector>
<Connector class="oracle.dbtools.crest.swingui.relational.TVFKRelation" oid="E348B89F-FC7E-8AA0-1C1F-259DE484C73D" otype="FKIndexAssociation" vid_source="29F7C997-0442-4614-7A67-206226A532E2" vid_target="D9EF163F-D2D4-78E5-BD2F-EC48A1677AC6">
<hideElementsInCurrentOnly>false</hideElementsInCurrentOnly>
<backgroundColor>-16777216</backgroundColor>
<lineWidth>1</lineWidth>
<points>
<point x="743" y="234"/>
<point x="743" y="275"/>
</points>
</Connector>
<Connector class="oracle.dbtools.crest.swingui.relational.TVFKRelation" oid="E870EA60-5FAD-3438-CE8F-EFC0D2361D32" otype="FKIndexAssociation" vid_source="21125EE3-1827-0CA1-0255-FA611E3B1C6C" vid_target="2613FFC1-EA7F-B8C9-7947-5E03305D375B">
<hideElementsInCurrentOnly>false</hideElementsInCurrentOnly>
<backgroundColor>-16777216</backgroundColor>
<lineWidth>1</lineWidth>
<points>
<point x="278" y="569"/>
<point x="278" y="745"/>
</points>
</Connector>
<Connector class="oracle.dbtools.crest.swingui.relational.TVFKRelation" oid="E92F306E-51C9-1A3A-EBCF-D7C39AD26EAF" otype="FKIndexAssociation" vid_source="F52E1D88-81A7-8339-A7EE-E97E02EE410B" vid_target="29F7C997-0442-4614-7A67-206226A532E2">
<hideElementsInCurrentOnly>false</hideElementsInCurrentOnly>
<backgroundColor>-16777216</backgroundColor>
<lineWidth>1</lineWidth>
<points>
<point x="1010" y="429"/>
<point x="853" y="234"/>
</points>
</Connector>
<Connector class="oracle.dbtools.crest.swingui.relational.TVFKRelation" oid="FFCAC5F0-6291-BD7C-0760-73F8D29B87A4" otype="FKIndexAssociation" vid_source="AAFC1F6E-B5EB-CF5C-FFC0-79294FF84227" vid_target="21125EE3-1827-0CA1-0255-FA611E3B1C6C">
<hideElementsInCurrentOnly>false</hideElementsInCurrentOnly>
<backgroundColor>-16777216</backgroundColor>
<lineWidth>1</lineWidth>
<points>
<point x="146" y="279"/>
<point x="146" y="340"/>
</points>
</Connector>
</connectors>
<arcs>
<Arc class="oracle.dbtools.crest.swingui.relational.TVFKArc" oid="35D9FEDA-3E56-CE9E-7323-C5EAA2D156AE" otype="FKArc" vid="2F9D3DBB-2BCD-97F9-0789-C21C8803A160">
<hideElementsInCurrentOnly>false</hideElementsInCurrentOnly>
<bounds x="9" y="320" width="299" height="269"/>
</Arc>
</arcs>
</Diagram>