<?xml version = '1.0' encoding = 'UTF-8'?>
<Entity class="oracle.dbtools.crest.model.design.logical.Entity" directorySegmentName="seg_0" id="055DCA44-543A-C2C6-25D3-C2A6235B015F" name="Cuidador">
<createdBy>Maximiliano</createdBy>
<createdTime>2025-08-28 01:53:13 UTC</createdTime>
<generatorID>EC066A26-8566-8D90-00E0-6754201D21EC</generatorID>
<ownerDesignName>vivir_mejor</ownerDesignName>
<engineerTo>
<item key="2A1F1061-4E6E-13C8-2A50-934EF980C1BA" value="true"/>
</engineerTo>
<adequatelyNormalized>NO</adequatelyNormalized>
<expectedVolumes>0</expectedVolumes>
<fwdEngineeringStrategyName>Single Table</fwdEngineeringStrategyName>
<growthPercent>0</growthPercent>
<growthType>Year</growthType>
<maxVolumes>9999999</maxVolumes>
<minVolumes>0</minVolumes>
<normalForm>Third</normalForm>
<attributes itemClass="oracle.dbtools.crest.model.design.logical.Attribute">
<Attribute name="Rut_Personal" id="A0A371BA-F243-20C8-8D35-D7AD71641ADD">
<createdBy>Maximiliano</createdBy>
<createdTime>2025-08-28 03:44:43 UTC</createdTime>
<generatorID>E0EA6176-0C97-2599-74CB-3215EED67241</generatorID>
<ownerDesignName>vivir_mejor</ownerDesignName>
<engineerTo>
<item key="2A1F1061-4E6E-13C8-2A50-934EF980C1BA" value="true"/>
</engineerTo>
<referedAttribute>AB9D1D06-CC0C-BD41-21F2-4B64F66160B6</referedAttribute>
<useDomainConstraints>false</useDomainConstraints>
<use>1</use>
<logicalDatatype>LOGDT024</logicalDatatype>
<dataTypeSize>12 CHAR</dataTypeSize>
<ownDataTypeParameters>12 CHAR,,</ownDataTypeParameters>
</Attribute>
<Attribute name="Ficha Basica" id="E88245C9-AD66-7778-ACDA-30A1D3B028B8">
<createdBy>Maximiliano</createdBy>
<createdTime>2025-08-28 01:53:13 UTC</createdTime>
<generatorID>C2E491D0-2AB0-6085-ACB2-4FB552E0471A</generatorID>
<ownerDesignName>vivir_mejor</ownerDesignName>
<engineerTo>
<item key="2A1F1061-4E6E-13C8-2A50-934EF980C1BA" value="true"/>
</engineerTo>
<nullsAllowed>true</nullsAllowed>
<useDomainConstraints>false</useDomainConstraints>
<use>1</use>
<logicalDatatype>LOGDT024</logicalDatatype>
<dataTypeSize>50 CHAR</dataTypeSize>
<ownDataTypeParameters>50 CHAR,,</ownDataTypeParameters>
</Attribute>
</attributes>
<identifiers itemClass="oracle.dbtools.crest.model.design.logical.CandidateKey">
<identifier id="6075CEC7-0351-D8E7-9058-A13C0B1D700F" name="Cuidador PK">
<createdBy>Maximiliano</createdBy>
<createdTime>2025-08-28 01:53:13 UTC</createdTime>
<generatorID>6292FB88-8632-CF12-CBC7-928838444D4C</generatorID>
<ownerDesignName>vivir_mejor</ownerDesignName>
<engineerTo>
<item key="2A1F1061-4E6E-13C8-2A50-934EF980C1BA" value="true"/>
</engineerTo>
<pk>true</pk>
<usedAttributes>
<attributeRef>A0A371BA-F243-20C8-8D35-D7AD71641ADD</attributeRef>
</usedAttributes>
</identifier>
</identifiers>
</Entity>