<?xml version = '1.0' encoding = 'UTF-8'?>
<Entity class="oracle.dbtools.crest.model.design.logical.Entity" directorySegmentName="seg_0" id="419E99AF-E889-26B4-589B-0A34A047038D" name="Medico">
<createdBy>Maximiliano</createdBy>
<createdTime>2025-09-02 02:31:51 UTC</createdTime>
<ownerDesignName>vivir_mejor</ownerDesignName>
<engineerTo>
<item key="2A1F1061-4E6E-13C8-2A50-934EF980C1BA" value="true"/>
</engineerTo>
<adequatelyNormalized>NO</adequatelyNormalized>
<expectedVolumes>0</expectedVolumes>
<fwdEngineeringStrategyName>Single Table</fwdEngineeringStrategyName>
<growthPercent>0</growthPercent>
<growthType>Year</growthType>
<maxVolumes>9999999</maxVolumes>
<minVolumes>0</minVolumes>
<normalForm>Third</normalForm>
<attributes itemClass="oracle.dbtools.crest.model.design.logical.Attribute">
<Attribute name="Rut_Personal" id="50FA6D0A-C2DC-AB31-A3C4-C9273C414E52">
<createdBy>Maximiliano</createdBy>
<createdTime>2025-09-02 02:37:44 UTC</createdTime>
<generatorID>94F16D22-1AFD-F42F-E145-69E3F916200F</generatorID>
<ownerDesignName>vivir_mejor</ownerDesignName>
<engineerTo>
<item key="2A1F1061-4E6E-13C8-2A50-934EF980C1BA" value="true"/>
</engineerTo>
<referedAttribute>AB9D1D06-CC0C-BD41-21F2-4B64F66160B6</referedAttribute>
<useDomainConstraints>false</useDomainConstraints>
<use>1</use>
<logicalDatatype>LOGDT024</logicalDatatype>
<dataTypeSize>12 CHAR</dataTypeSize>
<ownDataTypeParameters>,,</ownDataTypeParameters>
</Attribute>
<Attribute name="Especialidad" id="019B10AF-FEEB-E89B-725A-29D12E6E9299">
<createdBy>Maximiliano</createdBy>
<createdTime>2025-09-02 02:39:32 UTC</createdTime>
<ownerDesignName>vivir_mejor</ownerDesignName>
<engineerTo>
<item key="2A1F1061-4E6E-13C8-2A50-934EF980C1BA" value="true"/>
</engineerTo>
<useDomainConstraints>false</useDomainConstraints>
<use>1</use>
<logicalDatatype>LOGDT024</logicalDatatype>
<dataTypeSize>50 CHAR</dataTypeSize>
<ownDataTypeParameters>50 CHAR,,</ownDataTypeParameters>
</Attribute>
<Attribute name="Rut_Supervisor" id="A147C7E1-EB84-1694-B88C-3004A1B97255">
<createdBy>Maximiliano</createdBy>
<createdTime>2025-09-02 02:49:40 UTC</createdTime>
<generatorID>10B003B4-0DE5-FF67-1103-9807B3264F76</generatorID>
<ownerDesignName>vivir_mejor</ownerDesignName>
<engineerTo>
<item key="2A1F1061-4E6E-13C8-2A50-934EF980C1BA" value="true"/>
</engineerTo>
<nullsAllowed>true</nullsAllowed>
<referedAttribute>50FA6D0A-C2DC-AB31-A3C4-C9273C414E52</referedAttribute>
<useDomainConstraints>false</useDomainConstraints>
<use>1</use>
<logicalDatatype>LOGDT024</logicalDatatype>
<dataTypeSize>12 CHAR</dataTypeSize>
<ownDataTypeParameters>,,</ownDataTypeParameters>
</Attribute>
</attributes>
<identifiers itemClass="oracle.dbtools.crest.model.design.logical.CandidateKey">
<identifier id="B22B288A-F515-8155-5D40-27059546C1A2" name="Medico PK">
<createdBy>Maximiliano</createdBy>
<createdTime>2025-09-02 02:38:13 UTC</createdTime>
<ownerDesignName>vivir_mejor</ownerDesignName>
<engineerTo>
<item key="2A1F1061-4E6E-13C8-2A50-934EF980C1BA" value="true"/>
</engineerTo>
<pk>true</pk>
<usedAttributes>
<attributeRef>50FA6D0A-C2DC-AB31-A3C4-C9273C414E52</attributeRef>
</usedAttributes>
</identifier>
</identifiers>
</Entity>