<?xml version = '1.0' encoding = 'UTF-8'?>
<Entity class="oracle.dbtools.crest.model.design.logical.Entity" directorySegmentName="seg_0" id="80511D84-CBDE-4FC7-10BC-B55EC1C7BFEC" name="Personal">
<createdBy>Maximiliano</createdBy>
<createdTime>2025-08-28 01:53:13 UTC</createdTime>
<generatorID>542C20CB-C5B2-F9A1-DD8D-AB35BD34ECA1</generatorID>
<ownerDesignName>vivir_mejor</ownerDesignName>
<engineerTo>
<item key="2A1F1061-4E6E-13C8-2A50-934EF980C1BA" value="true"/>
</engineerTo>
<adequatelyNormalized>NO</adequatelyNormalized>
<expectedVolumes>0</expectedVolumes>
<fwdEngineeringStrategyName>Single Table</fwdEngineeringStrategyName>
<growthPercent>0</growthPercent>
<growthType>Year</growthType>
<maxVolumes>9999999</maxVolumes>
<minVolumes>0</minVolumes>
<normalForm>Third</normalForm>
<attributes itemClass="oracle.dbtools.crest.model.design.logical.Attribute">
<Attribute name="Rut_Personal" id="AB9D1D06-CC0C-BD41-21F2-4B64F66160B6">
<createdBy>Maximiliano</createdBy>
<createdTime>2025-08-28 01:53:13 UTC</createdTime>
<generatorID>DE192F24-B066-4EA6-99D0-159F093DA86D</generatorID>
<ownerDesignName>vivir_mejor</ownerDesignName>
<engineerTo>
<item key="2A1F1061-4E6E-13C8-2A50-934EF980C1BA" value="true"/>
</engineerTo>
<useDomainConstraints>false</useDomainConstraints>
<use>1</use>
<logicalDatatype>LOGDT024</logicalDatatype>
<dataTypeSize>12 CHAR</dataTypeSize>
<ownDataTypeParameters>12 CHAR,,</ownDataTypeParameters>
</Attribute>
<Attribute name="Nombre" id="3BB4479B-101C-031A-84EA-6C0A7A72E0AE">
<createdBy>Maximiliano</createdBy>
<createdTime>2025-08-28 01:53:13 UTC</createdTime>
<generatorID>7D7EA8D5-334C-71CE-3A37-BF3566D32700</generatorID>
<ownerDesignName>vivir_mejor</ownerDesignName>
<engineerTo>
<item key="2A1F1061-4E6E-13C8-2A50-934EF980C1BA" value="true"/>
</engineerTo>
<useDomainConstraints>false</useDomainConstraints>
<use>1</use>
<logicalDatatype>LOGDT024</logicalDatatype>
<dataTypeSize>50 CHAR</dataTypeSize>
<ownDataTypeParameters>50 CHAR,,</ownDataTypeParameters>
</Attribute>
<Attribute name="Fecha_Ingreso" id="DED4648D-1ECF-BC5D-F961-54C1905663FA">
<createdBy>Maximiliano</createdBy>
<createdTime>2025-08-28 01:53:13 UTC</createdTime>
<generatorID>E137C193-BD0B-7B12-D6A0-0137FED1D1B4</generatorID>
<ownerDesignName>vivir_mejor</ownerDesignName>
<engineerTo>
<item key="2A1F1061-4E6E-13C8-2A50-934EF980C1BA" value="true"/>
</engineerTo>
<useDomainConstraints>false</useDomainConstraints>
<use>1</use>
<logicalDatatype>LOGDT007</logicalDatatype>
<ownDataTypeParameters>,,</ownDataTypeParameters>
</Attribute>
<Attribute name="ID_Residencia" id="FE9FEE22-0E74-BE8D-623E-56C352DCF959">
<createdBy>Maximiliano</createdBy>
<createdTime>2025-08-28 02:05:06 UTC</createdTime>
<generatorID>ED7ADD0F-0E2C-FDFB-60B1-66E60CEF9D46</generatorID>
<ownerDesignName>vivir_mejor</ownerDesignName>
<engineerTo>
<item key="2A1F1061-4E6E-13C8-2A50-934EF980C1BA" value="true"/>
</engineerTo>
<referedAttribute>9942DDE4-22D7-EDD8-1E19-7A618D4C4EAA</referedAttribute>
<useDomainConstraints>false</useDomainConstraints>
<use>1</use>
<logicalDatatype>LOGDT024</logicalDatatype>
<dataTypeSize>10 CHAR</dataTypeSize>
<ownDataTypeParameters>10 CHAR,,</ownDataTypeParameters>
</Attribute>
</attributes>
<identifiers itemClass="oracle.dbtools.crest.model.design.logical.CandidateKey">
<identifier id="F1CBFF6C-0201-645F-8A79-E15E07BD9FF0" name="Personal PK">
<createdBy>Maximiliano</createdBy>
<createdTime>2025-08-28 01:53:13 UTC</createdTime>
<generatorID>CC4A2A9C-45E5-F675-A4FB-7882DD294AFC</generatorID>
<ownerDesignName>vivir_mejor</ownerDesignName>
<engineerTo>
<item key="2A1F1061-4E6E-13C8-2A50-934EF980C1BA" value="true"/>
</engineerTo>
<pk>true</pk>
<usedAttributes>
<attributeRef>AB9D1D06-CC0C-BD41-21F2-4B64F66160B6</attributeRef>
</usedAttributes>
</identifier>
</identifiers>
</Entity>