<?xml version = '1.0' encoding = 'UTF-8'?>
<Entity class="oracle.dbtools.crest.model.design.logical.Entity" directorySegmentName="seg_0" id="B762CDC1-2A95-2E3A-EEF1-9F5FBA491D8E" name="Asignacion_Habitacion">
<createdBy>Maximiliano</createdBy>
<createdTime>2025-09-02 00:35:52 UTC</createdTime>
<ownerDesignName>vivir_mejor</ownerDesignName>
<engineerTo>
<item key="2A1F1061-4E6E-13C8-2A50-934EF980C1BA" value="true"/>
</engineerTo>
<adequatelyNormalized>NO</adequatelyNormalized>
<expectedVolumes>0</expectedVolumes>
<fwdEngineeringStrategyName>Single Table</fwdEngineeringStrategyName>
<growthPercent>0</growthPercent>
<growthType>Year</growthType>
<maxVolumes>9999999</maxVolumes>
<minVolumes>0</minVolumes>
<normalForm>Third</normalForm>
<attributes itemClass="oracle.dbtools.crest.model.design.logical.Attribute">
<Attribute name="id_asignacion" id="00ECF4C0-C52F-217D-8689-C2A8EFD07AB2">
<createdBy>Maximiliano</createdBy>
<createdTime>2025-09-02 00:36:44 UTC</createdTime>
<ownerDesignName>vivir_mejor</ownerDesignName>
<engineerTo>
<item key="2A1F1061-4E6E-13C8-2A50-934EF980C1BA" value="true"/>
</engineerTo>
<useDomainConstraints>false</useDomainConstraints>
<use>1</use>
<logicalDatatype>LOGDT024</logicalDatatype>
<dataTypeSize>20 CHAR</dataTypeSize>
<ownDataTypeParameters>20 CHAR,,</ownDataTypeParameters>
</Attribute>
<Attribute name="fecha_inicio" id="E442384B-6144-0CE9-19EA-909089BEC341">
<createdBy>Maximiliano</createdBy>
<createdTime>2025-09-02 00:37:27 UTC</createdTime>
<ownerDesignName>vivir_mejor</ownerDesignName>
<engineerTo>
<item key="2A1F1061-4E6E-13C8-2A50-934EF980C1BA" value="true"/>
</engineerTo>
<useDomainConstraints>false</useDomainConstraints>
<use>1</use>
<logicalDatatype>LOGDT007</logicalDatatype>
<ownDataTypeParameters>,,</ownDataTypeParameters>
</Attribute>
<Attribute name="fecha_termino" id="58060939-8FE1-960D-A241-2BCDDD470836">
<createdBy>Maximiliano</createdBy>
<createdTime>2025-09-02 00:38:11 UTC</createdTime>
<ownerDesignName>vivir_mejor</ownerDesignName>
<engineerTo>
<item key="2A1F1061-4E6E-13C8-2A50-934EF980C1BA" value="true"/>
</engineerTo>
<nullsAllowed>true</nullsAllowed>
<useDomainConstraints>false</useDomainConstraints>
<use>1</use>
<logicalDatatype>LOGDT007</logicalDatatype>
<ownDataTypeParameters>,,</ownDataTypeParameters>
</Attribute>
<Attribute name="ID_Habitacion" id="38C29089-1FB2-6F41-7B3E-B36E89BF7818">
<createdBy>Maximiliano</createdBy>
<createdTime>2025-09-02 00:39:16 UTC</createdTime>
<generatorID>EBA88A37-26A8-72D7-94FC-2C14626FE7AE</generatorID>
<ownerDesignName>vivir_mejor</ownerDesignName>
<engineerTo>
<item key="2A1F1061-4E6E-13C8-2A50-934EF980C1BA" value="true"/>
</engineerTo>
<referedAttribute>1F81AF71-DCBC-AEE0-18AD-AA044B61C7CA</referedAttribute>
<useDomainConstraints>false</useDomainConstraints>
<use>1</use>
<logicalDatatype>LOGDT024</logicalDatatype>
<dataTypeSize>10 CHAR</dataTypeSize>
<ownDataTypeParameters>10 CHAR,,</ownDataTypeParameters>
</Attribute>
<Attribute name="ID_Anexo" id="006F3769-3298-71F5-783F-D5E7EA593168">
<createdBy>Maximiliano</createdBy>
<createdTime>2025-09-02 00:40:22 UTC</createdTime>
<generatorID>15D29391-3E4E-7E0B-E297-F04BFBED20A9</generatorID>
<ownerDesignName>vivir_mejor</ownerDesignName>
<engineerTo>
<item key="2A1F1061-4E6E-13C8-2A50-934EF980C1BA" value="true"/>
</engineerTo>
<referedAttribute>401EDE05-7B47-E7D6-92E8-F1BE7F79290A</referedAttribute>
<useDomainConstraints>false</useDomainConstraints>
<use>1</use>
<logicalDatatype>LOGDT024</logicalDatatype>
<dataTypeSize>10 CHAR</dataTypeSize>
<ownDataTypeParameters>10 CHAR,,</ownDataTypeParameters>
</Attribute>
</attributes>
<identifiers itemClass="oracle.dbtools.crest.model.design.logical.CandidateKey">
<identifier id="1A76CEE8-5BDA-AE4A-6BD6-FD00ACDA2913" name="Asignacion_Habitacion PK">
<createdBy>Maximiliano</createdBy>
<createdTime>2025-09-02 00:36:54 UTC</createdTime>
<ownerDesignName>vivir_mejor</ownerDesignName>
<engineerTo>
<item key="2A1F1061-4E6E-13C8-2A50-934EF980C1BA" value="true"/>
</engineerTo>
<pk>true</pk>
<usedAttributes>
<attributeRef>00ECF4C0-C52F-217D-8689-C2A8EFD07AB2</attributeRef>
</usedAttributes>
</identifier>
</identifiers>
</Entity>