<?xml version = '1.0' encoding = 'UTF-8'?>
<Entity class="oracle.dbtools.crest.model.design.logical.Entity" directorySegmentName="seg_0" id="D5319BA6-9E23-8708-42AD-E9EB9C4E76E5" name="Habitacion">
<createdBy>Maximiliano</createdBy>
<createdTime>2025-08-28 01:53:13 UTC</createdTime>
<generatorID>81A906D2-92FD-4FD5-0CD3-216970FC7FBF</generatorID>
<ownerDesignName>vivir_mejor</ownerDesignName>
<engineerTo>
<item key="2A1F1061-4E6E-13C8-2A50-934EF980C1BA" value="true"/>
</engineerTo>
<adequatelyNormalized>NO</adequatelyNormalized>
<expectedVolumes>0</expectedVolumes>
<fwdEngineeringStrategyName>Single Table</fwdEngineeringStrategyName>
<growthPercent>0</growthPercent>
<growthType>Year</growthType>
<maxVolumes>9999999</maxVolumes>
<minVolumes>0</minVolumes>
<normalForm>Third</normalForm>
<attributes itemClass="oracle.dbtools.crest.model.design.logical.Attribute">
<Attribute name="ID_Habitacion" id="1F81AF71-DCBC-AEE0-18AD-AA044B61C7CA">
<createdBy>Maximiliano</createdBy>
<createdTime>2025-08-28 01:53:13 UTC</createdTime>
<generatorID>CACAD40D-DA23-0DB6-B595-44132D25F36E</generatorID>
<ownerDesignName>vivir_mejor</ownerDesignName>
<engineerTo>
<item key="2A1F1061-4E6E-13C8-2A50-934EF980C1BA" value="true"/>
</engineerTo>
<useDomainConstraints>false</useDomainConstraints>
<use>1</use>
<logicalDatatype>LOGDT024</logicalDatatype>
<dataTypeSize>10 CHAR</dataTypeSize>
<ownDataTypeParameters>10 CHAR,,</ownDataTypeParameters>
</Attribute>
<Attribute name="Numero" id="588218E6-808D-8BF3-600D-890DE71C6960">
<createdBy>Maximiliano</createdBy>
<createdTime>2025-08-28 01:53:13 UTC</createdTime>
<generatorID>E355D28C-74DA-BB57-ADB9-8A521FB1B888</generatorID>
<ownerDesignName>vivir_mejor</ownerDesignName>
<engineerTo>
<item key="2A1F1061-4E6E-13C8-2A50-934EF980C1BA" value="true"/>
</engineerTo>
<useDomainConstraints>false</useDomainConstraints>
<use>1</use>
<logicalDatatype>LOGDT011</logicalDatatype>
<ownDataTypeParameters>,,</ownDataTypeParameters>
</Attribute>
<Attribute name="Tipo" id="AB5D8555-C36E-229D-CE01-A7D50B8B14BA">
<createdBy>Maximiliano</createdBy>
<createdTime>2025-08-28 01:53:13 UTC</createdTime>
<generatorID>75AF0B6E-9D11-211D-160B-CE075627D975</generatorID>
<ownerDesignName>vivir_mejor</ownerDesignName>
<engineerTo>
<item key="2A1F1061-4E6E-13C8-2A50-934EF980C1BA" value="true"/>
</engineerTo>
<nullsAllowed>true</nullsAllowed>
<useDomainConstraints>false</useDomainConstraints>
<use>1</use>
<logicalDatatype>LOGDT024</logicalDatatype>
<dataTypeSize>20 CHAR</dataTypeSize>
<listOfValues>
<valueDef value="Compartida" description=""/>
<valueDef value="Individual" description=""/>
</listOfValues>
<ownDataTypeParameters>20 CHAR,,</ownDataTypeParameters>
</Attribute>
<Attribute name="Estado" id="C6F3BC6F-B5B3-ECCB-0EFD-92763CDE2212">
<createdBy>Maximiliano</createdBy>
<createdTime>2025-08-28 01:53:13 UTC</createdTime>
<generatorID>45DC1615-B179-71B8-67F3-2801CC86E718</generatorID>
<ownerDesignName>vivir_mejor</ownerDesignName>
<engineerTo>
<item key="2A1F1061-4E6E-13C8-2A50-934EF980C1BA" value="true"/>
</engineerTo>
<nullsAllowed>true</nullsAllowed>
<useDomainConstraints>false</useDomainConstraints>
<use>1</use>
<logicalDatatype>LOGDT024</logicalDatatype>
<dataTypeSize>20</dataTypeSize>
<listOfValues>
<valueDef value="Disponible" description=""/>
<valueDef value="Ocupada" description=""/>
</listOfValues>
<ownDataTypeParameters>20,,</ownDataTypeParameters>
</Attribute>
<Attribute name="ID_Residencia" id="93DEF09C-50DF-7C60-2581-FF35CDFD1033">
<createdBy>Maximiliano</createdBy>
<createdTime>2025-08-28 02:05:06 UTC</createdTime>
<generatorID>F35BB783-C4FE-ADBA-232D-738D4E639666</generatorID>
<ownerDesignName>vivir_mejor</ownerDesignName>
<engineerTo>
<item key="2A1F1061-4E6E-13C8-2A50-934EF980C1BA" value="true"/>
</engineerTo>
<referedAttribute>9942DDE4-22D7-EDD8-1E19-7A618D4C4EAA</referedAttribute>
<useDomainConstraints>false</useDomainConstraints>
<use>1</use>
<logicalDatatype>LOGDT024</logicalDatatype>
<dataTypeSize>10 CHAR</dataTypeSize>
<ownDataTypeParameters>10 CHAR,,</ownDataTypeParameters>
</Attribute>
</attributes>
<identifiers itemClass="oracle.dbtools.crest.model.design.logical.CandidateKey">
<identifier id="2491A5E3-ED33-7A61-8DBE-CDFAB92BEAD1" name="Habitacion PK">
<createdBy>Maximiliano</createdBy>
<createdTime>2025-08-28 01:53:13 UTC</createdTime>
<generatorID>1813AE8E-B7FD-949A-EC77-BD35EBE8158E</generatorID>
<ownerDesignName>vivir_mejor</ownerDesignName>
<engineerTo>
<item key="2A1F1061-4E6E-13C8-2A50-934EF980C1BA" value="true"/>
</engineerTo>
<pk>true</pk>
<usedAttributes>
<attributeRef>1F81AF71-DCBC-AEE0-18AD-AA044B61C7CA</attributeRef>
</usedAttributes>
</identifier>
<identifier id="CC1F650E-4B2E-C34E-BFF3-2B2C6F19F3DC" name="uq_habitacion_residencia_num">
<createdBy>Maximiliano</createdBy>
<createdTime>2025-09-02 00:41:09 UTC</createdTime>
<ownerDesignName>vivir_mejor</ownerDesignName>
<engineerTo>
<item key="2A1F1061-4E6E-13C8-2A50-934EF980C1BA" value="true"/>
</engineerTo>
<newElementsIDs>588218E6-808D-8BF3-600D-890DE71C6960,93DEF09C-50DF-7C60-2581-FF35CDFD1033</newElementsIDs>
<usedAttributes>
<attributeRef>588218E6-808D-8BF3-600D-890DE71C6960</attributeRef>
<attributeRef>93DEF09C-50DF-7C60-2581-FF35CDFD1033</attributeRef>
</usedAttributes>
</identifier>
</identifiers>
</Entity>