<?xml version = '1.0' encoding = 'UTF-8'?>
<DomainFile class="oracle.dbtools.crest.model.design.DomainFileWrapper" fileName="Catálogos territoriales_Domains">
<domains>
<Domain class="oracle.dbtools.crest.model.design.Domain" name="CHAR_0_0_1" id="1D382A66-C829-A880-A7A5-A599CFCF8DE0">
<createdBy>Maximiliano</createdBy>
<createdTime>2025-09-12 01:22:33 UTC</createdTime>
<ownerDesignName>hospital_universitario</ownerDesignName>
<avTSortOrder>0</avTSortOrder>
<dataTypePrecision>0</dataTypePrecision>
<dataTypeScale>0</dataTypeScale>
<dataTypeSize>1</dataTypeSize>
<fileName>Catálogos territoriales_Domains</fileName>
<logicalDatatype>LOGDT025</logicalDatatype>
</Domain>
<Domain class="oracle.dbtools.crest.model.design.Domain" name="VARCHAR_0_0_400" id="2B24B2D2-54B1-1F61-7F9F-F516A0D480C4">
<createdBy>Maximiliano</createdBy>
<createdTime>2025-09-12 01:22:33 UTC</createdTime>
<ownerDesignName>hospital_universitario</ownerDesignName>
<avTSortOrder>0</avTSortOrder>
<dataTypePrecision>0</dataTypePrecision>
<dataTypeScale>0</dataTypeScale>
<dataTypeSize>400</dataTypeSize>
<fileName>Catálogos territoriales_Domains</fileName>
<logicalDatatype>LOGDT024</logicalDatatype>
</Domain>
<Domain class="oracle.dbtools.crest.model.design.Domain" name="VARCHAR_0_0_120" id="2D1A6443-A963-623D-56B3-D27B3B1A7154">
<createdBy>Maximiliano</createdBy>
<createdTime>2025-09-12 01:22:33 UTC</createdTime>
<ownerDesignName>hospital_universitario</ownerDesignName>
<avTSortOrder>0</avTSortOrder>
<dataTypePrecision>0</dataTypePrecision>
<dataTypeScale>0</dataTypeScale>
<dataTypeSize>120</dataTypeSize>
<fileName>Catálogos territoriales_Domains</fileName>
<logicalDatatype>LOGDT024</logicalDatatype>
</Domain>
<Domain class="oracle.dbtools.crest.model.design.Domain" name="Timestamp_6_0_0" id="3BE1DA47-9207-E4A3-0EF0-D1B1CF55750D">
<createdBy>Maximiliano</createdBy>
<createdTime>2025-09-12 01:22:33 UTC</createdTime>
<ownerDesignName>hospital_universitario</ownerDesignName>
<avTSortOrder>0</avTSortOrder>
<dataTypePrecision>6</dataTypePrecision>
<fileName>Catálogos territoriales_Domains</fileName>
<logicalDatatype>LOGDT015</logicalDatatype>
</Domain>
<Domain class="oracle.dbtools.crest.model.design.Domain" name="VARCHAR_0_0_200" id="477A64FE-9757-17D6-D65C-536F375ABF44">
<createdBy>Maximiliano</createdBy>
<createdTime>2025-09-12 01:22:33 UTC</createdTime>
<ownerDesignName>hospital_universitario</ownerDesignName>
<avTSortOrder>0</avTSortOrder>
<dataTypePrecision>0</dataTypePrecision>
<dataTypeScale>0</dataTypeScale>
<dataTypeSize>200</dataTypeSize>
<fileName>Catálogos territoriales_Domains</fileName>
<logicalDatatype>LOGDT024</logicalDatatype>
</Domain>
<Domain class="oracle.dbtools.crest.model.design.Domain" name="VARCHAR_0_0_12" id="75C7812A-3920-3965-3324-CA548F8867B4">
<createdBy>Maximiliano</createdBy>
<createdTime>2025-09-12 01:22:33 UTC</createdTime>
<ownerDesignName>hospital_universitario</ownerDesignName>
<avTSortOrder>0</avTSortOrder>
<dataTypePrecision>0</dataTypePrecision>
<dataTypeScale>0</dataTypeScale>
<dataTypeSize>12</dataTypeSize>
<fileName>Catálogos territoriales_Domains</fileName>
<logicalDatatype>LOGDT024</logicalDatatype>
</Domain>
<Domain class="oracle.dbtools.crest.model.design.Domain" name="VARCHAR_0_0_10" id="7F99D469-C7F5-DE24-0336-33DA35B13C48">
<createdBy>Maximiliano</createdBy>
<createdTime>2025-09-12 01:22:33 UTC</createdTime>
<ownerDesignName>hospital_universitario</ownerDesignName>
<avTSortOrder>0</avTSortOrder>
<dataTypePrecision>0</dataTypePrecision>
<dataTypeScale>0</dataTypeScale>
<dataTypeSize>10</dataTypeSize>
<fileName>Catálogos territoriales_Domains</fileName>
<logicalDatatype>LOGDT024</logicalDatatype>
</Domain>
<Domain class="oracle.dbtools.crest.model.design.Domain" name="VARCHAR_0_0_80" id="80358F5A-19B7-5FC4-60D0-9FE7401C2B90">
<createdBy>Maximiliano</createdBy>
<createdTime>2025-09-12 01:22:33 UTC</createdTime>
<ownerDesignName>hospital_universitario</ownerDesignName>
<avTSortOrder>0</avTSortOrder>
<dataTypePrecision>0</dataTypePrecision>
<dataTypeScale>0</dataTypeScale>
<dataTypeSize>80</dataTypeSize>
<fileName>Catálogos territoriales_Domains</fileName>
<logicalDatatype>LOGDT024</logicalDatatype>
</Domain>
<Domain class="oracle.dbtools.crest.model.design.Domain" name="NUMERIC_10_2_0" id="89CBE110-E460-FB5A-A0D7-8534A130CD63">
<createdBy>Maximiliano</createdBy>
<createdTime>2025-09-12 01:22:33 UTC</createdTime>
<ownerDesignName>hospital_universitario</ownerDesignName>
<avTSortOrder>0</avTSortOrder>
<dataTypePrecision>10</dataTypePrecision>
<dataTypeScale>2</dataTypeScale>
<dataTypeSize>0</dataTypeSize>
<fileName>Catálogos territoriales_Domains</fileName>
<logicalDatatype>LOGDT019</logicalDatatype>
</Domain>
<Domain class="oracle.dbtools.crest.model.design.Domain" name="VARCHAR_0_0_30" id="AEE2E897-5B0F-E089-5240-B1A0D35CE043">
<createdBy>Maximiliano</createdBy>
<createdTime>2025-09-12 01:22:33 UTC</createdTime>
<ownerDesignName>hospital_universitario</ownerDesignName>
<avTSortOrder>0</avTSortOrder>
<dataTypePrecision>0</dataTypePrecision>
<dataTypeScale>0</dataTypeScale>
<dataTypeSize>30</dataTypeSize>
<fileName>Catálogos territoriales_Domains</fileName>
<logicalDatatype>LOGDT024</logicalDatatype>
</Domain>
<Domain class="oracle.dbtools.crest.model.design.Domain" name="VARCHAR_0_0_20" id="B14BFCE0-3A46-ED7A-9980-FDCC0AF8546C">
<createdBy>Maximiliano</createdBy>
<createdTime>2025-09-12 01:22:33 UTC</createdTime>
<ownerDesignName>hospital_universitario</ownerDesignName>
<avTSortOrder>0</avTSortOrder>
<dataTypePrecision>0</dataTypePrecision>
<dataTypeScale>0</dataTypeScale>
<dataTypeSize>20</dataTypeSize>
<fileName>Catálogos territoriales_Domains</fileName>
<logicalDatatype>LOGDT024</logicalDatatype>
</Domain>
<Domain class="oracle.dbtools.crest.model.design.Domain" name="VARCHAR_0_0_60" id="CEAD8452-05A9-9A80-4F9F-2B592146FB01">
<createdBy>Maximiliano</createdBy>
<createdTime>2025-09-12 01:22:33 UTC</createdTime>
<ownerDesignName>hospital_universitario</ownerDesignName>
<avTSortOrder>0</avTSortOrder>
<dataTypePrecision>0</dataTypePrecision>
<dataTypeScale>0</dataTypeScale>
<dataTypeSize>60</dataTypeSize>
<fileName>Catálogos territoriales_Domains</fileName>
<logicalDatatype>LOGDT024</logicalDatatype>
</Domain>
<Domain class="oracle.dbtools.crest.model.design.Domain" name="VARCHAR_0_0_100" id="D400437C-6C6F-482F-47A5-AD362522C47F">
<createdBy>Maximiliano</createdBy>
<createdTime>2025-09-12 01:22:33 UTC</createdTime>
<ownerDesignName>hospital_universitario</ownerDesignName>
<avTSortOrder>0</avTSortOrder>
<dataTypePrecision>0</dataTypePrecision>
<dataTypeScale>0</dataTypeScale>
<dataTypeSize>100</dataTypeSize>
<fileName>Catálogos territoriales_Domains</fileName>
<logicalDatatype>LOGDT024</logicalDatatype>
</Domain>
<Domain class="oracle.dbtools.crest.model.design.Domain" name="VARCHAR_0_0_160" id="E9B4500E-E915-E066-5A4D-D67B85419AB4">
<createdBy>Maximiliano</createdBy>
<createdTime>2025-09-12 01:22:33 UTC</createdTime>
<ownerDesignName>hospital_universitario</ownerDesignName>
<avTSortOrder>0</avTSortOrder>
<dataTypePrecision>0</dataTypePrecision>
<dataTypeScale>0</dataTypeScale>
<dataTypeSize>160</dataTypeSize>
<fileName>Catálogos territoriales_Domains</fileName>
<logicalDatatype>LOGDT024</logicalDatatype>
</Domain>
<Domain class="oracle.dbtools.crest.model.design.Domain" name="Date_0_0_0" id="ED3EAB9D-7A00-E992-2B79-02634F2AF8BC">
<createdBy>Maximiliano</createdBy>
<createdTime>2025-09-12 01:22:33 UTC</createdTime>
<ownerDesignName>hospital_universitario</ownerDesignName>
<avTSortOrder>0</avTSortOrder>
<fileName>Catálogos territoriales_Domains</fileName>
<logicalDatatype>LOGDT007</logicalDatatype>
</Domain>
<Domain class="oracle.dbtools.crest.model.design.Domain" name="NUMERIC_0_0_0" id="F7F06440-AD86-3226-0060-44EF91D40BBD">
<createdBy>Maximiliano</createdBy>
<createdTime>2025-09-12 01:22:33 UTC</createdTime>
<ownerDesignName>hospital_universitario</ownerDesignName>
<avTSortOrder>0</avTSortOrder>
<fileName>Catálogos territoriales_Domains</fileName>
<logicalDatatype>LOGDT019</logicalDatatype>
</Domain>
<Domain class="oracle.dbtools.crest.model.design.Domain" name="CLOB_0_0_0" id="F92A0FEA-A529-541F-25E0-3A980C900C63">
<createdBy>Maximiliano</createdBy>
<createdTime>2025-09-12 01:22:33 UTC</createdTime>
<ownerDesignName>hospital_universitario</ownerDesignName>
<avTSortOrder>0</avTSortOrder>
<fileName>Catálogos territoriales_Domains</fileName>
<logicalDatatype>LOGDT028</logicalDatatype>
</Domain>
</domains>
</DomainFile>