<?xml version = '1.0' encoding = 'UTF-8'?>
<Entity class="oracle.dbtools.crest.model.design.logical.Entity" directorySegmentName="seg_0" id="1F5DB26D-9AC4-0214-8B2E-0DEBEEF6352F" name="empresa">
<createdBy>Maximiliano</createdBy>
<createdTime>2025-09-08 23:32:05 UTC</createdTime>
<generatorID>765A4B38-A1CD-54F8-B908-79B99D7942D2</generatorID>
<ownerDesignName>semana4</ownerDesignName>
<engineerTo>
<item key="45D0255D-F063-176C-EED8-7DD5FD745194" value="true"/>
<item key="E57BD047-9CE9-0765-5951-289D17232533" value="true"/>
</engineerTo>
<adequatelyNormalized>NO</adequatelyNormalized>
<expectedVolumes>0</expectedVolumes>
<fwdEngineeringStrategyName>Single Table</fwdEngineeringStrategyName>
<growthPercent>0</growthPercent>
<growthType>Year</growthType>
<maxVolumes>9999999</maxVolumes>
<minVolumes>0</minVolumes>
<normalForm>Third</normalForm>
<attributes itemClass="oracle.dbtools.crest.model.design.logical.Attribute">
<Attribute name="cod empresa" id="C0F5BE1F-1DA8-099C-5E6C-6F88ED862B2F">
<createdBy>Maximiliano</createdBy>
<createdTime>2025-09-08 23:32:05 UTC</createdTime>
<generatorID>45F74050-841A-7DBD-3D95-C666CFDE0BE6</generatorID>
<ownerDesignName>semana4</ownerDesignName>
<engineerTo>
<item key="45D0255D-F063-176C-EED8-7DD5FD745194" value="true"/>
<item key="E57BD047-9CE9-0765-5951-289D17232533" value="true"/>
</engineerTo>
<useDomainConstraints>false</useDomainConstraints>
<use>1</use>
<logicalDatatype>LOGDT025</logicalDatatype>
<dataTypeSize>5 CHAR</dataTypeSize>
<ownDataTypeParameters>5 CHAR,,</ownDataTypeParameters>
</Attribute>
<Attribute name="sigla" id="1BD85FF7-AB4F-142E-CCDA-C9E7E3488F75">
<createdBy>Maximiliano</createdBy>
<createdTime>2025-09-08 23:32:05 UTC</createdTime>
<generatorID>207F35F2-8C87-4C4B-BBD6-048D5DF4BE8E</generatorID>
<ownerDesignName>semana4</ownerDesignName>
<engineerTo>
<item key="45D0255D-F063-176C-EED8-7DD5FD745194" value="true"/>
<item key="E57BD047-9CE9-0765-5951-289D17232533" value="true"/>
</engineerTo>
<useDomainConstraints>false</useDomainConstraints>
<use>1</use>
<logicalDatatype>LOGDT025</logicalDatatype>
<dataTypeSize>3 CHAR</dataTypeSize>
<ownDataTypeParameters>3 CHAR,,</ownDataTypeParameters>
</Attribute>
<Attribute name="correlativo" id="A299F63B-478E-D2A8-8D07-ACF4794BB1BB">
<createdBy>Maximiliano</createdBy>
<createdTime>2025-09-08 23:32:05 UTC</createdTime>
<generatorID>E6D08F48-E41D-BC3D-121B-76EB0C595807</generatorID>
<ownerDesignName>semana4</ownerDesignName>
<engineerTo>
<item key="45D0255D-F063-176C-EED8-7DD5FD745194" value="true"/>
<item key="E57BD047-9CE9-0765-5951-289D17232533" value="true"/>
</engineerTo>
<useDomainConstraints>false</useDomainConstraints>
<use>1</use>
<logicalDatatype>LOGDT025</logicalDatatype>
<dataTypeSize>2 CHAR</dataTypeSize>
<ownDataTypeParameters>2 CHAR,,</ownDataTypeParameters>
</Attribute>
<Attribute name="nombre" id="E0C16C79-8743-D64C-5ABC-511AC14AE50D">
<createdBy>Maximiliano</createdBy>
<createdTime>2025-09-08 23:32:05 UTC</createdTime>
<generatorID>2DE3C234-F4A3-9627-3EA2-013F732C2C7D</generatorID>
<ownerDesignName>semana4</ownerDesignName>
<engineerTo>
<item key="45D0255D-F063-176C-EED8-7DD5FD745194" value="true"/>
<item key="E57BD047-9CE9-0765-5951-289D17232533" value="true"/>
</engineerTo>
<useDomainConstraints>false</useDomainConstraints>
<use>1</use>
<logicalDatatype>LOGDT024</logicalDatatype>
<dataTypeSize>120 CHAR</dataTypeSize>
<ownDataTypeParameters>120 CHAR,,</ownDataTypeParameters>
</Attribute>
<Attribute name="direccion" id="096AB349-9410-04D8-58AA-8195689BFE26">
<createdBy>Maximiliano</createdBy>
<createdTime>2025-09-08 23:32:05 UTC</createdTime>
<generatorID>7620521D-5726-D779-F893-0E834E7F2D6F</generatorID>
<ownerDesignName>semana4</ownerDesignName>
<engineerTo>
<item key="45D0255D-F063-176C-EED8-7DD5FD745194" value="true"/>
<item key="E57BD047-9CE9-0765-5951-289D17232533" value="true"/>
</engineerTo>
<useDomainConstraints>false</useDomainConstraints>
<use>1</use>
<logicalDatatype>LOGDT024</logicalDatatype>
<dataTypeSize>200 CHAR</dataTypeSize>
<ownDataTypeParameters>200 CHAR,,</ownDataTypeParameters>
</Attribute>
<Attribute name="ciudad id" id="3B858A03-03EB-3A04-844E-8F17A1351A5C">
<createdBy>Maximiliano</createdBy>
<createdTime>2025-09-08 23:32:05 UTC</createdTime>
<generatorID>0A4B3B9A-0EA8-A7FF-42F4-ABCFB3E0544E</generatorID>
<ownerDesignName>semana4</ownerDesignName>
<engineerTo>
<item key="45D0255D-F063-176C-EED8-7DD5FD745194" value="true"/>
<item key="E57BD047-9CE9-0765-5951-289D17232533" value="true"/>
</engineerTo>
<referedAttribute>5841C9C9-AB7B-D7C5-5075-D0B3D6155703</referedAttribute>
<useDomainConstraints>false</useDomainConstraints>
<use>1</use>
<logicalDatatype>LOGDT019</logicalDatatype>
<ownDataTypeParameters>,,</ownDataTypeParameters>
</Attribute>
<Attribute name="remuneracion max" id="29082039-144F-27D7-7ED4-CC1D916F47BB">
<createdBy>Maximiliano</createdBy>
<createdTime>2025-09-08 23:32:05 UTC</createdTime>
<generatorID>130CAB05-8E67-A71D-0D59-2A6CE3F11786</generatorID>
<ownerDesignName>semana4</ownerDesignName>
<engineerTo>
<item key="45D0255D-F063-176C-EED8-7DD5FD745194" value="true"/>
<item key="E57BD047-9CE9-0765-5951-289D17232533" value="true"/>
</engineerTo>
<useDomainConstraints>false</useDomainConstraints>
<use>1</use>
<logicalDatatype>LOGDT019</logicalDatatype>
<dataTypePrecision>10</dataTypePrecision>
<ownDataTypeParameters>,10,</ownDataTypeParameters>
</Attribute>
</attributes>
<identifiers itemClass="oracle.dbtools.crest.model.design.logical.CandidateKey">
<identifier id="E06E5042-FB43-9782-074E-A807D881396C" name="empresa PK">
<createdBy>Maximiliano</createdBy>
<createdTime>2025-09-08 23:32:05 UTC</createdTime>
<generatorID>5EB20CD6-4DD8-750B-CAC4-1505756F159D</generatorID>
<ownerDesignName>semana4</ownerDesignName>
<engineerTo>
<item key="45D0255D-F063-176C-EED8-7DD5FD745194" value="true"/>
<item key="E57BD047-9CE9-0765-5951-289D17232533" value="true"/>
</engineerTo>
<pk>true</pk>
<usedAttributes>
<attributeRef>C0F5BE1F-1DA8-099C-5E6C-6F88ED862B2F</attributeRef>
</usedAttributes>
</identifier>
<identifier id="30E0B790-69B1-0DBA-752D-2C3629C9D092" name="uk empresa sigla corr">
<createdBy>Maximiliano</createdBy>
<createdTime>2025-09-08 23:32:05 UTC</createdTime>
<generatorID>5BDED8C8-90B2-C255-BFB1-E23BC29481E1</generatorID>
<ownerDesignName>semana4</ownerDesignName>
<engineerTo>
<item key="45D0255D-F063-176C-EED8-7DD5FD745194" value="true"/>
<item key="E57BD047-9CE9-0765-5951-289D17232533" value="true"/>
</engineerTo>
<usedAttributes>
<attributeRef>1BD85FF7-AB4F-142E-CCDA-C9E7E3488F75</attributeRef>
<attributeRef>A299F63B-478E-D2A8-8D07-ACF4794BB1BB</attributeRef>
</usedAttributes>
</identifier>
</identifiers>
</Entity>