<?xml version = '1.0' encoding = 'UTF-8'?>
<Entity class="oracle.dbtools.crest.model.design.logical.Entity" directorySegmentName="seg_0" id="5D9D06C0-E220-22E5-7D61-E72DEE971FED" name="postulacion">
<createdBy>Maximiliano</createdBy>
<createdTime>2025-09-08 23:32:05 UTC</createdTime>
<generatorID>AA5F83D0-E1F1-61D4-BF2C-466346C17057</generatorID>
<ownerDesignName>semana4</ownerDesignName>
<engineerTo>
<item key="45D0255D-F063-176C-EED8-7DD5FD745194" value="true"/>
<item key="E57BD047-9CE9-0765-5951-289D17232533" value="true"/>
</engineerTo>
<adequatelyNormalized>NO</adequatelyNormalized>
<expectedVolumes>0</expectedVolumes>
<fwdEngineeringStrategyName>Single Table</fwdEngineeringStrategyName>
<growthPercent>0</growthPercent>
<growthType>Year</growthType>
<maxVolumes>9999999</maxVolumes>
<minVolumes>0</minVolumes>
<normalForm>Third</normalForm>
<attributes itemClass="oracle.dbtools.crest.model.design.logical.Attribute">
<Attribute name="id" id="300D7164-6C02-C7C1-17C1-8D2E65920E5D">
<createdBy>Maximiliano</createdBy>
<createdTime>2025-09-08 23:32:05 UTC</createdTime>
<generatorID>2897A627-3847-1570-448E-8EF0BB81EA7D</generatorID>
<ownerDesignName>semana4</ownerDesignName>
<engineerTo>
<item key="45D0255D-F063-176C-EED8-7DD5FD745194" value="true"/>
<item key="E57BD047-9CE9-0765-5951-289D17232533" value="true"/>
</engineerTo>
<useDomainConstraints>false</useDomainConstraints>
<use>1</use>
<logicalDatatype>LOGDT019</logicalDatatype>
<ownDataTypeParameters>,,</ownDataTypeParameters>
</Attribute>
<Attribute name="postulante id" id="B5A35E91-2444-6BBA-C8A4-DE0C060E3F15">
<createdBy>Maximiliano</createdBy>
<createdTime>2025-09-08 23:32:05 UTC</createdTime>
<generatorID>3013BB10-8B30-589C-48A1-43A507D776BC</generatorID>
<ownerDesignName>semana4</ownerDesignName>
<engineerTo>
<item key="45D0255D-F063-176C-EED8-7DD5FD745194" value="true"/>
<item key="E57BD047-9CE9-0765-5951-289D17232533" value="true"/>
</engineerTo>
<referedAttribute>4DCD7478-B042-6A6F-CC88-6360994517D9</referedAttribute>
<useDomainConstraints>false</useDomainConstraints>
<use>1</use>
<logicalDatatype>LOGDT019</logicalDatatype>
<ownDataTypeParameters>,,</ownDataTypeParameters>
</Attribute>
<Attribute name="empresa id" id="1C40B50B-DE40-B19A-01BF-844BA7662E4C">
<createdBy>Maximiliano</createdBy>
<createdTime>2025-09-08 23:32:05 UTC</createdTime>
<generatorID>4459487A-6DDF-F263-792E-7CB07E6D6CFE</generatorID>
<ownerDesignName>semana4</ownerDesignName>
<engineerTo>
<item key="45D0255D-F063-176C-EED8-7DD5FD745194" value="true"/>
<item key="E57BD047-9CE9-0765-5951-289D17232533" value="true"/>
</engineerTo>
<referedAttribute>C0F5BE1F-1DA8-099C-5E6C-6F88ED862B2F</referedAttribute>
<useDomainConstraints>false</useDomainConstraints>
<use>1</use>
<logicalDatatype>LOGDT025</logicalDatatype>
<dataTypeSize>5 CHAR</dataTypeSize>
<ownDataTypeParameters>,,</ownDataTypeParameters>
</Attribute>
<Attribute name="fecha postulacion" id="604E198D-5935-A936-0197-28976BD7A4EE">
<createdBy>Maximiliano</createdBy>
<createdTime>2025-09-08 23:32:05 UTC</createdTime>
<generatorID>30E739AB-959F-5583-8CC2-750D7D6ECF54</generatorID>
<ownerDesignName>semana4</ownerDesignName>
<engineerTo>
<item key="45D0255D-F063-176C-EED8-7DD5FD745194" value="true"/>
<item key="E57BD047-9CE9-0765-5951-289D17232533" value="true"/>
</engineerTo>
<useDomainConstraints>false</useDomainConstraints>
<use>1</use>
<logicalDatatype>LOGDT007</logicalDatatype>
<defaultValue>SYSDATE</defaultValue>
<ownDataTypeParameters>,,</ownDataTypeParameters>
</Attribute>
</attributes>
<identifiers itemClass="oracle.dbtools.crest.model.design.logical.CandidateKey">
<identifier id="B6211A00-31D1-1858-244E-922FF9F966D6" name="postulacion PK">
<createdBy>Maximiliano</createdBy>
<createdTime>2025-09-08 23:32:05 UTC</createdTime>
<generatorID>338E24F8-BFBF-217A-89FF-867A1153F6E4</generatorID>
<ownerDesignName>semana4</ownerDesignName>
<engineerTo>
<item key="45D0255D-F063-176C-EED8-7DD5FD745194" value="true"/>
<item key="E57BD047-9CE9-0765-5951-289D17232533" value="true"/>
</engineerTo>
<pk>true</pk>
<usedAttributes>
<attributeRef>300D7164-6C02-C7C1-17C1-8D2E65920E5D</attributeRef>
</usedAttributes>
</identifier>
<identifier id="8C8A31C8-0EBF-B6BB-B60E-08CCE5639479" name="INDEX 1">
<createdBy>Maximiliano</createdBy>
<createdTime>2025-09-08 23:32:05 UTC</createdTime>
<generatorID>8A13914E-76A6-5E6D-3C23-784A2AAFDD36</generatorID>
<ownerDesignName>semana4</ownerDesignName>
<engineerTo>
<item key="45D0255D-F063-176C-EED8-7DD5FD745194" value="true"/>
<item key="E57BD047-9CE9-0765-5951-289D17232533" value="true"/>
</engineerTo>
<usedAttributes>
<attributeRef>B5A35E91-2444-6BBA-C8A4-DE0C060E3F15</attributeRef>
</usedAttributes>
</identifier>
</identifiers>
</Entity>