<?xml version = '1.0' encoding = 'UTF-8'?>
<Entity class="oracle.dbtools.crest.model.design.logical.Entity" directorySegmentName="seg_0" id="A56F0972-DE8E-EEA0-0811-FFDE3A1F8BAE" name="postulante">
<createdBy>Maximiliano</createdBy>
<createdTime>2025-09-08 23:32:05 UTC</createdTime>
<generatorID>D281F648-55C0-B66F-2B2D-1133D4D52EE5</generatorID>
<ownerDesignName>semana4</ownerDesignName>
<engineerTo>
<item key="45D0255D-F063-176C-EED8-7DD5FD745194" value="true"/>
<item key="E57BD047-9CE9-0765-5951-289D17232533" value="true"/>
</engineerTo>
<adequatelyNormalized>NO</adequatelyNormalized>
<expectedVolumes>0</expectedVolumes>
<fwdEngineeringStrategyName>Single Table</fwdEngineeringStrategyName>
<growthPercent>0</growthPercent>
<growthType>Year</growthType>
<maxVolumes>9999999</maxVolumes>
<minVolumes>0</minVolumes>
<normalForm>Third</normalForm>
<attributes itemClass="oracle.dbtools.crest.model.design.logical.Attribute">
<Attribute name="id" id="4DCD7478-B042-6A6F-CC88-6360994517D9">
<createdBy>Maximiliano</createdBy>
<createdTime>2025-09-08 23:32:05 UTC</createdTime>
<generatorID>F202C23E-7046-5F9D-A307-3CF09E15D083</generatorID>
<ownerDesignName>semana4</ownerDesignName>
<engineerTo>
<item key="45D0255D-F063-176C-EED8-7DD5FD745194" value="true"/>
<item key="E57BD047-9CE9-0765-5951-289D17232533" value="true"/>
</engineerTo>
<useDomainConstraints>false</useDomainConstraints>
<use>1</use>
<logicalDatatype>LOGDT019</logicalDatatype>
<ownDataTypeParameters>,,</ownDataTypeParameters>
</Attribute>
<Attribute name="folio" id="9092938D-04E1-97EF-BF73-9B0C09B72F1D">
<createdBy>Maximiliano</createdBy>
<createdTime>2025-09-08 23:32:05 UTC</createdTime>
<generatorID>1660AACD-B283-3C50-27C8-4E6C389AB868</generatorID>
<ownerDesignName>semana4</ownerDesignName>
<engineerTo>
<item key="45D0255D-F063-176C-EED8-7DD5FD745194" value="true"/>
<item key="E57BD047-9CE9-0765-5951-289D17232533" value="true"/>
</engineerTo>
<useDomainConstraints>false</useDomainConstraints>
<use>1</use>
<logicalDatatype>LOGDT024</logicalDatatype>
<dataTypeSize>20 CHAR</dataTypeSize>
<ownDataTypeParameters>20 CHAR,,</ownDataTypeParameters>
</Attribute>
<Attribute name="nombres" id="A6C61F19-3C59-91CA-AEA5-B81CFBFB2547">
<createdBy>Maximiliano</createdBy>
<createdTime>2025-09-08 23:32:05 UTC</createdTime>
<generatorID>4208BA26-64D7-F83A-1CDC-2D88BF52DF9E</generatorID>
<ownerDesignName>semana4</ownerDesignName>
<engineerTo>
<item key="45D0255D-F063-176C-EED8-7DD5FD745194" value="true"/>
<item key="E57BD047-9CE9-0765-5951-289D17232533" value="true"/>
</engineerTo>
<useDomainConstraints>false</useDomainConstraints>
<use>1</use>
<logicalDatatype>LOGDT024</logicalDatatype>
<dataTypeSize>80 CHAR</dataTypeSize>
<ownDataTypeParameters>80 CHAR,,</ownDataTypeParameters>
</Attribute>
<Attribute name="apellidos" id="12FF6376-FBAB-A3ED-8D9D-2E7F54261B71">
<createdBy>Maximiliano</createdBy>
<createdTime>2025-09-08 23:32:05 UTC</createdTime>
<generatorID>23599270-EA45-F9FE-8F6F-2D354C75A457</generatorID>
<ownerDesignName>semana4</ownerDesignName>
<engineerTo>
<item key="45D0255D-F063-176C-EED8-7DD5FD745194" value="true"/>
<item key="E57BD047-9CE9-0765-5951-289D17232533" value="true"/>
</engineerTo>
<useDomainConstraints>false</useDomainConstraints>
<use>1</use>
<logicalDatatype>LOGDT024</logicalDatatype>
<dataTypeSize>80 CHAR</dataTypeSize>
<ownDataTypeParameters>80 CHAR,,</ownDataTypeParameters>
</Attribute>
<Attribute name="email" id="1FA57E7E-C010-DD63-265E-EB7ED7E3FF71">
<createdBy>Maximiliano</createdBy>
<createdTime>2025-09-08 23:32:05 UTC</createdTime>
<generatorID>41897D4A-1AB9-B1E1-36AA-75159D58CA3D</generatorID>
<ownerDesignName>semana4</ownerDesignName>
<engineerTo>
<item key="45D0255D-F063-176C-EED8-7DD5FD745194" value="true"/>
<item key="E57BD047-9CE9-0765-5951-289D17232533" value="true"/>
</engineerTo>
<useDomainConstraints>false</useDomainConstraints>
<use>1</use>
<logicalDatatype>LOGDT024</logicalDatatype>
<dataTypeSize>120 CHAR</dataTypeSize>
<ownDataTypeParameters>120 CHAR,,</ownDataTypeParameters>
</Attribute>
<Attribute name="telefono" id="24A29CC4-678C-B2BA-4F26-FFCA7D9AC42E">
<createdBy>Maximiliano</createdBy>
<createdTime>2025-09-08 23:32:05 UTC</createdTime>
<generatorID>4AAB440A-451E-8980-1A1E-E88CFB8B8811</generatorID>
<ownerDesignName>semana4</ownerDesignName>
<engineerTo>
<item key="45D0255D-F063-176C-EED8-7DD5FD745194" value="true"/>
<item key="E57BD047-9CE9-0765-5951-289D17232533" value="true"/>
</engineerTo>
<nullsAllowed>true</nullsAllowed>
<useDomainConstraints>false</useDomainConstraints>
<use>1</use>
<logicalDatatype>LOGDT024</logicalDatatype>
<dataTypeSize>30 CHAR</dataTypeSize>
<ownDataTypeParameters>30 CHAR,,</ownDataTypeParameters>
</Attribute>
<Attribute name="sitio web" id="AA02FD29-8F24-B469-766F-E7E37F3DDBB5">
<createdBy>Maximiliano</createdBy>
<createdTime>2025-09-08 23:32:05 UTC</createdTime>
<generatorID>F3ED37A0-0D00-7D2E-F935-B5D26F97BF33</generatorID>
<ownerDesignName>semana4</ownerDesignName>
<engineerTo>
<item key="45D0255D-F063-176C-EED8-7DD5FD745194" value="true"/>
<item key="E57BD047-9CE9-0765-5951-289D17232533" value="true"/>
</engineerTo>
<nullsAllowed>true</nullsAllowed>
<useDomainConstraints>false</useDomainConstraints>
<use>1</use>
<logicalDatatype>LOGDT024</logicalDatatype>
<dataTypeSize>200 CHAR</dataTypeSize>
<ownDataTypeParameters>200 CHAR,,</ownDataTypeParameters>
</Attribute>
<Attribute name="fecha nac" id="43FCB689-B63F-3E36-D5E9-9A1591BDADF3">
<createdBy>Maximiliano</createdBy>
<createdTime>2025-09-08 23:32:05 UTC</createdTime>
<generatorID>83193803-2364-8ECB-6C06-C749ECADB744</generatorID>
<ownerDesignName>semana4</ownerDesignName>
<engineerTo>
<item key="45D0255D-F063-176C-EED8-7DD5FD745194" value="true"/>
<item key="E57BD047-9CE9-0765-5951-289D17232533" value="true"/>
</engineerTo>
<useDomainConstraints>false</useDomainConstraints>
<use>1</use>
<logicalDatatype>LOGDT007</logicalDatatype>
<ownDataTypeParameters>,,</ownDataTypeParameters>
</Attribute>
<Attribute name="nacionalidad" id="1384EEF3-812F-FBE0-6900-4874252908BA">
<createdBy>Maximiliano</createdBy>
<createdTime>2025-09-08 23:32:05 UTC</createdTime>
<generatorID>A39F7D2F-853C-035E-3A2E-D6C1185BAEF0</generatorID>
<ownerDesignName>semana4</ownerDesignName>
<engineerTo>
<item key="45D0255D-F063-176C-EED8-7DD5FD745194" value="true"/>
<item key="E57BD047-9CE9-0765-5951-289D17232533" value="true"/>
</engineerTo>
<useDomainConstraints>false</useDomainConstraints>
<use>1</use>
<logicalDatatype>LOGDT024</logicalDatatype>
<dataTypeSize>60 CHAR</dataTypeSize>
<ownDataTypeParameters>60 CHAR,,</ownDataTypeParameters>
</Attribute>
<Attribute name="rut" id="3C5370A2-6511-0854-1368-4192FC71E493">
<createdBy>Maximiliano</createdBy>
<createdTime>2025-09-08 23:32:05 UTC</createdTime>
<generatorID>C55E2A32-0839-ABAD-1D04-21221F4BBFD9</generatorID>
<ownerDesignName>semana4</ownerDesignName>
<engineerTo>
<item key="45D0255D-F063-176C-EED8-7DD5FD745194" value="true"/>
<item key="E57BD047-9CE9-0765-5951-289D17232533" value="true"/>
</engineerTo>
<constraintName>ck_rut_formato</constraintName>
<nullsAllowed>true</nullsAllowed>
<useDomainConstraints>false</useDomainConstraints>
<use>1</use>
<logicalDatatype>LOGDT024</logicalDatatype>
<dataTypeSize>12 CHAR</dataTypeSize>
<checkConstraint>
<implementationDef dbType="Oracle Database 21c" definition="rut IS NULL OR REGEXP_LIKE(UPPER(rut), &apos;^[0-9]{7,8}-[0-9K]$&apos;)"/>
</checkConstraint>
<ownDataTypeParameters>12 CHAR,,</ownDataTypeParameters>
</Attribute>
<Attribute name="ciudad residencia id" id="C677BCB0-FE06-047B-0830-0CE34F46CB64">
<createdBy>Maximiliano</createdBy>
<createdTime>2025-09-08 23:32:05 UTC</createdTime>
<generatorID>2898039C-AD37-4B54-C75F-17AA37AACE31</generatorID>
<ownerDesignName>semana4</ownerDesignName>
<engineerTo>
<item key="45D0255D-F063-176C-EED8-7DD5FD745194" value="true"/>
<item key="E57BD047-9CE9-0765-5951-289D17232533" value="true"/>
</engineerTo>
<referedAttribute>5841C9C9-AB7B-D7C5-5075-D0B3D6155703</referedAttribute>
<use>1</use>
<logicalDatatype>LOGDT019</logicalDatatype>
<ownDataTypeParameters>,,</ownDataTypeParameters>
</Attribute>
<Attribute name="grado academico" id="50040F32-2868-6128-EA12-B12EA7A8FE4C">
<createdBy>Maximiliano</createdBy>
<createdTime>2025-09-08 23:32:05 UTC</createdTime>
<generatorID>FC4FCE5E-8424-04C2-A7D3-BA286400492C</generatorID>
<ownerDesignName>semana4</ownerDesignName>
<engineerTo>
<item key="45D0255D-F063-176C-EED8-7DD5FD745194" value="true"/>
<item key="E57BD047-9CE9-0765-5951-289D17232533" value="true"/>
</engineerTo>
<useDomainConstraints>false</useDomainConstraints>
<use>1</use>
<logicalDatatype>LOGDT024</logicalDatatype>
<dataTypeSize>10</dataTypeSize>
<ownDataTypeParameters>10,,</ownDataTypeParameters>
</Attribute>
</attributes>
<identifiers itemClass="oracle.dbtools.crest.model.design.logical.CandidateKey">
<identifier id="4C7348E5-32FC-CCFB-746A-D9C404201380" name="postulante PK">
<createdBy>Maximiliano</createdBy>
<createdTime>2025-09-08 23:32:05 UTC</createdTime>
<generatorID>9F9B7EAA-970E-95C8-62EF-4BDD7626C0E5</generatorID>
<ownerDesignName>semana4</ownerDesignName>
<engineerTo>
<item key="45D0255D-F063-176C-EED8-7DD5FD745194" value="true"/>
<item key="E57BD047-9CE9-0765-5951-289D17232533" value="true"/>
</engineerTo>
<pk>true</pk>
<usedAttributes>
<attributeRef>4DCD7478-B042-6A6F-CC88-6360994517D9</attributeRef>
</usedAttributes>
</identifier>
<identifier id="9B933108-727F-522B-1BF8-7227EB959831" name="uk postulante folio">
<createdBy>Maximiliano</createdBy>
<createdTime>2025-09-08 23:32:05 UTC</createdTime>
<generatorID>1793759C-100E-BC91-9B4C-4BE25A05BA87</generatorID>
<ownerDesignName>semana4</ownerDesignName>
<engineerTo>
<item key="45D0255D-F063-176C-EED8-7DD5FD745194" value="true"/>
<item key="E57BD047-9CE9-0765-5951-289D17232533" value="true"/>
</engineerTo>
<usedAttributes>
<attributeRef>9092938D-04E1-97EF-BF73-9B0C09B72F1D</attributeRef>
</usedAttributes>
</identifier>
<identifier id="EB10E78E-3243-EC70-9D32-71361037CCB4" name="uk postulante email">
<createdBy>Maximiliano</createdBy>
<createdTime>2025-09-08 23:32:05 UTC</createdTime>
<generatorID>032F4B9F-2252-8555-8A84-7DB0E514073B</generatorID>
<ownerDesignName>semana4</ownerDesignName>
<engineerTo>
<item key="45D0255D-F063-176C-EED8-7DD5FD745194" value="true"/>
<item key="E57BD047-9CE9-0765-5951-289D17232533" value="true"/>
</engineerTo>
<usedAttributes>
<attributeRef>1FA57E7E-C010-DD63-265E-EB7ED7E3FF71</attributeRef>
</usedAttributes>
</identifier>
<identifier id="A9A02812-F053-31EB-D59B-4AD1FCBD5A79" name="uk postulante sitioweb">
<createdBy>Maximiliano</createdBy>
<createdTime>2025-09-08 23:32:05 UTC</createdTime>
<generatorID>4767D1E4-53B3-22BF-8C58-A96E77E3FAB6</generatorID>
<ownerDesignName>semana4</ownerDesignName>
<engineerTo>
<item key="45D0255D-F063-176C-EED8-7DD5FD745194" value="true"/>
<item key="E57BD047-9CE9-0765-5951-289D17232533" value="true"/>
</engineerTo>
<newElementsIDs>AA02FD29-8F24-B469-766F-E7E37F3DDBB5</newElementsIDs>
<usedAttributes>
<attributeRef>AA02FD29-8F24-B469-766F-E7E37F3DDBB5</attributeRef>
</usedAttributes>
</identifier>
</identifiers>
</Entity>