<?xml version = '1.0' encoding = 'UTF-8'?>
<FKIndexAssociation class="oracle.dbtools.crest.model.design.relational.FKIndexAssociation" directorySegmentName="seg_0" id="0400611D-07AB-96D3-D99B-C761C2C9E135" containerWithKeyObject="52EABF94-1246-8A55-1142-6F2F1D475C1F" localFKIndex="11051DAB-767C-E50A-BAB2-1DEDE9669180" name="MAQUINA_PLANTA_FK">
<sourceDDLFile>probrando.SQL</sourceDDLFile>
<createdBy>Maximiliano</createdBy>
<createdTime>2025-10-09 00:49:50 UTC</createdTime>
<ownerDesignName>EFT_S9</ownerDesignName>
<importedID>67B0E0F2-241C-CC21-53D3-2A3C89D1F109</importedID>
<referredTableLongName>PLANTA</referredTableLongName>
<deleteRule>NO ACTION</deleteRule>
<referredTableID>397ACC84-480F-DE2E-7D87-D8B353A5B402</referredTableID>
<keyObject>C998DEA0-0C48-8D3D-B3A8-9FEB65540C38</keyObject>
<referredKeyID>C998DEA0-0C48-8D3D-B3A8-9FEB65540C38</referredKeyID>
<mandatory>true</mandatory>
<refColNames>id_planta</refColNames>
<transferable>true</transferable>
<rely>false</rely>
<columnDependencyConstraintGenerateInDDL>true</columnDependencyConstraintGenerateInDDL>
</FKIndexAssociation>