<?xml version = '1.0' encoding = 'UTF-8'?>
<FKIndexAssociation class="oracle.dbtools.crest.model.design.relational.FKIndexAssociation" directorySegmentName="seg_0" id="462180CB-5180-6377-A2B7-56929C6453E1" containerWithKeyObject="E175E7EB-4CC0-4F62-C0A6-F44DEDBA8E8F" localFKIndex="12A4CDAA-3CA5-5E36-107B-80BF469690BF" name="EMPLEADO_EMPLEADO_FK">
<sourceDDLFile>probrando.SQL</sourceDDLFile>
<createdBy>Maximiliano</createdBy>
<createdTime>2025-10-09 00:49:50 UTC</createdTime>
<ownerDesignName>EFT_S9</ownerDesignName>
<importedID>DD4F4260-88BF-4B42-FE8B-F05CA29838F0</importedID>
<referredTableLongName>EMPLEADO</referredTableLongName>
<deleteRule>NO ACTION</deleteRule>
<referredTableID>E175E7EB-4CC0-4F62-C0A6-F44DEDBA8E8F</referredTableID>
<keyObject>C1EB247E-62CF-EF19-D9B3-3BD502F69D8A</keyObject>
<referredKeyID>C1EB247E-62CF-EF19-D9B3-3BD502F69D8A</referredKeyID>
<mandatory>false</mandatory>
<refColNames>id_empleado</refColNames>
<transferable>true</transferable>
<rely>false</rely>
<columnDependencyConstraintGenerateInDDL>true</columnDependencyConstraintGenerateInDDL>
</FKIndexAssociation>