<?xml version = '1.0' encoding = 'UTF-8'?>
<FKIndexAssociation class="oracle.dbtools.crest.model.design.relational.FKIndexAssociation" directorySegmentName="seg_0" id="58DFE0A1-4322-C5CC-07A8-045A3C5E825D" containerWithKeyObject="52EABF94-1246-8A55-1142-6F2F1D475C1F" localFKIndex="9920086B-CFE2-D743-6D66-BDA3B1DE1F0B" name="MAQUINA_TIPO_MAQUINA_FK">
<sourceDDLFile>probrando.SQL</sourceDDLFile>
<createdBy>Maximiliano</createdBy>
<createdTime>2025-10-09 00:49:50 UTC</createdTime>
<ownerDesignName>EFT_S9</ownerDesignName>
<importedID>EC53175E-FD38-B11E-4BD1-3FFC6B5A6F32</importedID>
<referredTableLongName>TIPO_MAQUINA</referredTableLongName>
<deleteRule>NO ACTION</deleteRule>
<referredTableID>B3D8A5EF-EE12-2584-B117-46CED9EA0177</referredTableID>
<keyObject>6304EBA0-E9ED-AC56-F4CF-55FD15D4344E</keyObject>
<referredKeyID>6304EBA0-E9ED-AC56-F4CF-55FD15D4344E</referredKeyID>
<mandatory>true</mandatory>
<refColNames>id_tipo_maquina</refColNames>
<transferable>true</transferable>
<rely>false</rely>
<columnDependencyConstraintGenerateInDDL>true</columnDependencyConstraintGenerateInDDL>
</FKIndexAssociation>