<?xml version = '1.0' encoding = 'UTF-8'?>
<FKIndexAssociation class="oracle.dbtools.crest.model.design.relational.FKIndexAssociation" directorySegmentName="seg_0" id="76D767DF-C5EA-2E41-699E-14595B431435" containerWithKeyObject="397ACC84-480F-DE2E-7D87-D8B353A5B402" localFKIndex="782B69CF-891E-048A-F62E-D545994EE823" name="PLANTA_COMUNA_FK">
<sourceDDLFile>probrando.SQL</sourceDDLFile>
<createdBy>Maximiliano</createdBy>
<createdTime>2025-10-09 00:49:50 UTC</createdTime>
<ownerDesignName>EFT_S9</ownerDesignName>
<importedID>612901A8-60CD-F6A3-0AA9-26B5A448BCE0</importedID>
<referredTableLongName>COMUNA</referredTableLongName>
<deleteRule>NO ACTION</deleteRule>
<referredTableID>5668D6B3-B211-1AD5-8A3F-1A7CE950F533</referredTableID>
<keyObject>3D337586-66F0-CAE9-7D5D-7E16EC902F6C</keyObject>
<referredKeyID>3D337586-66F0-CAE9-7D5D-7E16EC902F6C</referredKeyID>
<mandatory>true</mandatory>
<refColNames>id_comuna</refColNames>
<transferable>true</transferable>
<rely>false</rely>
<columnDependencyConstraintGenerateInDDL>true</columnDependencyConstraintGenerateInDDL>
</FKIndexAssociation>