<?xml version = '1.0' encoding = 'UTF-8'?>
<FKIndexAssociation class="oracle.dbtools.crest.model.design.relational.FKIndexAssociation" directorySegmentName="seg_0" id="872B45F4-D169-86A2-92BE-B28D9FAA9B3F" containerWithKeyObject="E175E7EB-4CC0-4F62-C0A6-F44DEDBA8E8F" localFKIndex="865FADF0-96C9-0DA5-77FD-8E903C8DA927" name="EMPLEADO_PLANTA_FK">
<sourceDDLFile>probrando.SQL</sourceDDLFile>
<createdBy>Maximiliano</createdBy>
<createdTime>2025-10-09 00:49:50 UTC</createdTime>
<ownerDesignName>EFT_S9</ownerDesignName>
<importedID>B5183A6E-129D-DA28-674D-F103FA07B6D4</importedID>
<referredTableLongName>PLANTA</referredTableLongName>
<deleteRule>NO ACTION</deleteRule>
<referredTableID>397ACC84-480F-DE2E-7D87-D8B353A5B402</referredTableID>
<keyObject>C998DEA0-0C48-8D3D-B3A8-9FEB65540C38</keyObject>
<referredKeyID>C998DEA0-0C48-8D3D-B3A8-9FEB65540C38</referredKeyID>
<mandatory>true</mandatory>
<refColNames>id_planta</refColNames>
<transferable>true</transferable>
<rely>false</rely>
<columnDependencyConstraintGenerateInDDL>true</columnDependencyConstraintGenerateInDDL>
</FKIndexAssociation>