<?xml version = '1.0' encoding = 'UTF-8'?>
<FKIndexAssociation class="oracle.dbtools.crest.model.design.relational.FKIndexAssociation" directorySegmentName="seg_0" id="92B623CF-2BB5-2A48-66B9-35DD1E2649D6" containerWithKeyObject="20EFB0C9-57CA-2124-0563-4461DCB17BFA" localFKIndex="B8A4EDD3-8355-46D1-BCAE-4439E75AB32B" name="ASIGNACION_TURNO_TURNO_FK">
<sourceDDLFile>probrando.SQL</sourceDDLFile>
<createdBy>Maximiliano</createdBy>
<createdTime>2025-10-09 00:49:50 UTC</createdTime>
<ownerDesignName>EFT_S9</ownerDesignName>
<importedID>2317F52D-70F9-824B-4A03-D6CC88E30A8F</importedID>
<referredTableLongName>TURNO</referredTableLongName>
<deleteRule>NO ACTION</deleteRule>
<referredTableID>F57D742F-F215-97A3-B22E-0FF1FEE538A9</referredTableID>
<keyObject>6E9B1B9E-99DB-AF63-CD09-F9F9E122D8CC</keyObject>
<referredKeyID>6E9B1B9E-99DB-AF63-CD09-F9F9E122D8CC</referredKeyID>
<mandatory>true</mandatory>
<refColNames>id_turno</refColNames>
<transferable>true</transferable>
<rely>false</rely>
<columnDependencyConstraintGenerateInDDL>true</columnDependencyConstraintGenerateInDDL>
</FKIndexAssociation>