<?xml version = '1.0' encoding = 'UTF-8'?>
<FKIndexAssociation class="oracle.dbtools.crest.model.design.relational.FKIndexAssociation" directorySegmentName="seg_0" id="99DACECE-0FBB-0221-6E0A-BF1DCA36A5D6" containerWithKeyObject="20EFB0C9-57CA-2124-0563-4461DCB17BFA" localFKIndex="4FAD7A4F-A3AC-7725-5046-40E557CD7878" name="ASIGNACION_TURNO_MAQUINA_FK">
<sourceDDLFile>probrando.SQL</sourceDDLFile>
<createdBy>Maximiliano</createdBy>
<createdTime>2025-10-09 00:49:50 UTC</createdTime>
<ownerDesignName>EFT_S9</ownerDesignName>
<importedID>B5D4B8FF-15D5-7906-77AC-501C33D647E5</importedID>
<referredTableLongName>MAQUINA</referredTableLongName>
<deleteRule>NO ACTION</deleteRule>
<referredTableID>52EABF94-1246-8A55-1142-6F2F1D475C1F</referredTableID>
<keyObject>2A13E225-7273-DE76-BF7C-EB31E1EEB64B</keyObject>
<referredKeyID>2A13E225-7273-DE76-BF7C-EB31E1EEB64B</referredKeyID>
<mandatory>true</mandatory>
<refColNames>numero_maquina,PLANTA_id_planta</refColNames>
<transferable>true</transferable>
<rely>false</rely>
<columnDependencyConstraintGenerateInDDL>true</columnDependencyConstraintGenerateInDDL>
</FKIndexAssociation>