<?xml version = '1.0' encoding = 'UTF-8'?>
<FKIndexAssociation class="oracle.dbtools.crest.model.design.relational.FKIndexAssociation" directorySegmentName="seg_0" id="A197DFCC-31FD-8956-72E9-3F8FF4105812" containerWithKeyObject="5668D6B3-B211-1AD5-8A3F-1A7CE950F533" localFKIndex="7B33090C-D526-7C9F-BE54-F32904D7C1A8" name="COMUNA_REGION_FK">
<sourceDDLFile>probrando.SQL</sourceDDLFile>
<createdBy>Maximiliano</createdBy>
<createdTime>2025-10-09 00:49:50 UTC</createdTime>
<ownerDesignName>EFT_S9</ownerDesignName>
<importedID>44DEF499-A61F-F372-F832-3913CBF591DF</importedID>
<referredTableLongName>REGION</referredTableLongName>
<deleteRule>NO ACTION</deleteRule>
<referredTableID>930D6CC1-2D3D-C464-90C4-DC5F73CDC1B5</referredTableID>
<keyObject>F955FD1E-B12F-7DEF-2761-17944E888812</keyObject>
<referredKeyID>F955FD1E-B12F-7DEF-2761-17944E888812</referredKeyID>
<mandatory>true</mandatory>
<refColNames>id_region</refColNames>
<transferable>true</transferable>
<rely>false</rely>
<columnDependencyConstraintGenerateInDDL>true</columnDependencyConstraintGenerateInDDL>
</FKIndexAssociation>