<?xml version = '1.0' encoding = 'UTF-8'?>
<FKIndexAssociation class="oracle.dbtools.crest.model.design.relational.FKIndexAssociation" directorySegmentName="seg_0" id="B2AEB4C7-0CF8-2C2B-320A-28ED8BA6D1EB" containerWithKeyObject="20EFB0C9-57CA-2124-0563-4461DCB17BFA" localFKIndex="6D66EA89-16A2-CDBF-DEDE-80E1FFDA08BE" name="ASIGNACION_TURNO_EMPLEADO_FK">
<sourceDDLFile>probrando.SQL</sourceDDLFile>
<createdBy>Maximiliano</createdBy>
<createdTime>2025-10-09 00:49:50 UTC</createdTime>
<ownerDesignName>EFT_S9</ownerDesignName>
<importedID>D1AA9F35-CCE9-D3EF-2350-0A6A8BDE92C6</importedID>
<referredTableLongName>EMPLEADO</referredTableLongName>
<deleteRule>NO ACTION</deleteRule>
<referredTableID>E175E7EB-4CC0-4F62-C0A6-F44DEDBA8E8F</referredTableID>
<keyObject>C1EB247E-62CF-EF19-D9B3-3BD502F69D8A</keyObject>
<referredKeyID>C1EB247E-62CF-EF19-D9B3-3BD502F69D8A</referredKeyID>
<mandatory>true</mandatory>
<refColNames>id_empleado</refColNames>
<transferable>true</transferable>
<rely>false</rely>
<columnDependencyConstraintGenerateInDDL>true</columnDependencyConstraintGenerateInDDL>
</FKIndexAssociation>