<?xml version = '1.0' encoding = 'UTF-8'?>
<FKIndexAssociation class="oracle.dbtools.crest.model.design.relational.FKIndexAssociation" directorySegmentName="seg_0" id="CB53D713-D76A-9CD7-3818-DC022DBBFE65" containerWithKeyObject="E5B8D7EF-B22C-C484-344B-EBB40D17EB1B" localFKIndex="3883F8BD-63B4-5C31-F330-79BF3DC01A86" name="fk_jefe_empleado">
<sourceDDLFile>probrando.SQL</sourceDDLFile>
<createdBy>Maximiliano</createdBy>
<createdTime>2025-10-09 00:49:50 UTC</createdTime>
<ownerDesignName>EFT_S9</ownerDesignName>
<importedID>919410D9-4D3B-92DA-EE43-5A21B5CF4882</importedID>
<referredTableLongName>EMPLEADO</referredTableLongName>
<arc>9E5EF7A6-F50E-0920-E72D-330AEF14DE45</arc>
<deleteRule>CASCADE</deleteRule>
<referredTableID>E175E7EB-4CC0-4F62-C0A6-F44DEDBA8E8F</referredTableID>
<keyObject>C1EB247E-62CF-EF19-D9B3-3BD502F69D8A</keyObject>
<referredKeyID>C1EB247E-62CF-EF19-D9B3-3BD502F69D8A</referredKeyID>
<mandatory>true</mandatory>
<refColNames>id_empleado</refColNames>
<transferable>true</transferable>
<rely>false</rely>
<columnDependencyConstraintGenerateInDDL>true</columnDependencyConstraintGenerateInDDL>
</FKIndexAssociation>