<?xml version = '1.0' encoding = 'UTF-8'?>
<FKIndexAssociation class="oracle.dbtools.crest.model.design.relational.FKIndexAssociation" directorySegmentName="seg_0" id="D1B69D1B-541E-813F-EE13-EDDA28B65226" containerWithKeyObject="815F8D0B-57FE-076C-50AB-7D8CDDAC0B1D" localFKIndex="45ECDDB4-606C-C414-9931-6D92AFAC4CEF" name="fk_operario_empleado">
<sourceDDLFile>probrando.SQL</sourceDDLFile>
<createdBy>Maximiliano</createdBy>
<createdTime>2025-10-09 00:49:50 UTC</createdTime>
<ownerDesignName>EFT_S9</ownerDesignName>
<importedID>3CDFD4AC-D826-2E64-9CA0-AF1D84F340A3</importedID>
<referredTableLongName>EMPLEADO</referredTableLongName>
<arc>9E5EF7A6-F50E-0920-E72D-330AEF14DE45</arc>
<deleteRule>CASCADE</deleteRule>
<referredTableID>E175E7EB-4CC0-4F62-C0A6-F44DEDBA8E8F</referredTableID>
<keyObject>C1EB247E-62CF-EF19-D9B3-3BD502F69D8A</keyObject>
<referredKeyID>C1EB247E-62CF-EF19-D9B3-3BD502F69D8A</referredKeyID>
<mandatory>true</mandatory>
<refColNames>id_empleado</refColNames>
<transferable>true</transferable>
<rely>false</rely>
<columnDependencyConstraintGenerateInDDL>true</columnDependencyConstraintGenerateInDDL>
</FKIndexAssociation>