<?xml version = '1.0' encoding = 'UTF-8'?>
<FKIndexAssociation class="oracle.dbtools.crest.model.design.relational.FKIndexAssociation" directorySegmentName="seg_0" id="D393259B-598C-5ABA-C332-13F665A422C8" containerWithKeyObject="72F2B5B0-DEBB-AA23-34D2-08CC76E2382C" localFKIndex="C78FB4FA-901D-1D58-CDDD-1CC9B8700996" name="fk_tecnico_empleado">
<sourceDDLFile>probrando.SQL</sourceDDLFile>
<createdBy>Maximiliano</createdBy>
<createdTime>2025-10-09 00:49:50 UTC</createdTime>
<ownerDesignName>EFT_S9</ownerDesignName>
<importedID>1A68FA78-9AC4-3A74-873D-F9F2B237168D</importedID>
<referredTableLongName>EMPLEADO</referredTableLongName>
<arc>9E5EF7A6-F50E-0920-E72D-330AEF14DE45</arc>
<deleteRule>CASCADE</deleteRule>
<referredTableID>E175E7EB-4CC0-4F62-C0A6-F44DEDBA8E8F</referredTableID>
<keyObject>C1EB247E-62CF-EF19-D9B3-3BD502F69D8A</keyObject>
<referredKeyID>C1EB247E-62CF-EF19-D9B3-3BD502F69D8A</referredKeyID>
<mandatory>true</mandatory>
<refColNames>id_empleado</refColNames>
<transferable>true</transferable>
<rely>false</rely>
<columnDependencyConstraintGenerateInDDL>true</columnDependencyConstraintGenerateInDDL>
</FKIndexAssociation>