<?xml version = '1.0' encoding = 'UTF-8'?>
<FKIndexAssociation class="oracle.dbtools.crest.model.design.relational.FKIndexAssociation" directorySegmentName="seg_0" id="DF453420-AC3E-8B54-F9B7-37C2A07A8353" containerWithKeyObject="59BF9A13-63AD-A935-F6D2-8F1DA01B7D7D" localFKIndex="13822CAA-B291-6260-1832-111A57DA58A7" name="ORDEN_MANTENCION_TECNICO_MANTENCION_FK">
<sourceDDLFile>probrando.SQL</sourceDDLFile>
<createdBy>Maximiliano</createdBy>
<createdTime>2025-10-09 00:49:50 UTC</createdTime>
<ownerDesignName>EFT_S9</ownerDesignName>
<importedID>FD6046D5-573E-6859-0EB3-D18B8068D6BD</importedID>
<referredTableLongName>TECNICO_MANTENCION</referredTableLongName>
<deleteRule>NO ACTION</deleteRule>
<referredTableID>72F2B5B0-DEBB-AA23-34D2-08CC76E2382C</referredTableID>
<keyObject>758F93B2-F203-E489-CA50-12E7F9387092</keyObject>
<referredKeyID>758F93B2-F203-E489-CA50-12E7F9387092</referredKeyID>
<mandatory>true</mandatory>
<refColNames>id_empleado</refColNames>
<transferable>true</transferable>
<rely>false</rely>
<columnDependencyConstraintGenerateInDDL>true</columnDependencyConstraintGenerateInDDL>
</FKIndexAssociation>