<?xml version = '1.0' encoding = 'UTF-8'?>
<FKIndexAssociation class="oracle.dbtools.crest.model.design.relational.FKIndexAssociation" directorySegmentName="seg_0" id="DFE93F2F-A351-F4D0-748A-66A26022370D" containerWithKeyObject="E175E7EB-4CC0-4F62-C0A6-F44DEDBA8E8F" localFKIndex="02EA0D60-64A3-4669-AC5A-8F44E6ECC7D4" name="EMPLEADO_AFP_FK">
<sourceDDLFile>probrando.SQL</sourceDDLFile>
<createdBy>Maximiliano</createdBy>
<createdTime>2025-10-09 00:49:50 UTC</createdTime>
<ownerDesignName>EFT_S9</ownerDesignName>
<importedID>BF9CF5D6-C76B-61EE-8F09-28910647DE25</importedID>
<referredTableLongName>AFP</referredTableLongName>
<deleteRule>NO ACTION</deleteRule>
<referredTableID>E332DE2D-CFE9-13DC-259A-ABB7B826D203</referredTableID>
<keyObject>DB290780-3F8B-49FA-0663-605B7D90345A</keyObject>
<referredKeyID>DB290780-3F8B-49FA-0663-605B7D90345A</referredKeyID>
<mandatory>true</mandatory>
<refColNames>id_afp</refColNames>
<transferable>true</transferable>
<rely>false</rely>
<columnDependencyConstraintGenerateInDDL>true</columnDependencyConstraintGenerateInDDL>
</FKIndexAssociation>