<?xml version = '1.0' encoding = 'UTF-8'?>
<FKIndexAssociation class="oracle.dbtools.crest.model.design.relational.FKIndexAssociation" directorySegmentName="seg_0" id="E8A2FC67-8712-95C3-BB2A-F97F7B65E3EB" containerWithKeyObject="59BF9A13-63AD-A935-F6D2-8F1DA01B7D7D" localFKIndex="2899CE04-68DD-DD55-B4D0-2A1123B94AC1" name="ORDEN_MANTENCION_MAQUINA_FK">
<sourceDDLFile>probrando.SQL</sourceDDLFile>
<createdBy>Maximiliano</createdBy>
<createdTime>2025-10-09 00:49:50 UTC</createdTime>
<ownerDesignName>EFT_S9</ownerDesignName>
<importedID>16D980D8-94AF-48FC-1F2C-A8A450C6418D</importedID>
<referredTableLongName>MAQUINA</referredTableLongName>
<deleteRule>NO ACTION</deleteRule>
<referredTableID>52EABF94-1246-8A55-1142-6F2F1D475C1F</referredTableID>
<keyObject>2A13E225-7273-DE76-BF7C-EB31E1EEB64B</keyObject>
<referredKeyID>2A13E225-7273-DE76-BF7C-EB31E1EEB64B</referredKeyID>
<mandatory>true</mandatory>
<refColNames>numero_maquina,PLANTA_id_planta</refColNames>
<transferable>true</transferable>
<rely>false</rely>
<columnDependencyConstraintGenerateInDDL>true</columnDependencyConstraintGenerateInDDL>
</FKIndexAssociation>