<?xml version = '1.0' encoding = 'UTF-8'?>
<FKIndexAssociation class="oracle.dbtools.crest.model.design.relational.FKIndexAssociation" directorySegmentName="seg_0" id="FE1C7668-E8AD-F49B-88B8-97CEBEB63A72" containerWithKeyObject="E175E7EB-4CC0-4F62-C0A6-F44DEDBA8E8F" localFKIndex="3B169DBC-1ECB-E551-3DAC-69A057356B54" name="EMPLEADO_SISTEMA_SALUD_FK">
<sourceDDLFile>probrando.SQL</sourceDDLFile>
<createdBy>Maximiliano</createdBy>
<createdTime>2025-10-09 00:49:50 UTC</createdTime>
<ownerDesignName>EFT_S9</ownerDesignName>
<importedID>B484E18B-04FA-FB58-A036-5C4CC4EB1EB9</importedID>
<referredTableLongName>SISTEMA_SALUD</referredTableLongName>
<deleteRule>NO ACTION</deleteRule>
<referredTableID>4DC8CEA8-8DCC-6F0C-955B-6AE7A58B4607</referredTableID>
<keyObject>901D9188-7D81-B684-1ECE-FD642979560A</keyObject>
<referredKeyID>901D9188-7D81-B684-1ECE-FD642979560A</referredKeyID>
<mandatory>true</mandatory>
<refColNames>id_salud</refColNames>
<transferable>true</transferable>
<rely>false</rely>
<columnDependencyConstraintGenerateInDDL>true</columnDependencyConstraintGenerateInDDL>
</FKIndexAssociation>