<?xml version = '1.0' encoding = 'UTF-8'?>
<TableProxyOraclev20c class="oracle.dbtools.crest.model.design.storage.oracle.v20c.TableProxyOraclev20c" name="OPERARIO" directorySegmentName="seg_0" id="815F8D0B-57FE-076C-50AB-7D8CDDAC0B1D">
<createdBy>Maximiliano</createdBy>
<createdTime>2025-10-09 00:49:50 UTC</createdTime>
<ownerDesignName>EFT_S9</ownerDesignName>
<logging>YES</logging>
<partitionedRowMovement>DISABLE</partitionedRowMovement>
<temporaryChanged>false</temporaryChanged>
<accessDriverType>oracle_loader</accessDriverType>
<rejectLimit></rejectLimit>
<columnProxies itemClass="oracle.dbtools.crest.model.design.storage.oracle.v12c.ColumnProxyOraclev12c">
<ColumnProxy name="horas_estandar_turno" id="674AED75-9C99-8D46-2F83-7ABDE4BCBB9C">
<createdBy>Maximiliano</createdBy>
<createdTime>2025-10-09 00:49:50 UTC</createdTime>
<ownerDesignName>EFT_S9</ownerDesignName>
<defaultValue>8</defaultValue>
</ColumnProxy>
<ColumnProxy name="id_empleado" id="769A5113-5BF5-0C6A-7A02-82FAF7B762AC">
<createdBy>Maximiliano</createdBy>
<createdTime>2025-10-09 00:49:50 UTC</createdTime>
<ownerDesignName>EFT_S9</ownerDesignName>
</ColumnProxy>
<ColumnProxy name="certificacion" id="8F225DE6-9276-4E5E-4526-5058A2646137">
<createdBy>Maximiliano</createdBy>
<createdTime>2025-10-09 00:49:50 UTC</createdTime>
<ownerDesignName>EFT_S9</ownerDesignName>
</ColumnProxy>
<ColumnProxy name="categoria_proceso" id="D93220CD-9A81-5FDA-D35A-A6B92D931D09">
<createdBy>Maximiliano</createdBy>
<createdTime>2025-10-09 00:49:50 UTC</createdTime>
<ownerDesignName>EFT_S9</ownerDesignName>
</ColumnProxy>
</columnProxies>
<foreignKeys>
<ForeignKey class="oracle.dbtools.crest.model.design.storage.oracle.v10g.FKProxyOraclev10g" name="fk_operario_empleado" id="45ECDDB4-606C-C414-9931-6D92AFAC4CEF">
<createdBy>Maximiliano</createdBy>
<createdTime>2025-10-09 00:49:50 UTC</createdTime>
<ownerDesignName>EFT_S9</ownerDesignName>
</ForeignKey>
</foreignKeys>
<primaryKeys>
<PrimaryKey class="oracle.dbtools.crest.model.design.storage.oracle.v10g.PKProxyOraclev10g" name="OPERARIO_PKv1" id="F4A8F943-ACE1-9E01-0A4B-7F74BD5E47FE">
<createdBy>Maximiliano</createdBy>
<createdTime>2025-10-09 01:25:38 UTC</createdTime>
<ownerDesignName>EFT_S9</ownerDesignName>
<indexSort>SORTED</indexSort>
</PrimaryKey>
</primaryKeys>
<uniqueKeys>
<UniqueKey class="oracle.dbtools.crest.model.design.storage.oracle.v10g.UniqueOraclev10g" name="OPERARIO_PK" id="847419C7-66A3-49BC-4EB5-76C8FA983B7D">
<createdBy>Maximiliano</createdBy>
<createdTime>2025-10-09 01:25:38 UTC</createdTime>
<ownerDesignName>EFT_S9</ownerDesignName>
<indexSort>SORTED</indexSort>
</UniqueKey>
</uniqueKeys>
</TableProxyOraclev20c>