<?xml version = '1.0' encoding = 'UTF-8'?>
<TableProxyOraclev20c class="oracle.dbtools.crest.model.design.storage.oracle.v20c.TableProxyOraclev20c" name="TIPO_MAQUINA" directorySegmentName="seg_0" id="B3D8A5EF-EE12-2584-B117-46CED9EA0177">
<createdBy>Maximiliano</createdBy>
<createdTime>2025-10-09 00:49:50 UTC</createdTime>
<ownerDesignName>EFT_S9</ownerDesignName>
<logging>YES</logging>
<partitionedRowMovement>DISABLE</partitionedRowMovement>
<temporaryChanged>false</temporaryChanged>
<accessDriverType>oracle_loader</accessDriverType>
<rejectLimit></rejectLimit>
<columnProxies itemClass="oracle.dbtools.crest.model.design.storage.oracle.v12c.ColumnProxyOraclev12c">
<ColumnProxy name="id_tipo_maquina" id="7B09B3F8-7FE7-F0C3-9890-4E65256A41ED">
<createdBy>Maximiliano</createdBy>
<createdTime>2025-10-09 00:49:50 UTC</createdTime>
<ownerDesignName>EFT_S9</ownerDesignName>
</ColumnProxy>
<ColumnProxy name="nombre" id="EFDCEDBF-2886-E8D7-8F27-66F4226D0535">
<createdBy>Maximiliano</createdBy>
<createdTime>2025-10-09 00:49:50 UTC</createdTime>
<ownerDesignName>EFT_S9</ownerDesignName>
</ColumnProxy>
</columnProxies>
<primaryKeys>
<PrimaryKey class="oracle.dbtools.crest.model.design.storage.oracle.v10g.PKProxyOraclev10g" name="TIPO_MAQUINA_PK" id="6304EBA0-E9ED-AC56-F4CF-55FD15D4344E">
<createdBy>Maximiliano</createdBy>
<createdTime>2025-10-09 00:49:50 UTC</createdTime>
<ownerDesignName>EFT_S9</ownerDesignName>
<indexSort>SORTED</indexSort>
</PrimaryKey>
</primaryKeys>
<uniqueKeys>
<UniqueKey class="oracle.dbtools.crest.model.design.storage.oracle.v10g.UniqueOraclev10g" name="TIPO_MAQUINA_nombre_UN" id="5E225176-D3A0-23DC-1173-98EF1F80E4A5">
<createdBy>Maximiliano</createdBy>
<createdTime>2025-10-09 00:49:50 UTC</createdTime>
<ownerDesignName>EFT_S9</ownerDesignName>
<indexSort>SORTED</indexSort>
</UniqueKey>
</uniqueKeys>
</TableProxyOraclev20c>