<?xml version = '1.0' encoding = 'UTF-8'?>
<relationalModel class="oracle.dbtools.crest.model.design.relational.RelationalDesign" name="Relational_1" id="E358AC4B-4BBE-B3C1-6737-F33838CBA445" mainViewID="F5902DFF-80AA-4318-AD56-FFE7017407A8">
<createdBy>Maximiliano</createdBy>
<createdTime>2025-09-12 03:22:20 UTC</createdTime>
<ownerDesignName>sumativa semana 4 </ownerDesignName>
<shouldBeOpen>true</shouldBeOpen>
<selectedRDBMSSite>32076570-2523-435C-2E92-BF29817DFF70</selectedRDBMSSite>
</relationalModel>