<?xml version = '1.0' encoding = 'UTF-8'?>
<relationalModel class="oracle.dbtools.crest.model.design.relational.RelationalDesign" name="Relational_1" id="5276146F-A2C0-1904-4958-B00E54809284" mainViewID="B032FB56-F906-D68A-7858-34327F065F5E">
<createdBy>Maximiliano</createdBy>
<createdTime>2025-10-09 00:49:15 UTC</createdTime>
<ownerDesignName>EFT_S9_Maximiliano_Palasezze_Grupo_12</ownerDesignName>
<shouldBeOpen>true</shouldBeOpen>
<selectedRDBMSSite>01F6E6D1-21D0-CFBD-ABDD-3988D1813575</selectedRDBMSSite>
<importDDLFileStamps>
<importDDLFileStamp class="oracle.dbtools.crest.imports.DDLFileStamp">
<fileName>probrando.SQL</fileName>
<pathName>C:\Users\Maximiliano\Desktop</pathName>
<dbType>17</dbType>
</importDDLFileStamp>
</importDDLFileStamps>
</relationalModel>