<?xml version = '1.0' encoding = 'UTF-8'?>
<Diagram class="oracle.dbtools.crest.swingui.logical.DPVLogical" name="Logical" id="0B403F24-801B-325C-527D-E7D681C264A8">
<createdBy>Maximiliano</createdBy>
<modifiedBy>Maximiliano</modifiedBy>
<createdTime>2025-10-09 01:05:10 UTC</createdTime>
<autoRoute>false</autoRoute>
<boxInbox>false</boxInbox>
<showLegend>false</showLegend>
<showLabels>false</showLabels>
<showRelAttributes>false</showRelAttributes>
<gridEnabled>false</gridEnabled>
<showGrid>false</showGrid>
<diagramColor>-1</diagramColor>
<display>false</display>
<notation>1</notation>
<objectViews>
<OView class="oracle.dbtools.crest.swingui.logical.TVEntity" oid="249189EC-8EB0-EE66-53B6-97327FD7DEC0" otype="Entity" vid="55B3D492-2DAA-ABDA-7694-BC87311EBEB5">
<hideElementsInCurrentOnly>false</hideElementsInCurrentOnly>
<bounds x="274" y="685" width="263" height="150"/>
</OView>
<OView class="oracle.dbtools.crest.swingui.logical.TVEntity" oid="52C80368-059A-6A72-BB1D-EFEAF164403C" otype="Entity" vid="12338C84-B444-2330-0872-3DE6BB68B2FA">
<hideElementsInCurrentOnly>false</hideElementsInCurrentOnly>
<bounds x="616" y="656" width="317" height="164"/>
</OView>
<OView class="oracle.dbtools.crest.swingui.logical.TVEntity" oid="52CDD02E-B8AD-D6E3-F27C-4D7660ABDECB" otype="Entity" vid="F5D4988C-1107-352D-2060-EC8189C9FA6C">
<hideElementsInCurrentOnly>false</hideElementsInCurrentOnly>
<bounds x="341" y="284" width="347" height="276"/>
</OView>
<OView class="oracle.dbtools.crest.swingui.logical.TVEntity" oid="557F29AB-D245-937F-3246-2B8D40AF4CE6" otype="Entity" vid="EBA349E7-808A-B354-54A2-8C000195DD8B">
<hideElementsInCurrentOnly>false</hideElementsInCurrentOnly>
<bounds x="1166" y="10" width="362" height="150"/>
</OView>
<OView class="oracle.dbtools.crest.swingui.logical.TVEntity" oid="60E94142-D6F9-A75D-8C69-DF2195D8C496" otype="Entity" vid="E272B24E-2B67-61DA-CDAC-041CB0BC91C0">
<hideElementsInCurrentOnly>false</hideElementsInCurrentOnly>
<bounds x="955" y="565" width="245" height="108"/>
</OView>
<OView class="oracle.dbtools.crest.swingui.logical.TVEntity" oid="78EDB3F2-CB4B-0048-8410-6C4C69D05E8D" otype="Entity" vid="C6A0081C-A433-01CC-B9E1-09E2252FCB1E">
<hideElementsInCurrentOnly>false</hideElementsInCurrentOnly>
<bounds x="40" y="312" width="198" height="116"/>
</OView>
<OView class="oracle.dbtools.crest.swingui.logical.TVEntity" oid="996A6D9B-B699-83E3-52FD-4F55762B4F31" otype="Entity" vid="F251B385-0C0F-0DD0-8EE0-02725412C2D4">
<hideElementsInCurrentOnly>false</hideElementsInCurrentOnly>
<bounds x="1285" y="530" width="260" height="136"/>
</OView>
<OView class="oracle.dbtools.crest.swingui.logical.TVEntity" oid="B4F69F13-B0B4-C690-C0EA-E6F784D0FA89" otype="Entity" vid="FC50BCBA-DE7B-D911-9FBB-54D11C4A4C04">
<hideElementsInCurrentOnly>false</hideElementsInCurrentOnly>
<bounds x="759" y="210" width="471" height="178"/>
</OView>
<OView class="oracle.dbtools.crest.swingui.logical.TVEntity" oid="B8B539C4-406F-4912-D75D-30AA4FB28CB8" otype="Entity" vid="4CB2C46D-2FC8-0343-04B0-617E659641BF">
<hideElementsInCurrentOnly>false</hideElementsInCurrentOnly>
<bounds x="1001" y="427" width="229" height="88"/>
</OView>
<OView class="oracle.dbtools.crest.swingui.logical.TVEntity" oid="C16B4927-B8BB-A06A-6061-78E2189BA7BB" otype="Entity" vid="B2B1F66A-A8BF-D69A-3848-578A7334351C">
<hideElementsInCurrentOnly>false</hideElementsInCurrentOnly>
<bounds x="1035" y="746" width="180" height="88"/>
</OView>
<OView class="oracle.dbtools.crest.swingui.logical.TVEntity" oid="CAB37D9B-DFC9-9E34-95E9-A991B89D04B5" otype="Entity" vid="D7C60435-934C-9B94-C2F7-D6288DB28B23">
<hideElementsInCurrentOnly>false</hideElementsInCurrentOnly>
<bounds x="648" y="0" width="224" height="82"/>
</OView>
<OView class="oracle.dbtools.crest.swingui.logical.TVEntity" oid="DB99EE2C-BDB7-587A-DDFB-F0AB9E052B06" otype="Entity" vid="6989B352-6998-EBEA-A3BE-3C4F3F87D2C5">
<hideElementsInCurrentOnly>false</hideElementsInCurrentOnly>
<bounds x="17" y="475" width="250" height="164"/>
</OView>
<OView class="oracle.dbtools.crest.swingui.logical.TVEntity" oid="F47984EE-0527-A1BA-A372-A75C4402E558" otype="Entity" vid="E622BC3A-0A71-A501-C776-D0925351A302">
<hideElementsInCurrentOnly>false</hideElementsInCurrentOnly>
<bounds x="31" y="23" width="466" height="206"/>
</OView>
<OView class="oracle.dbtools.crest.swingui.logical.TVEntity" oid="F6021772-0F2B-3CD0-4C07-2AC4CAD4EDDE" otype="Entity" vid="4F9E6E8B-4243-20AC-63D3-77AC7698146D">
<hideElementsInCurrentOnly>false</hideElementsInCurrentOnly>
<bounds x="588" y="136" width="165" height="88"/>
</OView>
</objectViews>
<connectors>
<Connector class="oracle.dbtools.crest.swingui.logical.TVRelation" oid="08F1194D-C027-60F7-1ED9-46115F9F9F4D" otype="Relation" vid_source="F251B385-0C0F-0DD0-8EE0-02725412C2D4" vid_target="F5D4988C-1107-352D-2060-EC8189C9FA6C">
<hideElementsInCurrentOnly>false</hideElementsInCurrentOnly>
<backgroundColor>-16777216</backgroundColor>
<lineWidth>1</lineWidth>
<points>
<point x="1285" y="545"/>
<point x="688" y="545"/>
</points>
</Connector>
<Connector class="oracle.dbtools.crest.swingui.logical.TVRelation" oid="093E2E1A-0BE9-A471-E071-B53CB494C86B" otype="Relation" vid_source="EBA349E7-808A-B354-54A2-8C000195DD8B" vid_target="E622BC3A-0A71-A501-C776-D0925351A302">
<hideElementsInCurrentOnly>false</hideElementsInCurrentOnly>
<backgroundColor>-16777216</backgroundColor>
<lineWidth>1</lineWidth>
<points>
<point x="1166" y="91"/>
<point x="497" y="91"/>
</points>
</Connector>
<Connector class="oracle.dbtools.crest.swingui.logical.TVRelation" oid="1C69D79C-BAC8-81E8-AE64-0EBEFDC8BD90" otype="Relation" vid_source="F5D4988C-1107-352D-2060-EC8189C9FA6C" vid_target="12338C84-B444-2330-0872-3DE6BB68B2FA">
<hideElementsInCurrentOnly>false</hideElementsInCurrentOnly>
<backgroundColor>-16777216</backgroundColor>
<lineWidth>1</lineWidth>
<points>
<point x="682" y="560"/>
<point x="682" y="656"/>
</points>
</Connector>
<Connector class="oracle.dbtools.crest.swingui.logical.TVRelation" oid="339A2342-E4B2-B521-AC00-E24E0F59CBD9" otype="Relation" vid_source="B2B1F66A-A8BF-D69A-3848-578A7334351C" vid_target="E272B24E-2B67-61DA-CDAC-041CB0BC91C0">
<hideElementsInCurrentOnly>false</hideElementsInCurrentOnly>
<backgroundColor>-16777216</backgroundColor>
<lineWidth>1</lineWidth>
<points>
<point x="1117" y="746"/>
<point x="1117" y="673"/>
</points>
</Connector>
<Connector class="oracle.dbtools.crest.swingui.logical.TVRelation" oid="3EF3B84A-D382-CD68-D9A6-E708B1D91CB0" otype="Relation" vid_source="F5D4988C-1107-352D-2060-EC8189C9FA6C" vid_target="F5D4988C-1107-352D-2060-EC8189C9FA6C">
<hideElementsInCurrentOnly>false</hideElementsInCurrentOnly>
<backgroundColor>-16777216</backgroundColor>
<lineWidth>1</lineWidth>
<points>
<point x="688" y="446"/>
<point x="738" y="446"/>
<point x="738" y="610"/>
<point x="545" y="610"/>
<point x="545" y="560"/>
</points>
</Connector>
<Connector class="oracle.dbtools.crest.swingui.logical.TVRelation" oid="540BD955-4889-20A4-E9B5-56AB9E579DDC" otype="Relation" vid_source="4CB2C46D-2FC8-0343-04B0-617E659641BF" vid_target="F5D4988C-1107-352D-2060-EC8189C9FA6C">
<hideElementsInCurrentOnly>false</hideElementsInCurrentOnly>
<backgroundColor>-16777216</backgroundColor>
<lineWidth>1</lineWidth>
<points>
<point x="1001" y="471"/>
<point x="688" y="471"/>
</points>
</Connector>
<Connector class="oracle.dbtools.crest.swingui.logical.TVRelation" oid="59C5F041-7256-496E-1D8B-278E1B88BC4E" otype="Relation" vid_source="F5D4988C-1107-352D-2060-EC8189C9FA6C" vid_target="55B3D492-2DAA-ABDA-7694-BC87311EBEB5">
<hideElementsInCurrentOnly>false</hideElementsInCurrentOnly>
<backgroundColor>-16777216</backgroundColor>
<lineWidth>1</lineWidth>
<points>
<point x="454" y="560"/>
<point x="454" y="685"/>
</points>
</Connector>
<Connector class="oracle.dbtools.crest.swingui.logical.TVRelation" oid="66D9F3A7-A44B-F6A6-2C07-FC4E4B44AE65" otype="Relation" vid_source="4F9E6E8B-4243-20AC-63D3-77AC7698146D" vid_target="F5D4988C-1107-352D-2060-EC8189C9FA6C">
<hideElementsInCurrentOnly>false</hideElementsInCurrentOnly>
<backgroundColor>-16777216</backgroundColor>
<lineWidth>1</lineWidth>
<points>
<point x="638" y="224"/>
<point x="638" y="284"/>
</points>
</Connector>
<Connector class="oracle.dbtools.crest.swingui.logical.TVRelation" oid="7635C999-64D4-D41F-BF5A-83497E3413BE" otype="Relation" vid_source="F5D4988C-1107-352D-2060-EC8189C9FA6C" vid_target="E622BC3A-0A71-A501-C776-D0925351A302">
<hideElementsInCurrentOnly>false</hideElementsInCurrentOnly>
<backgroundColor>-16777216</backgroundColor>
<lineWidth>1</lineWidth>
<points>
<point x="419" y="284"/>
<point x="419" y="229"/>
</points>
</Connector>
<Connector class="oracle.dbtools.crest.swingui.logical.TVRelation" oid="A336B4D1-3E50-A8A3-5668-E74D3319177C" otype="Relation" vid_source="E272B24E-2B67-61DA-CDAC-041CB0BC91C0" vid_target="F251B385-0C0F-0DD0-8EE0-02725412C2D4">
<hideElementsInCurrentOnly>false</hideElementsInCurrentOnly>
<backgroundColor>-16777216</backgroundColor>
<lineWidth>1</lineWidth>
<points>
<point x="1200" y="615"/>
<point x="1285" y="615"/>
</points>
</Connector>
<Connector class="oracle.dbtools.crest.swingui.logical.TVRelation" oid="C975F979-1782-696A-0ACE-FD7FD9ACB635" otype="Relation" vid_source="F5D4988C-1107-352D-2060-EC8189C9FA6C" vid_target="6989B352-6998-EBEA-A3BE-3C4F3F87D2C5">
<hideElementsInCurrentOnly>false</hideElementsInCurrentOnly>
<backgroundColor>-16777216</backgroundColor>
<lineWidth>1</lineWidth>
<points>
<point x="341" y="517"/>
<point x="267" y="517"/>
</points>
</Connector>
<Connector class="oracle.dbtools.crest.swingui.logical.TVRelation" oid="CABAFED5-9965-001E-2FF9-F3439D90E8B8" otype="Relation" vid_source="EBA349E7-808A-B354-54A2-8C000195DD8B" vid_target="FC50BCBA-DE7B-D911-9FBB-54D11C4A4C04">
<hideElementsInCurrentOnly>false</hideElementsInCurrentOnly>
<backgroundColor>-16777216</backgroundColor>
<lineWidth>1</lineWidth>
<points>
<point x="1198" y="160"/>
<point x="1198" y="210"/>
</points>
</Connector>
<Connector class="oracle.dbtools.crest.swingui.logical.TVRelation" oid="CBAB4A55-5A29-3313-C7B2-E32934954A56" otype="Relation" vid_source="D7C60435-934C-9B94-C2F7-D6288DB28B23" vid_target="EBA349E7-808A-B354-54A2-8C000195DD8B">
<hideElementsInCurrentOnly>false</hideElementsInCurrentOnly>
<backgroundColor>-16777216</backgroundColor>
<lineWidth>1</lineWidth>
<points>
<point x="872" y="46"/>
<point x="1166" y="46"/>
</points>
</Connector>
<Connector class="oracle.dbtools.crest.swingui.logical.TVRelation" oid="E71E043D-052D-BA5E-095F-E19B3E0BE530" otype="Relation" vid_source="C6A0081C-A433-01CC-B9E1-09E2252FCB1E" vid_target="E622BC3A-0A71-A501-C776-D0925351A302">
<hideElementsInCurrentOnly>false</hideElementsInCurrentOnly>
<backgroundColor>-16777216</backgroundColor>
<lineWidth>1</lineWidth>
<points>
<point x="139" y="312"/>
<point x="139" y="229"/>
</points>
</Connector>
<Connector class="oracle.dbtools.crest.swingui.logical.TVRelation" oid="E8234B5A-6B44-1B78-EBC8-7F61F0C0F2E4" otype="Relation" vid_source="12338C84-B444-2330-0872-3DE6BB68B2FA" vid_target="FC50BCBA-DE7B-D911-9FBB-54D11C4A4C04">
<hideElementsInCurrentOnly>false</hideElementsInCurrentOnly>
<backgroundColor>-16777216</backgroundColor>
<lineWidth>1</lineWidth>
<points>
<point x="846" y="656"/>
<point x="846" y="388"/>
</points>
</Connector>
<Connector class="oracle.dbtools.crest.swingui.logical.TVRelation" oid="F0538FE4-F5A0-27D8-F1A8-EF28D1011DF2" otype="Relation" vid_source="F251B385-0C0F-0DD0-8EE0-02725412C2D4" vid_target="EBA349E7-808A-B354-54A2-8C000195DD8B">
<hideElementsInCurrentOnly>false</hideElementsInCurrentOnly>
<backgroundColor>-16777216</backgroundColor>
<lineWidth>1</lineWidth>
<points>
<point x="1406" y="530"/>
<point x="1406" y="160"/>
</points>
</Connector>
</connectors>
<arcs>
<Arc class="oracle.dbtools.crest.swingui.logical.TVArc" oid="4302722F-B111-A832-ED5E-E005097150D1" otype="Arc" vid="B08A7115-1DB3-A224-66F5-6D09B6E716FC">
<hideElementsInCurrentOnly>false</hideElementsInCurrentOnly>
<bounds x="321" y="264" width="387" height="316"/>
</Arc>
</arcs>
</Diagram>