<?xml version = '1.0' encoding = 'UTF-8'?>
<Diagram class="oracle.dbtools.crest.swingui.logical.DPVLogicalSubView" name="Logical - SubView_1" id="47E51425-A58F-366E-1F7D-FA9F094B7D9F">
<createdBy>Maximiliano</createdBy>
<modifiedBy>Maximiliano</modifiedBy>
<createdTime>2025-10-09 01:15:15 UTC</createdTime>
<autoRoute>false</autoRoute>
<boxInbox>true</boxInbox>
<showLegend>false</showLegend>
<showLabels>false</showLabels>
<showRelAttributes>false</showRelAttributes>
<gridEnabled>false</gridEnabled>
<showGrid>false</showGrid>
<diagramColor>-1</diagramColor>
<display>false</display>
<notation>1</notation>
<objectViews>
<OView class="oracle.dbtools.crest.swingui.logical.TVEntity" oid="249189EC-8EB0-EE66-53B6-97327FD7DEC0" otype="Entity" vid="0506E62E-8CCE-5990-9838-1B3A996BBCA9">
<hideElementsInCurrentOnly>false</hideElementsInCurrentOnly>
<bounds x="382" y="479" width="208" height="108"/>
</OView>
</objectViews>
</Diagram>