<?xml version = '1.0' encoding = 'UTF-8'?>
<Diagram class="oracle.dbtools.crest.swingui.logical.DPVLogicalSubView" name="Logical - SubView_3" id="C3E964DF-3CCB-452D-ECFD-B9E44C6ADA57">
<createdBy>Maximiliano</createdBy>
<modifiedBy>Maximiliano</modifiedBy>
<createdTime>2025-10-09 01:15:21 UTC</createdTime>
<autoRoute>false</autoRoute>
<boxInbox>true</boxInbox>
<showLegend>false</showLegend>
<showLabels>false</showLabels>
<showRelAttributes>false</showRelAttributes>
<gridEnabled>false</gridEnabled>
<showGrid>false</showGrid>
<diagramColor>-1</diagramColor>
<display>false</display>
<notation>1</notation>
<objectViews>
<OView class="oracle.dbtools.crest.swingui.logical.TVEntity" oid="249189EC-8EB0-EE66-53B6-97327FD7DEC0" otype="Entity" vid="CF8825C1-E035-22DA-41F3-C43865A3E062">
<hideElementsInCurrentOnly>false</hideElementsInCurrentOnly>
<bounds x="382" y="479" width="208" height="108"/>
</OView>
</objectViews>
</Diagram>