<?xml version = '1.0' encoding = 'UTF-8'?>
<Diagram class="oracle.dbtools.crest.swingui.logical.DPVLogical" name="Logical" id="32688ACF-7FDC-1CF8-560E-091BF40FE0C8">
<createdBy>Maximiliano</createdBy>
<modifiedBy>Maximiliano</modifiedBy>
<createdTime>2025-08-28 01:40:25 UTC</createdTime>
<autoRoute>false</autoRoute>
<boxInbox>true</boxInbox>
<showLegend>false</showLegend>
<showLabels>false</showLabels>
<showRelAttributes>false</showRelAttributes>
<gridEnabled>false</gridEnabled>
<showGrid>false</showGrid>
<diagramColor>-1</diagramColor>
<display>false</display>
<notation>0</notation>
<objectViews>
<OView class="oracle.dbtools.crest.swingui.logical.TVEntity" oid="055DCA44-543A-C2C6-25D3-C2A6235B015F" otype="Entity" vid="5F0C1069-F532-0260-82EA-19250B903533">
<hideElementsInCurrentOnly>false</hideElementsInCurrentOnly>
<bounds x="925" y="380" width="190" height="76"/>
</OView>
<OView class="oracle.dbtools.crest.swingui.logical.TVEntity" oid="0A0590B1-FC72-D28E-B3E1-57BDFFB01E5A" otype="Entity" vid="ED26103A-3D6E-038B-794E-BA56B7923A34">
<hideElementsInCurrentOnly>false</hideElementsInCurrentOnly>
<bounds x="99" y="184" width="201" height="128"/>
</OView>
<OView class="oracle.dbtools.crest.swingui.logical.TVEntity" oid="25EB5C8B-0B23-DEA8-6E85-FAC9A6DBDEEF" otype="Entity" vid="FA822340-897D-C490-A500-A8ABD2F3E3A2">
<hideElementsInCurrentOnly>false</hideElementsInCurrentOnly>
<bounds x="95" y="347" width="223" height="119"/>
</OView>
<OView class="oracle.dbtools.crest.swingui.logical.TVEntity" oid="419E99AF-E889-26B4-589B-0A34A047038D" otype="Entity" vid="393637A2-10DF-54C7-6D73-4466B7F33152">
<hideElementsInCurrentOnly>false</hideElementsInCurrentOnly>
<bounds x="678" y="506" width="193" height="106"/>
</OView>
<OView class="oracle.dbtools.crest.swingui.logical.TVEntity" oid="45C2021C-C6F8-42F0-C825-7EB23C12A12C" otype="Entity" vid="1B249E77-8291-8755-C29F-3A5246C56A7D">
<hideElementsInCurrentOnly>false</hideElementsInCurrentOnly>
<bounds x="740" y="210" width="210" height="102"/>
</OView>
<OView class="oracle.dbtools.crest.swingui.logical.TVEntity" oid="5C14234E-335E-6ADD-C50D-E48AE7BF84C6" otype="Entity" vid="792E91E5-1BFB-B946-A36B-4ECF64A2FC9E">
<hideElementsInCurrentOnly>false</hideElementsInCurrentOnly>
<bounds x="410" y="186" width="231" height="112"/>
</OView>
<OView class="oracle.dbtools.crest.swingui.logical.TVEntity" oid="80511D84-CBDE-4FC7-10BC-B55EC1C7BFEC" otype="Entity" vid="7CDBA954-0618-1F67-76E6-878525B9A56A">
<hideElementsInCurrentOnly>false</hideElementsInCurrentOnly>
<bounds x="683" y="351" width="197" height="121"/>
</OView>
<OView class="oracle.dbtools.crest.swingui.logical.TVEntity" oid="952FFAF8-1CA9-5F54-0567-02405BE97C5B" otype="Entity" vid="94D29D80-ADDA-6B7D-8175-FD291E8CF597">
<hideElementsInCurrentOnly>false</hideElementsInCurrentOnly>
<bounds x="414" y="338" width="214" height="106"/>
</OView>
<OView class="oracle.dbtools.crest.swingui.logical.TVEntity" oid="A8E55DD4-C95E-A85C-B93F-D27534CDCF80" otype="Entity" vid="2A5758F4-4658-B457-4E8F-534C147CC33D">
<hideElementsInCurrentOnly>false</hideElementsInCurrentOnly>
<bounds x="304" y="503" width="220" height="72"/>
</OView>
<OView class="oracle.dbtools.crest.swingui.logical.TVEntity" oid="AE871E49-F46A-401B-14C3-51B2FD20FCC0" otype="Entity" vid="93F11D38-BA30-8270-9743-A175CF84085D">
<hideElementsInCurrentOnly>false</hideElementsInCurrentOnly>
<bounds x="19" y="498" width="203" height="79"/>
</OView>
<OView class="oracle.dbtools.crest.swingui.logical.TVEntity" oid="B762CDC1-2A95-2E3A-EEF1-9F5FBA491D8E" otype="Entity" vid="19469ED7-0429-74BD-F482-53CC2C12E500">
<hideElementsInCurrentOnly>false</hideElementsInCurrentOnly>
<bounds x="33" y="17" width="370" height="127"/>
</OView>
<OView class="oracle.dbtools.crest.swingui.logical.TVEntity" oid="D5319BA6-9E23-8708-42AD-E9EB9C4E76E5" otype="Entity" vid="AED3A6F4-A280-05F1-3150-89363F2993E3">
<hideElementsInCurrentOnly>false</hideElementsInCurrentOnly>
<bounds x="660" y="37" width="332" height="157"/>
</OView>
</objectViews>
<connectors>
<Connector class="oracle.dbtools.crest.swingui.logical.TVRelation" oid="10B003B4-0DE5-FF67-1103-9807B3264F76" otype="Relation" vid_source="393637A2-10DF-54C7-6D73-4466B7F33152" vid_target="393637A2-10DF-54C7-6D73-4466B7F33152">
<hideElementsInCurrentOnly>false</hideElementsInCurrentOnly>
<backgroundColor>-16777216</backgroundColor>
<lineWidth>1</lineWidth>
<points>
<point x="871" y="568"/>
<point x="950" y="568"/>
<point x="950" y="687"/>
<point x="795" y="687"/>
<point x="795" y="612"/>
</points>
</Connector>
<Connector class="oracle.dbtools.crest.swingui.logical.TVRelation" oid="15D29391-3E4E-7E0B-E297-F04BFBED20A9" otype="Relation" vid_source="ED26103A-3D6E-038B-794E-BA56B7923A34" vid_target="19469ED7-0429-74BD-F482-53CC2C12E500">
<hideElementsInCurrentOnly>false</hideElementsInCurrentOnly>
<backgroundColor>-16777216</backgroundColor>
<lineWidth>1</lineWidth>
<points>
<point x="199" y="184"/>
<point x="199" y="144"/>
</points>
</Connector>
<Connector class="oracle.dbtools.crest.swingui.logical.TVRelation" oid="2452A823-90A7-9E47-7433-CFE70C4CF041" otype="Relation" vid_source="94D29D80-ADDA-6B7D-8175-FD291E8CF597" vid_target="792E91E5-1BFB-B946-A36B-4ECF64A2FC9E">
<hideElementsInCurrentOnly>false</hideElementsInCurrentOnly>
<backgroundColor>-16777216</backgroundColor>
<lineWidth>1</lineWidth>
<points>
<point x="521" y="338"/>
<point x="521" y="298"/>
</points>
</Connector>
<Connector class="oracle.dbtools.crest.swingui.logical.TVRelation" oid="64EAE85B-31D0-7405-A332-1FC2A83925A5" otype="Relation" vid_source="FA822340-897D-C490-A500-A8ABD2F3E3A2" vid_target="93F11D38-BA30-8270-9743-A175CF84085D">
<hideElementsInCurrentOnly>false</hideElementsInCurrentOnly>
<backgroundColor>-16777216</backgroundColor>
<lineWidth>1</lineWidth>
<points>
<point x="158" y="466"/>
<point x="158" y="498"/>
</points>
</Connector>
<Connector class="oracle.dbtools.crest.swingui.logical.TVRelation" oid="8BDA9462-CDA0-DBB9-455A-3887BCF0EC95" otype="Relation" vid_source="792E91E5-1BFB-B946-A36B-4ECF64A2FC9E" vid_target="ED26103A-3D6E-038B-794E-BA56B7923A34">
<hideElementsInCurrentOnly>false</hideElementsInCurrentOnly>
<backgroundColor>-16777216</backgroundColor>
<lineWidth>1</lineWidth>
<points>
<point x="410" y="242"/>
<point x="300" y="242"/>
</points>
</Connector>
<Connector class="oracle.dbtools.crest.swingui.logical.TVRelation" oid="94F16D22-1AFD-F42F-E145-69E3F916200F" otype="Relation" vid_source="7CDBA954-0618-1F67-76E6-878525B9A56A" vid_target="393637A2-10DF-54C7-6D73-4466B7F33152">
<hideElementsInCurrentOnly>false</hideElementsInCurrentOnly>
<backgroundColor>-16777216</backgroundColor>
<lineWidth>1</lineWidth>
<points>
<point x="732" y="472"/>
<point x="732" y="506"/>
</points>
</Connector>
<Connector class="oracle.dbtools.crest.swingui.logical.TVRelation" oid="A2363AAD-F430-996F-FE7F-BD57D5185F7D" otype="Relation" vid_source="FA822340-897D-C490-A500-A8ABD2F3E3A2" vid_target="ED26103A-3D6E-038B-794E-BA56B7923A34">
<hideElementsInCurrentOnly>false</hideElementsInCurrentOnly>
<backgroundColor>-16777216</backgroundColor>
<lineWidth>1</lineWidth>
<points>
<point x="199" y="347"/>
<point x="199" y="312"/>
</points>
</Connector>
<Connector class="oracle.dbtools.crest.swingui.logical.TVRelation" oid="D0E89CA3-3E03-32CD-EAEB-9D3C506ABF44" otype="Relation" vid_source="FA822340-897D-C490-A500-A8ABD2F3E3A2" vid_target="2A5758F4-4658-B457-4E8F-534C147CC33D">
<hideElementsInCurrentOnly>false</hideElementsInCurrentOnly>
<backgroundColor>-16777216</backgroundColor>
<lineWidth>1</lineWidth>
<points>
<point x="311" y="466"/>
<point x="311" y="503"/>
</points>
</Connector>
<Connector class="oracle.dbtools.crest.swingui.logical.TVRelation" oid="E0EA6176-0C97-2599-74CB-3215EED67241" otype="Relation" vid_source="7CDBA954-0618-1F67-76E6-878525B9A56A" vid_target="5F0C1069-F532-0260-82EA-19250B903533">
<hideElementsInCurrentOnly>false</hideElementsInCurrentOnly>
<backgroundColor>-16777216</backgroundColor>
<lineWidth>1</lineWidth>
<points>
<point x="880" y="418"/>
<point x="925" y="418"/>
</points>
</Connector>
<Connector class="oracle.dbtools.crest.swingui.logical.TVRelation" oid="EBA88A37-26A8-72D7-94FC-2C14626FE7AE" otype="Relation" vid_source="AED3A6F4-A280-05F1-3150-89363F2993E3" vid_target="19469ED7-0429-74BD-F482-53CC2C12E500">
<hideElementsInCurrentOnly>false</hideElementsInCurrentOnly>
<backgroundColor>-16777216</backgroundColor>
<lineWidth>1</lineWidth>
<points>
<point x="660" y="90"/>
<point x="403" y="90"/>
</points>
</Connector>
<Connector class="oracle.dbtools.crest.swingui.logical.TVRelation" oid="ED7ADD0F-0E2C-FDFB-60B1-66E60CEF9D46" otype="Relation" vid_source="1B249E77-8291-8755-C29F-3A5246C56A7D" vid_target="7CDBA954-0618-1F67-76E6-878525B9A56A">
<hideElementsInCurrentOnly>false</hideElementsInCurrentOnly>
<backgroundColor>-16777216</backgroundColor>
<lineWidth>1</lineWidth>
<points>
<point x="810" y="312"/>
<point x="810" y="351"/>
</points>
</Connector>
<Connector class="oracle.dbtools.crest.swingui.logical.TVRelation" oid="F35BB783-C4FE-ADBA-232D-738D4E639666" otype="Relation" vid_source="1B249E77-8291-8755-C29F-3A5246C56A7D" vid_target="AED3A6F4-A280-05F1-3150-89363F2993E3">
<hideElementsInCurrentOnly>false</hideElementsInCurrentOnly>
<backgroundColor>-16777216</backgroundColor>
<lineWidth>1</lineWidth>
<points>
<point x="845" y="210"/>
<point x="845" y="194"/>
</points>
</Connector>
</connectors>
</Diagram>