<?xml version = '1.0' encoding = 'UTF-8'?>
<Arc class="oracle.dbtools.crest.model.design.logical.Arc" directorySegmentName="seg_0" id="4302722F-B111-A832-ED5E-E005097150D1" name="FKArc_3">
<createdBy>Maximiliano</createdBy>
<createdTime>2025-10-13 00:24:37 UTC</createdTime>
<ownerDesignName>EFT_S9</ownerDesignName>
<engineerTo>
<item key="5276146F-A2C0-1904-4958-B00E54809284" value="true"/>
</engineerTo>
<entity>52CDD02E-B8AD-D6E3-F27C-4D7660ABDECB</entity>
<relations>
<relationID>1C69D79C-BAC8-81E8-AE64-0EBEFDC8BD90</relationID>
<relationID>59C5F041-7256-496E-1D8B-278E1B88BC4E</relationID>
<relationID>C975F979-1782-696A-0ACE-FD7FD9ACB635</relationID>
</relations>
</Arc>