<?xml version = '1.0' encoding = 'UTF-8'?>
<SequenceOraclev10g class="oracle.dbtools.crest.model.design.storage.oracle.v10g.SequenceOraclev10g" name="SEQ_ASIGNACION" directorySegmentName="seg_0" id="3E493E83-25A9-2F2C-D43A-96DBCFA121B1">
<sourceDDLFile>probrando.SQL</sourceDDLFile>
<createdBy>Maximiliano</createdBy>
<createdTime>2025-10-09 00:49:46 UTC</createdTime>
<ownerDesignName>EFT_S9</ownerDesignName>
<incrementBy>1</incrementBy>
<noCache>YES</noCache>
<startWith>1</startWith>
</SequenceOraclev10g>