<?xml version = '1.0' encoding = 'UTF-8'?>
<SequenceOraclev10g class="oracle.dbtools.crest.model.design.storage.oracle.v10g.SequenceOraclev10g" name="SEQ_REGION" directorySegmentName="seg_0" id="CB2AB4E4-B715-3017-5CCD-4E1AC505A01F">
<sourceDDLFile>probrando.SQL</sourceDDLFile>
<createdBy>Maximiliano</createdBy>
<createdTime>2025-10-09 00:49:46 UTC</createdTime>
<ownerDesignName>EFT_S9</ownerDesignName>
<incrementBy>1</incrementBy>
<noCache>YES</noCache>
<startWith>21</startWith>
</SequenceOraclev10g>