<?xml version = '1.0' encoding = 'UTF-8'?>
<Entity class="oracle.dbtools.crest.model.design.logical.Entity" directorySegmentName="seg_0" id="70A7DC16-7A1B-59EE-95F8-9883D380C87F" name="paciente funcionario">
<createdBy>Maximiliano</createdBy>
<createdTime>2025-09-12 02:25:12 UTC</createdTime>
<ownerDesignName>hospital_universitario</ownerDesignName>
<engineerTo>
<item key="E358AC4B-4BBE-B3C1-6737-F33838CBA445" value="true"/>
</engineerTo>
<adequatelyNormalized>NO</adequatelyNormalized>
<expectedVolumes>0</expectedVolumes>
<fwdEngineeringStrategyName>Single Table</fwdEngineeringStrategyName>
<growthPercent>0</growthPercent>
<growthType>Year</growthType>
<hierarchicalParent>F114218D-C6F7-B65D-6EF1-8018C66A3D8F</hierarchicalParent>
<maxVolumes>9999999</maxVolumes>
<minVolumes>0</minVolumes>
<normalForm>Third</normalForm>
<attributes itemClass="oracle.dbtools.crest.model.design.logical.Attribute">
<Attribute name="id paciente" id="B8E35E9F-4335-956B-615E-A83750E56509">
<createdBy>Maximiliano</createdBy>
<createdTime>2025-09-12 02:38:57 UTC</createdTime>
<generatorID>764B29B6-74BC-2DDF-DBD0-7ABDBA3CDEA4</generatorID>
<ownerDesignName>hospital_universitario</ownerDesignName>
<engineerTo>
<item key="E358AC4B-4BBE-B3C1-6737-F33838CBA445" value="true"/>
</engineerTo>
<referedAttribute>E4E90013-D348-9A61-818C-5639C0409DBB</referedAttribute>
<useDomainConstraints>false</useDomainConstraints>
<use>1</use>
<logicalDatatype>LOGDT019</logicalDatatype>
<ownDataTypeParameters>,,</ownDataTypeParameters>
</Attribute>
</attributes>
<identifiers itemClass="oracle.dbtools.crest.model.design.logical.CandidateKey">
<identifier id="57DE22A9-3026-15C6-E75B-D2C8217F05ED" name="paciente funcionario PK">
<createdBy>Maximiliano</createdBy>
<createdTime>2025-09-12 02:28:04 UTC</createdTime>
<ownerDesignName>hospital_universitario</ownerDesignName>
<engineerTo>
<item key="E358AC4B-4BBE-B3C1-6737-F33838CBA445" value="true"/>
</engineerTo>
<pk>true</pk>
<usedAttributes>
<attributeRef>B8E35E9F-4335-956B-615E-A83750E56509</attributeRef>
</usedAttributes>
</identifier>
</identifiers>
</Entity>