<?xml version = '1.0' encoding = 'UTF-8'?>
<Entity class="oracle.dbtools.crest.model.design.logical.Entity" directorySegmentName="seg_0" id="966F07EA-824E-A409-8932-EFA0C88B4FA1" name="atencion">
<createdBy>Maximiliano</createdBy>
<createdTime>2025-09-12 01:25:52 UTC</createdTime>
<generatorID>133DDAC4-6530-5D32-54C9-42DB5D4F1DA0</generatorID>
<ownerDesignName>hospital_universitario</ownerDesignName>
<engineerTo>
<item key="E358AC4B-4BBE-B3C1-6737-F33838CBA445" value="true"/>
</engineerTo>
<adequatelyNormalized>NO</adequatelyNormalized>
<expectedVolumes>0</expectedVolumes>
<fwdEngineeringStrategyName>Single Table</fwdEngineeringStrategyName>
<growthPercent>0</growthPercent>
<growthType>Year</growthType>
<maxVolumes>9999999</maxVolumes>
<minVolumes>0</minVolumes>
<normalForm>Third</normalForm>
<attributes itemClass="oracle.dbtools.crest.model.design.logical.Attribute">
<Attribute name="id atencion" id="EAFD22DF-FACD-EF50-7681-CC9CF127812F">
<createdBy>Maximiliano</createdBy>
<createdTime>2025-09-12 01:25:52 UTC</createdTime>
<generatorID>B13D16CA-1977-7EC0-43E0-8B796D5F7213</generatorID>
<ownerDesignName>hospital_universitario</ownerDesignName>
<engineerTo>
<item key="E358AC4B-4BBE-B3C1-6737-F33838CBA445" value="true"/>
</engineerTo>
<useDomainConstraints>false</useDomainConstraints>
<use>1</use>
<logicalDatatype>LOGDT019</logicalDatatype>
<ownDataTypeParameters>,,</ownDataTypeParameters>
</Attribute>
<Attribute name="fecha hora" id="B68CFA67-D3AD-8550-1510-A864B47065BA">
<createdBy>Maximiliano</createdBy>
<createdTime>2025-09-12 01:25:52 UTC</createdTime>
<generatorID>9AAFB73C-04AC-BA04-8A56-C8D80C96BC3D</generatorID>
<ownerDesignName>hospital_universitario</ownerDesignName>
<engineerTo>
<item key="E358AC4B-4BBE-B3C1-6737-F33838CBA445" value="true"/>
</engineerTo>
<useDomainConstraints>false</useDomainConstraints>
<use>1</use>
<logicalDatatype>LOGDT015</logicalDatatype>
<ownDataTypeParameters>,,</ownDataTypeParameters>
</Attribute>
<Attribute name="tipo atencion" id="5EE3791A-5406-EBDB-8825-7C894A3D691D">
<createdBy>Maximiliano</createdBy>
<createdTime>2025-09-12 01:25:52 UTC</createdTime>
<generatorID>93F41C7F-7B8D-AF20-AE48-B25F812E550B</generatorID>
<ownerDesignName>hospital_universitario</ownerDesignName>
<engineerTo>
<item key="E358AC4B-4BBE-B3C1-6737-F33838CBA445" value="true"/>
</engineerTo>
<constraintName>CK_ATENCION_TIPO_ATENCION</constraintName>
<useDomainConstraints>false</useDomainConstraints>
<use>1</use>
<logicalDatatype>LOGDT024</logicalDatatype>
<dataTypeSize>12 CHAR</dataTypeSize>
<checkConstraint>
<implementationDef dbType="Generic Constraint" definition="(general,urgencia,preventiva)"/>
</checkConstraint>
<ownDataTypeParameters>12 CHAR,,</ownDataTypeParameters>
</Attribute>
<Attribute name="modalidad" id="6E938A1F-6CB7-A52B-6537-347180F6EC93">
<createdBy>Maximiliano</createdBy>
<createdTime>2025-09-12 01:25:52 UTC</createdTime>
<generatorID>F70934B4-5123-85D4-7890-6B88426664F1</generatorID>
<ownerDesignName>hospital_universitario</ownerDesignName>
<engineerTo>
<item key="E358AC4B-4BBE-B3C1-6737-F33838CBA445" value="true"/>
</engineerTo>
<constraintName>CK_TIPO_MODALIDAD</constraintName>
<useDomainConstraints>false</useDomainConstraints>
<use>1</use>
<logicalDatatype>LOGDT024</logicalDatatype>
<dataTypeSize>12 CHAR</dataTypeSize>
<checkConstraint>
<implementationDef dbType="Generic Constraint" definition="(presencial,virtual)"/>
</checkConstraint>
<ownDataTypeParameters>12 CHAR,,</ownDataTypeParameters>
</Attribute>
<Attribute name="diagnostico" id="7DA2D0CE-8B43-F70E-0122-1B652589D371">
<createdBy>Maximiliano</createdBy>
<createdTime>2025-09-12 01:25:52 UTC</createdTime>
<generatorID>7C92A442-83E0-E021-4594-6A9AD50D65FB</generatorID>
<ownerDesignName>hospital_universitario</ownerDesignName>
<engineerTo>
<item key="E358AC4B-4BBE-B3C1-6737-F33838CBA445" value="true"/>
</engineerTo>
<nullsAllowed>true</nullsAllowed>
<useDomainConstraints>false</useDomainConstraints>
<use>1</use>
<logicalDatatype>LOGDT024</logicalDatatype>
<dataTypeSize>400 CHAR</dataTypeSize>
<ownDataTypeParameters>400 CHAR,,</ownDataTypeParameters>
</Attribute>
<Attribute name="id paciente" id="9683258A-4149-9D13-0811-5DEBBC45CA1D">
<createdBy>Maximiliano</createdBy>
<createdTime>2025-09-12 01:25:52 UTC</createdTime>
<generatorID>3D7112FF-C2B0-A05F-90AF-4D59B0DE4E8A</generatorID>
<ownerDesignName>hospital_universitario</ownerDesignName>
<engineerTo>
<item key="E358AC4B-4BBE-B3C1-6737-F33838CBA445" value="true"/>
</engineerTo>
<referedAttribute>E4E90013-D348-9A61-818C-5639C0409DBB</referedAttribute>
<useDomainConstraints>false</useDomainConstraints>
<use>1</use>
<logicalDatatype>LOGDT019</logicalDatatype>
<ownDataTypeParameters>,,</ownDataTypeParameters>
</Attribute>
<Attribute name="id medico" id="2AC76D85-DA79-9D24-B8B1-DF7CC1CDC771">
<createdBy>Maximiliano</createdBy>
<createdTime>2025-09-12 01:25:52 UTC</createdTime>
<generatorID>57B1DC1A-2FAA-5B45-7DB7-5CC67C4A5559</generatorID>
<ownerDesignName>hospital_universitario</ownerDesignName>
<engineerTo>
<item key="E358AC4B-4BBE-B3C1-6737-F33838CBA445" value="true"/>
</engineerTo>
<referedAttribute>1084C6C1-C741-6B73-8016-8EDCF1812AC3</referedAttribute>
<useDomainConstraints>false</useDomainConstraints>
<use>1</use>
<logicalDatatype>LOGDT019</logicalDatatype>
<ownDataTypeParameters>,,</ownDataTypeParameters>
</Attribute>
</attributes>
<identifiers itemClass="oracle.dbtools.crest.model.design.logical.CandidateKey">
<identifier id="C12C1239-E968-F902-D9E0-F0CF3D56EF1D" name="atencion PK">
<createdBy>Maximiliano</createdBy>
<createdTime>2025-09-12 01:25:52 UTC</createdTime>
<generatorID>FE149641-8FFC-B4E9-F807-F48E0465B76E</generatorID>
<ownerDesignName>hospital_universitario</ownerDesignName>
<engineerTo>
<item key="E358AC4B-4BBE-B3C1-6737-F33838CBA445" value="true"/>
</engineerTo>
<pk>true</pk>
<usedAttributes>
<attributeRef>EAFD22DF-FACD-EF50-7681-CC9CF127812F</attributeRef>
</usedAttributes>
</identifier>
</identifiers>
</Entity>