<?xml version = '1.0' encoding = 'UTF-8'?>
<Entity class="oracle.dbtools.crest.model.design.logical.Entity" directorySegmentName="seg_0" id="CC39DBDA-B65D-1C95-D57F-4FF9CF5BDF01" name="paciente estudiante">
<createdBy>Maximiliano</createdBy>
<createdTime>2025-09-12 02:23:48 UTC</createdTime>
<ownerDesignName>hospital_universitario</ownerDesignName>
<engineerTo>
<item key="E358AC4B-4BBE-B3C1-6737-F33838CBA445" value="true"/>
</engineerTo>
<adequatelyNormalized>NO</adequatelyNormalized>
<expectedVolumes>0</expectedVolumes>
<fwdEngineeringStrategyName>Single Table</fwdEngineeringStrategyName>
<growthPercent>0</growthPercent>
<growthType>Year</growthType>
<hierarchicalParent>F114218D-C6F7-B65D-6EF1-8018C66A3D8F</hierarchicalParent>
<maxVolumes>9999999</maxVolumes>
<minVolumes>0</minVolumes>
<normalForm>Third</normalForm>
<attributes itemClass="oracle.dbtools.crest.model.design.logical.Attribute">
<Attribute name="id paciente" id="D3F42380-CB16-BE74-443A-AE24F58FC615">
<createdBy>Maximiliano</createdBy>
<createdTime>2025-09-12 02:39:22 UTC</createdTime>
<generatorID>6B8491DF-BF46-A073-A895-23BDDC85DEF2</generatorID>
<ownerDesignName>hospital_universitario</ownerDesignName>
<engineerTo>
<item key="E358AC4B-4BBE-B3C1-6737-F33838CBA445" value="true"/>
</engineerTo>
<referedAttribute>E4E90013-D348-9A61-818C-5639C0409DBB</referedAttribute>
<useDomainConstraints>false</useDomainConstraints>
<use>1</use>
<logicalDatatype>LOGDT019</logicalDatatype>
<ownDataTypeParameters>,,</ownDataTypeParameters>
</Attribute>
</attributes>
<identifiers itemClass="oracle.dbtools.crest.model.design.logical.CandidateKey">
<identifier id="5361836D-5ADD-166A-902D-7602D7F75821" name="paciente estudiante PK">
<createdBy>Maximiliano</createdBy>
<createdTime>2025-09-12 02:24:48 UTC</createdTime>
<ownerDesignName>hospital_universitario</ownerDesignName>
<engineerTo>
<item key="E358AC4B-4BBE-B3C1-6737-F33838CBA445" value="true"/>
</engineerTo>
<pk>true</pk>
<usedAttributes>
<attributeRef>D3F42380-CB16-BE74-443A-AE24F58FC615</attributeRef>
</usedAttributes>
</identifier>
</identifiers>
</Entity>