<?xml version = '1.0' encoding = 'UTF-8'?>
<Entity class="oracle.dbtools.crest.model.design.logical.Entity" directorySegmentName="seg_0" id="D522F33C-0A07-EE56-A60B-6F019739C44D" name="paciente externo">
<createdBy>Maximiliano</createdBy>
<createdTime>2025-09-12 02:26:53 UTC</createdTime>
<ownerDesignName>hospital_universitario</ownerDesignName>
<engineerTo>
<item key="E358AC4B-4BBE-B3C1-6737-F33838CBA445" value="true"/>
</engineerTo>
<adequatelyNormalized>NO</adequatelyNormalized>
<expectedVolumes>0</expectedVolumes>
<fwdEngineeringStrategyName>Single Table</fwdEngineeringStrategyName>
<growthPercent>0</growthPercent>
<growthType>Year</growthType>
<hierarchicalParent>F114218D-C6F7-B65D-6EF1-8018C66A3D8F</hierarchicalParent>
<maxVolumes>9999999</maxVolumes>
<minVolumes>0</minVolumes>
<normalForm>Third</normalForm>
<attributes itemClass="oracle.dbtools.crest.model.design.logical.Attribute">
<Attribute name="id paciente" id="2B1B1BD5-947C-ECB4-E176-30B13FEDEF5F">
<createdBy>Maximiliano</createdBy>
<createdTime>2025-09-12 02:59:47 UTC</createdTime>
<generatorID>633C9235-7A48-47BB-DD39-2DEB00FE3F49</generatorID>
<ownerDesignName>hospital_universitario</ownerDesignName>
<engineerTo>
<item key="E358AC4B-4BBE-B3C1-6737-F33838CBA445" value="true"/>
</engineerTo>
<referedAttribute>E4E90013-D348-9A61-818C-5639C0409DBB</referedAttribute>
<useDomainConstraints>false</useDomainConstraints>
<use>1</use>
<logicalDatatype>LOGDT019</logicalDatatype>
<ownDataTypeParameters>,,</ownDataTypeParameters>
</Attribute>
</attributes>
<identifiers itemClass="oracle.dbtools.crest.model.design.logical.CandidateKey">
<identifier id="F022FE83-58CA-8570-1618-2292E06683D5" name="paciente externo PK">
<createdBy>Maximiliano</createdBy>
<createdTime>2025-09-12 02:28:09 UTC</createdTime>
<ownerDesignName>hospital_universitario</ownerDesignName>
<engineerTo>
<item key="E358AC4B-4BBE-B3C1-6737-F33838CBA445" value="true"/>
</engineerTo>
<pk>true</pk>
<usedAttributes>
<attributeRef>2B1B1BD5-947C-ECB4-E176-30B13FEDEF5F</attributeRef>
</usedAttributes>
</identifier>
</identifiers>
</Entity>