<?xml version = '1.0' encoding = 'UTF-8'?>
<Entity class="oracle.dbtools.crest.model.design.logical.Entity" directorySegmentName="seg_0" id="F114218D-C6F7-B65D-6EF1-8018C66A3D8F" name="paciente">
<createdBy>Maximiliano</createdBy>
<createdTime>2025-09-12 01:25:52 UTC</createdTime>
<generatorID>C02FA863-50C9-CB2E-0B0B-A621F5CE3A74</generatorID>
<ownerDesignName>hospital_universitario</ownerDesignName>
<engineerTo>
<item key="E358AC4B-4BBE-B3C1-6737-F33838CBA445" value="true"/>
</engineerTo>
<adequatelyNormalized>NO</adequatelyNormalized>
<expectedVolumes>0</expectedVolumes>
<fwdEngineeringStrategyName>Single Table</fwdEngineeringStrategyName>
<growthPercent>0</growthPercent>
<growthType>Year</growthType>
<maxVolumes>9999999</maxVolumes>
<minVolumes>0</minVolumes>
<normalForm>Third</normalForm>
<attributes itemClass="oracle.dbtools.crest.model.design.logical.Attribute">
<Attribute name="id paciente" id="E4E90013-D348-9A61-818C-5639C0409DBB">
<createdBy>Maximiliano</createdBy>
<createdTime>2025-09-12 01:25:52 UTC</createdTime>
<generatorID>4F3631FF-A6C5-F8F2-57E0-FF8422674B39</generatorID>
<ownerDesignName>hospital_universitario</ownerDesignName>
<engineerTo>
<item key="E358AC4B-4BBE-B3C1-6737-F33838CBA445" value="true"/>
</engineerTo>
<useDomainConstraints>false</useDomainConstraints>
<use>1</use>
<logicalDatatype>LOGDT019</logicalDatatype>
<ownDataTypeParameters>,,</ownDataTypeParameters>
</Attribute>
<Attribute name="rut" id="E2CD952A-63F0-DBF0-DE32-99443BAC75F3">
<createdBy>Maximiliano</createdBy>
<createdTime>2025-09-12 01:25:52 UTC</createdTime>
<generatorID>B6A6A366-34BD-548C-5759-F5CA019F7BC2</generatorID>
<ownerDesignName>hospital_universitario</ownerDesignName>
<engineerTo>
<item key="E358AC4B-4BBE-B3C1-6737-F33838CBA445" value="true"/>
</engineerTo>
<useDomainConstraints>false</useDomainConstraints>
<use>1</use>
<logicalDatatype>LOGDT024</logicalDatatype>
<dataTypeSize>12 CHAR</dataTypeSize>
<ownDataTypeParameters>12 CHAR,,</ownDataTypeParameters>
</Attribute>
<Attribute name="nombre completo" id="12EECC03-EF6E-9234-1BAE-A42B3EBC8B4E">
<createdBy>Maximiliano</createdBy>
<createdTime>2025-09-12 01:25:52 UTC</createdTime>
<generatorID>F8B824D4-62C0-2971-14C1-AA623E3E8651</generatorID>
<ownerDesignName>hospital_universitario</ownerDesignName>
<engineerTo>
<item key="E358AC4B-4BBE-B3C1-6737-F33838CBA445" value="true"/>
</engineerTo>
<useDomainConstraints>false</useDomainConstraints>
<use>1</use>
<logicalDatatype>LOGDT024</logicalDatatype>
<dataTypeSize>120 CHAR</dataTypeSize>
<ownDataTypeParameters>120 CHAR,,</ownDataTypeParameters>
</Attribute>
<Attribute name="sexo" id="6BF29ADE-9A30-7197-BCE0-63F96A4D6EAE">
<createdBy>Maximiliano</createdBy>
<createdTime>2025-09-12 01:25:52 UTC</createdTime>
<generatorID>6DFF7DE4-889F-A7FD-8F68-9A1E35290915</generatorID>
<ownerDesignName>hospital_universitario</ownerDesignName>
<engineerTo>
<item key="E358AC4B-4BBE-B3C1-6737-F33838CBA445" value="true"/>
</engineerTo>
<constraintName>CK_PACIENTE_SEXO</constraintName>
<useDomainConstraints>false</useDomainConstraints>
<use>1</use>
<logicalDatatype>LOGDT025</logicalDatatype>
<dataTypeSize>1 CHAR</dataTypeSize>
<checkConstraint>
<implementationDef dbType="Generic Constraint" definition="(M,F)"/>
</checkConstraint>
<ownDataTypeParameters>1 CHAR,,</ownDataTypeParameters>
</Attribute>
<Attribute name="fecha nacimiento" id="68DB5870-298E-7FA3-5F14-B2E31A9B9E3B">
<createdBy>Maximiliano</createdBy>
<createdTime>2025-09-12 01:25:52 UTC</createdTime>
<generatorID>B651BA3A-715A-74BC-FB7E-5FAB489A4C5A</generatorID>
<ownerDesignName>hospital_universitario</ownerDesignName>
<engineerTo>
<item key="E358AC4B-4BBE-B3C1-6737-F33838CBA445" value="true"/>
</engineerTo>
<useDomainConstraints>false</useDomainConstraints>
<use>1</use>
<logicalDatatype>LOGDT007</logicalDatatype>
<ownDataTypeParameters>,,</ownDataTypeParameters>
</Attribute>
<Attribute name="tipo_paciente" id="42FEF585-1A8F-7871-BD5A-00985B65495D">
<createdBy>Maximiliano</createdBy>
<createdTime>2025-09-12 04:19:23 UTC</createdTime>
<ownerDesignName>hospital_universitario</ownerDesignName>
<engineerTo>
<item key="E358AC4B-4BBE-B3C1-6737-F33838CBA445" value="true"/>
</engineerTo>
<useDomainConstraints>false</useDomainConstraints>
<use>1</use>
<logicalDatatype>LOGDT024</logicalDatatype>
<ownDataTypeParameters>,,</ownDataTypeParameters>
</Attribute>
<Attribute name="direccion" id="A79A8972-EE13-B63A-FB3F-CDFE79E63441">
<createdBy>Maximiliano</createdBy>
<createdTime>2025-09-12 01:25:52 UTC</createdTime>
<generatorID>DC2593D2-B636-E4EF-ABCF-54AD5EA8B1EA</generatorID>
<ownerDesignName>hospital_universitario</ownerDesignName>
<engineerTo>
<item key="E358AC4B-4BBE-B3C1-6737-F33838CBA445" value="true"/>
</engineerTo>
<useDomainConstraints>false</useDomainConstraints>
<use>1</use>
<logicalDatatype>LOGDT024</logicalDatatype>
<dataTypeSize>160 CHAR</dataTypeSize>
<ownDataTypeParameters>160 CHAR,,</ownDataTypeParameters>
</Attribute>
<Attribute name="id comuna" id="0CC15B7E-A304-321C-70F5-6A5D1DDC146C">
<createdBy>Maximiliano</createdBy>
<createdTime>2025-09-12 01:25:52 UTC</createdTime>
<generatorID>41129814-B120-97B0-612E-1808482F6AB7</generatorID>
<ownerDesignName>hospital_universitario</ownerDesignName>
<engineerTo>
<item key="E358AC4B-4BBE-B3C1-6737-F33838CBA445" value="true"/>
</engineerTo>
<referedAttribute>C67A2F21-3BF0-838A-FAAE-1C8233D147E0</referedAttribute>
<useDomainConstraints>false</useDomainConstraints>
<use>1</use>
<logicalDatatype>LOGDT019</logicalDatatype>
<ownDataTypeParameters>,,</ownDataTypeParameters>
</Attribute>
<Attribute name="email" id="3D13BDA5-DC86-47DF-F893-915D77A23CD6">
<createdBy>Maximiliano</createdBy>
<createdTime>2025-09-12 01:25:52 UTC</createdTime>
<generatorID>FD717717-F4DE-CBCB-5678-C24AAA4931D0</generatorID>
<ownerDesignName>hospital_universitario</ownerDesignName>
<engineerTo>
<item key="E358AC4B-4BBE-B3C1-6737-F33838CBA445" value="true"/>
</engineerTo>
<nullsAllowed>true</nullsAllowed>
<useDomainConstraints>false</useDomainConstraints>
<use>1</use>
<logicalDatatype>LOGDT024</logicalDatatype>
<dataTypeSize>120 CHAR</dataTypeSize>
<ownDataTypeParameters>120 CHAR,,</ownDataTypeParameters>
</Attribute>
<Attribute name="telefono" id="BBB1EE12-8F4F-BD42-934F-CAE8F043B03C">
<createdBy>Maximiliano</createdBy>
<createdTime>2025-09-12 01:25:52 UTC</createdTime>
<generatorID>3954BF68-1E4C-CCFA-0D2C-391DB3D52ED5</generatorID>
<ownerDesignName>hospital_universitario</ownerDesignName>
<engineerTo>
<item key="E358AC4B-4BBE-B3C1-6737-F33838CBA445" value="true"/>
</engineerTo>
<nullsAllowed>true</nullsAllowed>
<useDomainConstraints>false</useDomainConstraints>
<use>1</use>
<logicalDatatype>LOGDT024</logicalDatatype>
<dataTypeSize>30 CHAR</dataTypeSize>
<ownDataTypeParameters>30 CHAR,,</ownDataTypeParameters>
</Attribute>
</attributes>
<identifiers itemClass="oracle.dbtools.crest.model.design.logical.CandidateKey">
<identifier id="EABAFC73-5DB4-760D-C0DB-01ABF2217E5D" name="paciente PK">
<createdBy>Maximiliano</createdBy>
<createdTime>2025-09-12 01:25:52 UTC</createdTime>
<generatorID>268E3DF4-BE35-7FD9-A5A2-70DA3F9DE85E</generatorID>
<ownerDesignName>hospital_universitario</ownerDesignName>
<engineerTo>
<item key="E358AC4B-4BBE-B3C1-6737-F33838CBA445" value="true"/>
</engineerTo>
<pk>true</pk>
<usedAttributes>
<attributeRef>E4E90013-D348-9A61-818C-5639C0409DBB</attributeRef>
</usedAttributes>
</identifier>
<identifier id="A0D13D3F-872B-5AE2-45D6-D7C923C721A7" name="uq paciente rut">
<createdBy>Maximiliano</createdBy>
<createdTime>2025-09-12 01:25:52 UTC</createdTime>
<generatorID>68631B82-C0B7-05A5-AA24-E54B6F15A975</generatorID>
<ownerDesignName>hospital_universitario</ownerDesignName>
<engineerTo>
<item key="E358AC4B-4BBE-B3C1-6737-F33838CBA445" value="true"/>
</engineerTo>
<usedAttributes>
<attributeRef>E2CD952A-63F0-DBF0-DE32-99443BAC75F3</attributeRef>
</usedAttributes>
</identifier>
</identifiers>
</Entity>