<?xml version = '1.0' encoding = 'UTF-8'?>
<Relation class="oracle.dbtools.crest.model.design.logical.Relation" name="Relation_10" directorySegmentName="seg_0" id="63A5CC33-12E7-AD87-70C6-547661E9291A">
<createdBy>Maximiliano</createdBy>
<createdTime>2025-08-18 17:41:44 UTC</createdTime>
<ownerDesignName>BT&amp;Airways</ownerDesignName>
<engineerTo>
<item key="3BA96587-0676-1345-450D-4C3848D4E3DD" value="true"/>
</engineerTo>
<sourcePk>342EBA8A-80FE-4DBD-278F-B0D153FDB8ED</sourcePk>
<identifying>false</identifying>
<optionalSource>true</optionalSource>
<optionalTarget>false</optionalTarget>
<sourceCardinality>1</sourceCardinality>
<sourceEntity>37AEB6F3-A1F2-A5BC-CED3-4EE3E5FABDFE</sourceEntity>
<targetCardinalityString>*</targetCardinalityString>
<targetEntity>9CE2A3BB-6F91-F719-21DA-945492F542DC</targetEntity>
<transferable>true</transferable>
<deleteRule>NO ACTION</deleteRule>
</Relation>