<?xml version = '1.0' encoding = 'UTF-8'?>
<Relation class="oracle.dbtools.crest.model.design.logical.Relation" name="Relation_9" directorySegmentName="seg_0" id="88D22C12-4D48-98C9-CEA1-F49A20445225">
<createdBy>Maximiliano</createdBy>
<createdTime>2025-08-18 17:41:22 UTC</createdTime>
<ownerDesignName>BT&amp;Airways</ownerDesignName>
<engineerTo>
<item key="3BA96587-0676-1345-450D-4C3848D4E3DD" value="true"/>
</engineerTo>
<sourcePk>55E6042D-983D-0C8B-004F-60F9D31A0500</sourcePk>
<identifying>false</identifying>
<optionalSource>true</optionalSource>
<optionalTarget>false</optionalTarget>
<sourceCardinality>1</sourceCardinality>
<sourceEntity>913AE4FC-6BD3-1056-5F04-7766B1A845D9</sourceEntity>
<targetCardinalityString>*</targetCardinalityString>
<targetEntity>9CE2A3BB-6F91-F719-21DA-945492F542DC</targetEntity>
<transferable>true</transferable>
<deleteRule>NO ACTION</deleteRule>
</Relation>