<?xml version = '1.0' encoding = 'UTF-8'?>
<Relation class="oracle.dbtools.crest.model.design.logical.Relation" name="Relation_8" directorySegmentName="seg_0" id="8FA96C17-4E7D-E24A-D6B8-63BC5DC0C4CE">
<createdBy>Maximiliano</createdBy>
<createdTime>2025-08-18 17:40:42 UTC</createdTime>
<ownerDesignName>BT&amp;Airways</ownerDesignName>
<engineerTo>
<item key="3BA96587-0676-1345-450D-4C3848D4E3DD" value="true"/>
</engineerTo>
<sourcePk>8FFD9DC7-9E85-9B87-3446-B53E68AB9BCE</sourcePk>
<identifying>false</identifying>
<optionalSource>true</optionalSource>
<optionalTarget>false</optionalTarget>
<sourceCardinality>1</sourceCardinality>
<sourceEntity>46AA9323-816E-71F9-0C54-B5BE9C7B24FE</sourceEntity>
<targetCardinalityString>*</targetCardinalityString>
<targetEntity>9CE2A3BB-6F91-F719-21DA-945492F542DC</targetEntity>
<transferable>true</transferable>
<deleteRule>NO ACTION</deleteRule>
</Relation>