<?xml version = '1.0' encoding = 'UTF-8'?>
<Relation class="oracle.dbtools.crest.model.design.logical.Relation" name="Relation_12" directorySegmentName="seg_0" id="E3D2641F-25D1-F999-0B5E-992FA3A9B80E">
<createdBy>Maximiliano</createdBy>
<createdTime>2025-08-18 17:42:19 UTC</createdTime>
<ownerDesignName>BT&amp;Airways</ownerDesignName>
<engineerTo>
<item key="3BA96587-0676-1345-450D-4C3848D4E3DD" value="true"/>
</engineerTo>
<sourcePk>0FC3A3C1-CAA5-B4C7-F908-02A65494472F</sourcePk>
<identifying>false</identifying>
<optionalSource>true</optionalSource>
<optionalTarget>false</optionalTarget>
<sourceCardinality>1</sourceCardinality>
<sourceEntity>830935C2-4683-B64F-A7D2-9C083C42DB53</sourceEntity>
<targetCardinalityString>*</targetCardinalityString>
<targetEntity>37AEB6F3-A1F2-A5BC-CED3-4EE3E5FABDFE</targetEntity>
<transferable>true</transferable>
<deleteRule>NO ACTION</deleteRule>
</Relation>