<?xml version = '1.0' encoding = 'UTF-8'?>
<DomainFile class="oracle.dbtools.crest.model.design.DomainFileWrapper" fileName="VivirMejor_Domains">
<domains>
<Domain class="oracle.dbtools.crest.model.design.Domain" name="Date_0_0_0" id="0F760017-D438-15C6-DFA3-42C78B72B02A">
<createdBy>Maximiliano</createdBy>
<createdTime>2025-08-28 01:46:05 UTC</createdTime>
<ownerDesignName>vivir_mejor</ownerDesignName>
<avTSortOrder>0</avTSortOrder>
<fileName>VivirMejor_Domains</fileName>
<logicalDatatype>LOGDT007</logicalDatatype>
</Domain>
<Domain class="oracle.dbtools.crest.model.design.Domain" name="VARCHAR_0_0_12" id="28486508-679E-28FC-2DB9-118118858926">
<createdBy>Maximiliano</createdBy>
<createdTime>2025-08-28 01:46:05 UTC</createdTime>
<ownerDesignName>vivir_mejor</ownerDesignName>
<avTSortOrder>0</avTSortOrder>
<dataTypePrecision>0</dataTypePrecision>
<dataTypeScale>0</dataTypeScale>
<dataTypeSize>12</dataTypeSize>
<fileName>VivirMejor_Domains</fileName>
<logicalDatatype>LOGDT024</logicalDatatype>
</Domain>
<Domain class="oracle.dbtools.crest.model.design.Domain" name="VARCHAR_0_0_30" id="36C8D2AC-0A28-F09E-ACAB-CEC6BACA3938">
<createdBy>Maximiliano</createdBy>
<createdTime>2025-08-28 01:46:05 UTC</createdTime>
<ownerDesignName>vivir_mejor</ownerDesignName>
<avTSortOrder>0</avTSortOrder>
<dataTypePrecision>0</dataTypePrecision>
<dataTypeScale>0</dataTypeScale>
<dataTypeSize>30</dataTypeSize>
<fileName>VivirMejor_Domains</fileName>
<logicalDatatype>LOGDT024</logicalDatatype>
</Domain>
<Domain class="oracle.dbtools.crest.model.design.Domain" name="VARCHAR_0_0_100" id="4793E71D-7273-5C4D-B5B8-7C699389169B">
<createdBy>Maximiliano</createdBy>
<createdTime>2025-08-28 01:46:05 UTC</createdTime>
<ownerDesignName>vivir_mejor</ownerDesignName>
<avTSortOrder>0</avTSortOrder>
<dataTypePrecision>0</dataTypePrecision>
<dataTypeScale>0</dataTypeScale>
<dataTypeSize>100</dataTypeSize>
<fileName>VivirMejor_Domains</fileName>
<logicalDatatype>LOGDT024</logicalDatatype>
</Domain>
<Domain class="oracle.dbtools.crest.model.design.Domain" name="VARCHAR_0_0_10" id="70A01707-0219-E5BF-9615-1D28DB05C1AB">
<createdBy>Maximiliano</createdBy>
<createdTime>2025-08-28 01:46:05 UTC</createdTime>
<ownerDesignName>vivir_mejor</ownerDesignName>
<avTSortOrder>0</avTSortOrder>
<dataTypePrecision>0</dataTypePrecision>
<dataTypeScale>0</dataTypeScale>
<dataTypeSize>10</dataTypeSize>
<fileName>VivirMejor_Domains</fileName>
<logicalDatatype>LOGDT024</logicalDatatype>
</Domain>
<Domain class="oracle.dbtools.crest.model.design.Domain" name="VARCHAR_0_0_15" id="82A1373B-B3C1-6F50-06C9-303E68368F0B">
<createdBy>Maximiliano</createdBy>
<createdTime>2025-08-28 01:46:05 UTC</createdTime>
<ownerDesignName>vivir_mejor</ownerDesignName>
<avTSortOrder>0</avTSortOrder>
<dataTypePrecision>0</dataTypePrecision>
<dataTypeScale>0</dataTypeScale>
<dataTypeSize>15</dataTypeSize>
<fileName>VivirMejor_Domains</fileName>
<logicalDatatype>LOGDT024</logicalDatatype>
</Domain>
<Domain class="oracle.dbtools.crest.model.design.Domain" name="VARCHAR_0_0_20" id="831B9290-E797-DD55-E57C-DBD4BC1CB368">
<createdBy>Maximiliano</createdBy>
<createdTime>2025-08-28 01:46:05 UTC</createdTime>
<ownerDesignName>vivir_mejor</ownerDesignName>
<avTSortOrder>0</avTSortOrder>
<dataTypePrecision>0</dataTypePrecision>
<dataTypeScale>0</dataTypeScale>
<dataTypeSize>20</dataTypeSize>
<fileName>VivirMejor_Domains</fileName>
<logicalDatatype>LOGDT024</logicalDatatype>
</Domain>
<Domain class="oracle.dbtools.crest.model.design.Domain" name="Integer_0_0_0" id="F40A2AB0-2248-0E9A-8599-4DC431D7B148">
<createdBy>Maximiliano</createdBy>
<createdTime>2025-08-28 01:46:05 UTC</createdTime>
<ownerDesignName>vivir_mejor</ownerDesignName>
<avTSortOrder>0</avTSortOrder>
<fileName>VivirMejor_Domains</fileName>
<logicalDatatype>LOGDT011</logicalDatatype>
</Domain>
<Domain class="oracle.dbtools.crest.model.design.Domain" name="VARCHAR_0_0_50" id="F5F3543A-CF7D-3CD4-E1F8-D9FD11C420F1">
<createdBy>Maximiliano</createdBy>
<createdTime>2025-08-28 01:46:05 UTC</createdTime>
<ownerDesignName>vivir_mejor</ownerDesignName>
<avTSortOrder>0</avTSortOrder>
<dataTypePrecision>0</dataTypePrecision>
<dataTypeScale>0</dataTypeScale>
<dataTypeSize>50</dataTypeSize>
<fileName>VivirMejor_Domains</fileName>
<logicalDatatype>LOGDT024</logicalDatatype>
</Domain>
</domains>
</DomainFile>