<?xml version = '1.0' encoding = 'UTF-8'?>
<Relation class="oracle.dbtools.crest.model.design.logical.Relation" name="empresa_ciudad_FKv1" directorySegmentName="seg_0" id="0A4B3B9A-0EA8-A7FF-42F4-ABCFB3E0544E">
<createdBy>Maximiliano</createdBy>
<createdTime>2025-09-08 23:32:05 UTC</createdTime>
<generatorID>1BECB979-1466-E62D-903D-EAAE6E5380DA</generatorID>
<ownerDesignName>semana4</ownerDesignName>
<engineerTo>
<item key="45D0255D-F063-176C-EED8-7DD5FD745194" value="true"/>
<item key="E57BD047-9CE9-0765-5951-289D17232533" value="true"/>
</engineerTo>
<sourcePk>2E46E8CB-38F8-1D04-9D4E-8114B1141117</sourcePk>
<identifying>false</identifying>
<optionalSource>true</optionalSource>
<optionalTarget>false</optionalTarget>
<sourceCardinality>1</sourceCardinality>
<sourceEntity>0B5E6956-E3CE-3C26-9449-93108E9B506E</sourceEntity>
<targetCardinalityString>*</targetCardinalityString>
<targetEntity>1F5DB26D-9AC4-0214-8B2E-0DEBEEF6352F</targetEntity>
<transferable>true</transferable>
<deleteRule>NO ACTION</deleteRule>
</Relation>