<?xml version = '1.0' encoding = 'UTF-8'?>
<Relation class="oracle.dbtools.crest.model.design.logical.Relation" name="postulante_ciudad_FKv1" directorySegmentName="seg_0" id="2898039C-AD37-4B54-C75F-17AA37AACE31">
<createdBy>Maximiliano</createdBy>
<createdTime>2025-09-08 23:32:05 UTC</createdTime>
<generatorID>35F4A6A3-0E54-494E-336F-5CDEDD8645AC</generatorID>
<ownerDesignName>semana4</ownerDesignName>
<engineerTo>
<item key="45D0255D-F063-176C-EED8-7DD5FD745194" value="true"/>
<item key="E57BD047-9CE9-0765-5951-289D17232533" value="true"/>
</engineerTo>
<sourcePk>2E46E8CB-38F8-1D04-9D4E-8114B1141117</sourcePk>
<identifying>false</identifying>
<optionalSource>true</optionalSource>
<optionalTarget>false</optionalTarget>
<sourceCardinality>1</sourceCardinality>
<sourceEntity>0B5E6956-E3CE-3C26-9449-93108E9B506E</sourceEntity>
<targetCardinalityString>*</targetCardinalityString>
<targetEntity>A56F0972-DE8E-EEA0-0811-FFDE3A1F8BAE</targetEntity>
<transferable>true</transferable>
<deleteRule>NO ACTION</deleteRule>
</Relation>