<?xml version = '1.0' encoding = 'UTF-8'?>
<Relation class="oracle.dbtools.crest.model.design.logical.Relation" name="postulacion_postulante_FKv1" directorySegmentName="seg_0" id="3013BB10-8B30-589C-48A1-43A507D776BC">
<createdBy>Maximiliano</createdBy>
<createdTime>2025-09-08 23:32:05 UTC</createdTime>
<generatorID>15CCAC80-9403-74FC-B029-CEFE12E0A079</generatorID>
<ownerDesignName>semana4</ownerDesignName>
<engineerTo>
<item key="45D0255D-F063-176C-EED8-7DD5FD745194" value="true"/>
<item key="E57BD047-9CE9-0765-5951-289D17232533" value="true"/>
</engineerTo>
<sourcePk>4C7348E5-32FC-CCFB-746A-D9C404201380</sourcePk>
<dominantRole>A56F0972-DE8E-EEA0-0811-FFDE3A1F8BAE</dominantRole>
<identifying>false</identifying>
<optionalSource>false</optionalSource>
<optionalTarget>false</optionalTarget>
<sourceCardinality>1</sourceCardinality>
<sourceEntity>A56F0972-DE8E-EEA0-0811-FFDE3A1F8BAE</sourceEntity>
<targetCardinalityString>1</targetCardinalityString>
<targetEntity>5D9D06C0-E220-22E5-7D61-E72DEE971FED</targetEntity>
<transferable>true</transferable>
<deleteRule>CASCADE</deleteRule>
</Relation>