<?xml version = '1.0' encoding = 'UTF-8'?>
<Relation class="oracle.dbtools.crest.model.design.logical.Relation" name="postulacion_empresa_FKv1" directorySegmentName="seg_0" id="4459487A-6DDF-F263-792E-7CB07E6D6CFE">
<createdBy>Maximiliano</createdBy>
<createdTime>2025-09-08 23:32:05 UTC</createdTime>
<generatorID>846468E8-28BA-7600-A02F-3BB5FE6B5A34</generatorID>
<ownerDesignName>semana4</ownerDesignName>
<engineerTo>
<item key="45D0255D-F063-176C-EED8-7DD5FD745194" value="true"/>
<item key="E57BD047-9CE9-0765-5951-289D17232533" value="true"/>
</engineerTo>
<sourcePk>E06E5042-FB43-9782-074E-A807D881396C</sourcePk>
<identifying>false</identifying>
<optionalSource>true</optionalSource>
<optionalTarget>false</optionalTarget>
<sourceCardinality>1</sourceCardinality>
<sourceEntity>1F5DB26D-9AC4-0214-8B2E-0DEBEEF6352F</sourceEntity>
<targetCardinalityString>*</targetCardinalityString>
<targetEntity>5D9D06C0-E220-22E5-7D61-E72DEE971FED</targetEntity>
<transferable>true</transferable>
<deleteRule>NO ACTION</deleteRule>
</Relation>