<?xml version = '1.0' encoding = 'UTF-8'?>
<Relation class="oracle.dbtools.crest.model.design.logical.Relation" name="ciudad_pais_FKv1" directorySegmentName="seg_0" id="570C8BE8-705A-EFBD-338D-04F3D78030F4">
<createdBy>Maximiliano</createdBy>
<createdTime>2025-09-08 23:32:05 UTC</createdTime>
<generatorID>F7609E94-C6CC-A416-45B4-29B3E0DF61B2</generatorID>
<ownerDesignName>semana4</ownerDesignName>
<engineerTo>
<item key="45D0255D-F063-176C-EED8-7DD5FD745194" value="true"/>
<item key="E57BD047-9CE9-0765-5951-289D17232533" value="true"/>
</engineerTo>
<sourcePk>8BA2700B-5F05-0D07-473F-4740868902B0</sourcePk>
<identifying>false</identifying>
<optionalSource>true</optionalSource>
<optionalTarget>false</optionalTarget>
<sourceCardinality>1</sourceCardinality>
<sourceEntity>BDFBDAEC-F235-7CE4-3175-AD579197BAD7</sourceEntity>
<targetCardinalityString>*</targetCardinalityString>
<targetEntity>0B5E6956-E3CE-3C26-9449-93108E9B506E</targetEntity>
<transferable>true</transferable>
<deleteRule>NO ACTION</deleteRule>
</Relation>