<?xml version = '1.0' encoding = 'UTF-8'?>
<Relation class="oracle.dbtools.crest.model.design.logical.Relation" name="postulante_titulo_titulo_FKv1" directorySegmentName="seg_0" id="B5323696-10F7-1252-7BFD-3E3E01C2B135">
<createdBy>Maximiliano</createdBy>
<createdTime>2025-09-08 23:32:05 UTC</createdTime>
<generatorID>5838612C-6DE5-08BC-8F35-3D62DE9AB240</generatorID>
<ownerDesignName>semana4</ownerDesignName>
<engineerTo>
<item key="45D0255D-F063-176C-EED8-7DD5FD745194" value="true"/>
<item key="E57BD047-9CE9-0765-5951-289D17232533" value="true"/>
</engineerTo>
<sourcePk>D819532D-DC4A-1E2B-AAC1-5DDF9DE5BCDA</sourcePk>
<identifying>true</identifying>
<optionalSource>true</optionalSource>
<optionalTarget>false</optionalTarget>
<sourceCardinality>1</sourceCardinality>
<sourceEntity>1326EAAB-F4DD-70E8-E78A-A5F802BCAEB8</sourceEntity>
<targetCardinalityString>*</targetCardinalityString>
<targetEntity>E4A70541-0137-DD0A-8A56-233402956F77</targetEntity>
<transferable>true</transferable>
<deleteRule>NO ACTION</deleteRule>
</Relation>