<?xml version = '1.0' encoding = 'UTF-8'?>
<Relation class="oracle.dbtools.crest.model.design.logical.Relation" name="postulante_titulo_postulante_FKv1" directorySegmentName="seg_0" id="C74D0ADF-B773-B107-2887-47A1400A7590">
<createdBy>Maximiliano</createdBy>
<createdTime>2025-09-08 23:32:05 UTC</createdTime>
<generatorID>79F06F09-B491-20D5-5A18-D14435A40445</generatorID>
<ownerDesignName>semana4</ownerDesignName>
<engineerTo>
<item key="45D0255D-F063-176C-EED8-7DD5FD745194" value="true"/>
<item key="E57BD047-9CE9-0765-5951-289D17232533" value="true"/>
</engineerTo>
<sourcePk>4C7348E5-32FC-CCFB-746A-D9C404201380</sourcePk>
<identifying>true</identifying>
<optionalSource>false</optionalSource>
<optionalTarget>false</optionalTarget>
<sourceCardinality>1</sourceCardinality>
<sourceEntity>A56F0972-DE8E-EEA0-0811-FFDE3A1F8BAE</sourceEntity>
<targetCardinalityString>*</targetCardinalityString>
<targetEntity>E4A70541-0137-DD0A-8A56-233402956F77</targetEntity>
<transferable>true</transferable>
<deleteRule>CASCADE</deleteRule>
</Relation>