<?xml version = '1.0' encoding = 'UTF-8'?>
<relationalModel class="oracle.dbtools.crest.model.design.relational.RelationalDesign" name="Relational_1" id="B3BEE821-A88E-8514-4924-309F96FB4B4E" mainViewID="2454538E-901C-0F9A-9772-0B923A2DBB37">
<createdBy>Maximiliano</createdBy>
<createdTime>2025-08-24 18:30:49 UTC</createdTime>
<ownerDesignName>aeropuerto_semana_2</ownerDesignName>
<shouldBeOpen>true</shouldBeOpen>
<selectedRDBMSSite>32076570-2523-435C-2E92-BF29817DFF70</selectedRDBMSSite>
</relationalModel>