<?xml version = '1.0' encoding = 'UTF-8'?>
<DomainFile class="oracle.dbtools.crest.model.design.DomainFileWrapper" fileName="aeropuerto_Domains">
<domains>
<Domain class="oracle.dbtools.crest.model.design.Domain" name="VARCHAR_0_0_30" id="0C7644F9-2B70-8145-72EE-890F07C351FF">
<createdBy>Maximiliano</createdBy>
<createdTime>2025-08-18 01:56:11 UTC</createdTime>
<ownerDesignName>BT&amp;Airways</ownerDesignName>
<avTSortOrder>0</avTSortOrder>
<dataTypePrecision>0</dataTypePrecision>
<dataTypeScale>0</dataTypeScale>
<dataTypeSize>30</dataTypeSize>
<fileName>aeropuerto_Domains</fileName>
<logicalDatatype>LOGDT024</logicalDatatype>
</Domain>
<Domain class="oracle.dbtools.crest.model.design.Domain" name="VARCHAR_0_0_12" id="23EF3548-B119-1121-8EBC-5ED7199A2C73">
<createdBy>Maximiliano</createdBy>
<createdTime>2025-08-18 01:56:11 UTC</createdTime>
<ownerDesignName>BT&amp;Airways</ownerDesignName>
<avTSortOrder>0</avTSortOrder>
<dataTypePrecision>0</dataTypePrecision>
<dataTypeScale>0</dataTypeScale>
<dataTypeSize>12</dataTypeSize>
<fileName>aeropuerto_Domains</fileName>
<logicalDatatype>LOGDT024</logicalDatatype>
</Domain>
<Domain class="oracle.dbtools.crest.model.design.Domain" name="VARCHAR_0_0_100" id="3213DADA-3C9C-5670-0DF6-5B87EE643DAA">
<createdBy>Maximiliano</createdBy>
<createdTime>2025-08-18 01:56:11 UTC</createdTime>
<ownerDesignName>BT&amp;Airways</ownerDesignName>
<avTSortOrder>0</avTSortOrder>
<dataTypePrecision>0</dataTypePrecision>
<dataTypeScale>0</dataTypeScale>
<dataTypeSize>100</dataTypeSize>
<fileName>aeropuerto_Domains</fileName>
<logicalDatatype>LOGDT024</logicalDatatype>
</Domain>
<Domain class="oracle.dbtools.crest.model.design.Domain" name="NUMERIC_12_2_0" id="588F7690-A895-10CF-3F75-F0AE5DC63C33">
<createdBy>Maximiliano</createdBy>
<createdTime>2025-08-18 01:56:11 UTC</createdTime>
<ownerDesignName>BT&amp;Airways</ownerDesignName>
<avTSortOrder>0</avTSortOrder>
<dataTypePrecision>12</dataTypePrecision>
<dataTypeScale>2</dataTypeScale>
<dataTypeSize>0</dataTypeSize>
<fileName>aeropuerto_Domains</fileName>
<logicalDatatype>LOGDT019</logicalDatatype>
</Domain>
<Domain class="oracle.dbtools.crest.model.design.Domain" name="VARCHAR_0_0_200" id="5A7DE02D-AFA4-A150-F12D-D983974F3360">
<createdBy>Maximiliano</createdBy>
<createdTime>2025-08-18 01:56:11 UTC</createdTime>
<ownerDesignName>BT&amp;Airways</ownerDesignName>
<avTSortOrder>0</avTSortOrder>
<dataTypePrecision>0</dataTypePrecision>
<dataTypeScale>0</dataTypeScale>
<dataTypeSize>200</dataTypeSize>
<fileName>aeropuerto_Domains</fileName>
<logicalDatatype>LOGDT024</logicalDatatype>
</Domain>
<Domain class="oracle.dbtools.crest.model.design.Domain" name="Timestamp_6_0_0" id="5C299411-9773-1682-4169-2693295922E3">
<createdBy>Maximiliano</createdBy>
<createdTime>2025-08-18 01:56:11 UTC</createdTime>
<ownerDesignName>BT&amp;Airways</ownerDesignName>
<avTSortOrder>0</avTSortOrder>
<dataTypePrecision>6</dataTypePrecision>
<fileName>aeropuerto_Domains</fileName>
<logicalDatatype>LOGDT015</logicalDatatype>
</Domain>
<Domain class="oracle.dbtools.crest.model.design.Domain" name="VARCHAR_0_0_20" id="6D67A967-A32C-B403-8606-5BC71DA493BD">
<createdBy>Maximiliano</createdBy>
<createdTime>2025-08-18 01:56:11 UTC</createdTime>
<ownerDesignName>BT&amp;Airways</ownerDesignName>
<avTSortOrder>0</avTSortOrder>
<dataTypePrecision>0</dataTypePrecision>
<dataTypeScale>0</dataTypeScale>
<dataTypeSize>20</dataTypeSize>
<fileName>aeropuerto_Domains</fileName>
<logicalDatatype>LOGDT024</logicalDatatype>
</Domain>
<Domain class="oracle.dbtools.crest.model.design.Domain" name="Date_0_0_0" id="833FC26E-7158-E8B5-D3F3-EFCBBA0EBF15">
<createdBy>Maximiliano</createdBy>
<createdTime>2025-08-18 01:56:11 UTC</createdTime>
<ownerDesignName>BT&amp;Airways</ownerDesignName>
<avTSortOrder>0</avTSortOrder>
<fileName>aeropuerto_Domains</fileName>
<logicalDatatype>LOGDT007</logicalDatatype>
</Domain>
<Domain class="oracle.dbtools.crest.model.design.Domain" name="VARCHAR_0_0_10" id="90221198-4B2C-9C08-1F82-74CE7F01E21F">
<createdBy>Maximiliano</createdBy>
<createdTime>2025-08-18 01:56:11 UTC</createdTime>
<ownerDesignName>BT&amp;Airways</ownerDesignName>
<avTSortOrder>0</avTSortOrder>
<dataTypePrecision>0</dataTypePrecision>
<dataTypeScale>0</dataTypeScale>
<dataTypeSize>10</dataTypeSize>
<fileName>aeropuerto_Domains</fileName>
<logicalDatatype>LOGDT024</logicalDatatype>
</Domain>
<Domain class="oracle.dbtools.crest.model.design.Domain" name="VARCHAR_0_0_60" id="A11B8211-1A0E-51E2-E59D-080AB3EA8E7F">
<createdBy>Maximiliano</createdBy>
<createdTime>2025-08-18 01:56:11 UTC</createdTime>
<ownerDesignName>BT&amp;Airways</ownerDesignName>
<avTSortOrder>0</avTSortOrder>
<dataTypePrecision>0</dataTypePrecision>
<dataTypeScale>0</dataTypeScale>
<dataTypeSize>60</dataTypeSize>
<fileName>aeropuerto_Domains</fileName>
<logicalDatatype>LOGDT024</logicalDatatype>
</Domain>
<Domain class="oracle.dbtools.crest.model.design.Domain" name="VARCHAR_0_0_120" id="BA17AFEA-EAC2-4706-F241-86CC45324B62">
<createdBy>Maximiliano</createdBy>
<createdTime>2025-08-18 01:56:11 UTC</createdTime>
<ownerDesignName>BT&amp;Airways</ownerDesignName>
<avTSortOrder>0</avTSortOrder>
<dataTypePrecision>0</dataTypePrecision>
<dataTypeScale>0</dataTypeScale>
<dataTypeSize>120</dataTypeSize>
<fileName>aeropuerto_Domains</fileName>
<logicalDatatype>LOGDT024</logicalDatatype>
</Domain>
<Domain class="oracle.dbtools.crest.model.design.Domain" name="CHAR_0_0_3" id="DAA620C6-935D-A68C-0C38-9EA9AEE8127D">
<createdBy>Maximiliano</createdBy>
<createdTime>2025-08-18 01:56:11 UTC</createdTime>
<ownerDesignName>BT&amp;Airways</ownerDesignName>
<avTSortOrder>0</avTSortOrder>
<dataTypePrecision>0</dataTypePrecision>
<dataTypeScale>0</dataTypeScale>
<dataTypeSize>3</dataTypeSize>
<fileName>aeropuerto_Domains</fileName>
<logicalDatatype>LOGDT025</logicalDatatype>
</Domain>
</domains>
</DomainFile>