<?xml version = '1.0' encoding = 'UTF-8'?>
<Arc class="oracle.dbtools.crest.model.design.logical.Arc" directorySegmentName="seg_0" id="068C9674-B509-B11B-9BC2-B9EB0E369B77" name="Arc_2">
<createdBy>Maximiliano</createdBy>
<createdTime>2025-09-08 23:58:33 UTC</createdTime>
<ownerDesignName>semana4</ownerDesignName>
<engineerTo>
<item key="45D0255D-F063-176C-EED8-7DD5FD745194" value="true"/>
<item key="E57BD047-9CE9-0765-5951-289D17232533" value="true"/>
</engineerTo>
<entity>434C6262-1FAE-C8DB-195A-71A9B17E1299</entity>
</Arc>