<?xml version = '1.0' encoding = 'UTF-8'?>
<Arc class="oracle.dbtools.crest.model.design.logical.Arc" directorySegmentName="seg_0" id="FEAACA38-6FE6-2B6C-AAE5-EB1EA36E59EE" name="Arc_3">
<createdBy>Maximiliano</createdBy>
<createdTime>2025-09-09 00:06:25 UTC</createdTime>
<ownerDesignName>semana4</ownerDesignName>
<engineerTo>
<item key="45D0255D-F063-176C-EED8-7DD5FD745194" value="true"/>
<item key="E57BD047-9CE9-0765-5951-289D17232533" value="true"/>
</engineerTo>
<entity>5D9D06C0-E220-22E5-7D61-E72DEE971FED</entity>
<relations>
<relationID>C4F46F87-3C60-C01A-17D3-009826F55765</relationID>
<relationID>CD2B70E0-A1E3-AD6F-75E1-AB94039BB8C4</relationID>
</relations>
</Arc>