<?xml version = '1.0' encoding = 'UTF-8'?>
<Diagram class="oracle.dbtools.crest.swingui.relational.DPVRelationalSubView" name="From_LM_Logical - SubView_2" id="4E878158-A1EE-0923-101A-C020B9528A59">
<createdBy>Maximiliano</createdBy>
<modifiedBy>Maximiliano</modifiedBy>
<createdTime>2025-10-09 01:25:38 UTC</createdTime>
<autoRoute>false</autoRoute>
<boxInbox>true</boxInbox>
<showLegend>false</showLegend>
<showLabels>false</showLabels>
<showRelAttributes>false</showRelAttributes>
<gridEnabled>false</gridEnabled>
<showGrid>false</showGrid>
<diagramColor>-1</diagramColor>
<display>false</display>
<generatorId>4FAD2FF3-C79A-AA65-FB81-03B08B0DF54E</generatorId>
<notation>1</notation>
<objectViews>
<OView class="oracle.dbtools.crest.swingui.relational.TVTable" oid="E5B8D7EF-B22C-C484-344B-EBB40D17EB1B" otype="Table" vid="9556BA37-0D7F-B313-7FAA-CC3688E53F8F">
<hideElementsInCurrentOnly>false</hideElementsInCurrentOnly>
<bounds x="382" y="479" width="208" height="108"/>
<generatorID>367F89C9-EB26-FE1F-BA4B-76938DBD1C67</generatorID>
</OView>
</objectViews>
</Diagram>