<?xml version = '1.0' encoding = 'UTF-8'?>
<Diagram class="oracle.dbtools.crest.swingui.relational.DPVRelationalSubView" name="From_LM_Logical - SubView_1" id="7164C1B4-9E38-AAEE-DD58-7AECD28AEFE0">
<createdBy>Maximiliano</createdBy>
<modifiedBy>Maximiliano</modifiedBy>
<createdTime>2025-10-09 01:25:38 UTC</createdTime>
<autoRoute>false</autoRoute>
<boxInbox>true</boxInbox>
<showLegend>false</showLegend>
<showLabels>false</showLabels>
<showRelAttributes>false</showRelAttributes>
<gridEnabled>false</gridEnabled>
<showGrid>false</showGrid>
<diagramColor>-1</diagramColor>
<display>false</display>
<generatorId>47E51425-A58F-366E-1F7D-FA9F094B7D9F</generatorId>
<notation>1</notation>
<objectViews>
<OView class="oracle.dbtools.crest.swingui.relational.TVTable" oid="E5B8D7EF-B22C-C484-344B-EBB40D17EB1B" otype="Table" vid="6522FE01-93F6-C3A5-B756-91E16B547836">
<hideElementsInCurrentOnly>false</hideElementsInCurrentOnly>
<bounds x="382" y="479" width="208" height="108"/>
<generatorID>0506E62E-8CCE-5990-9838-1B3A996BBCA9</generatorID>
</OView>
</objectViews>
</Diagram>