<?xml version = '1.0' encoding = 'UTF-8'?>
<Diagram class="oracle.dbtools.crest.swingui.relational.DPVRelational" name="Relational_1" id="B032FB56-F906-D68A-7858-34327F065F5E">
<createdBy>Maximiliano</createdBy>
<modifiedBy>Maximiliano</modifiedBy>
<createdTime>2025-10-09 00:49:50 UTC</createdTime>
<autoRoute>false</autoRoute>
<boxInbox>true</boxInbox>
<showLegend>false</showLegend>
<showLabels>false</showLabels>
<showRelAttributes>false</showRelAttributes>
<gridEnabled>false</gridEnabled>
<showGrid>false</showGrid>
<diagramColor>-1</diagramColor>
<display>false</display>
<notation>1</notation>
<objectViews>
<OView class="oracle.dbtools.crest.swingui.relational.TVTable" oid="20EFB0C9-57CA-2124-0563-4461DCB17BFA" otype="Table" vid="E315A16A-8E98-867F-55AB-A520E777FCF2">
<hideElementsInCurrentOnly>false</hideElementsInCurrentOnly>
<bounds x="31" y="23" width="466" height="206"/>
</OView>
<OView class="oracle.dbtools.crest.swingui.relational.TVTable" oid="397ACC84-480F-DE2E-7D87-D8B353A5B402" otype="Table" vid="E0477817-4DC4-F960-1B38-49DB64478DF4">
<hideElementsInCurrentOnly>false</hideElementsInCurrentOnly>
<bounds x="1273" y="525" width="260" height="136"/>
</OView>
<OView class="oracle.dbtools.crest.swingui.relational.TVTable" oid="4DC8CEA8-8DCC-6F0C-955B-6AE7A58B4607" otype="Table" vid="90659BAC-0FA6-D9A3-42CC-A3E074B6725E">
<hideElementsInCurrentOnly>false</hideElementsInCurrentOnly>
<bounds x="1001" y="427" width="229" height="88"/>
</OView>
<OView class="oracle.dbtools.crest.swingui.relational.TVTable" oid="52EABF94-1246-8A55-1142-6F2F1D475C1F" otype="Table" vid="60B46E29-1F4C-9B1A-5BBF-1442EC48CFC2">
<hideElementsInCurrentOnly>false</hideElementsInCurrentOnly>
<bounds x="1108" y="30" width="362" height="150"/>
</OView>
<OView class="oracle.dbtools.crest.swingui.relational.TVTable" oid="5668D6B3-B211-1AD5-8A3F-1A7CE950F533" otype="Table" vid="8FB0F6E2-3459-1D04-AA81-1E574396127E">
<hideElementsInCurrentOnly>false</hideElementsInCurrentOnly>
<bounds x="973" y="550" width="245" height="108"/>
</OView>
<OView class="oracle.dbtools.crest.swingui.relational.TVTable" oid="59BF9A13-63AD-A935-F6D2-8F1DA01B7D7D" otype="Table" vid="F26227CD-9C26-9776-DF2F-83AD07DC15E7">
<hideElementsInCurrentOnly>false</hideElementsInCurrentOnly>
<bounds x="792" y="223" width="491" height="192"/>
</OView>
<OView class="oracle.dbtools.crest.swingui.relational.TVTable" oid="72F2B5B0-DEBB-AA23-34D2-08CC76E2382C" otype="Table" vid="F34BD379-44EA-6A1A-AA6C-BE6BF863A684">
<hideElementsInCurrentOnly>false</hideElementsInCurrentOnly>
<bounds x="685" y="685" width="264" height="136"/>
</OView>
<OView class="oracle.dbtools.crest.swingui.relational.TVTable" oid="815F8D0B-57FE-076C-50AB-7D8CDDAC0B1D" otype="Table" vid="73478B8F-1384-5DCC-D14B-3E7408A3FF02">
<hideElementsInCurrentOnly>false</hideElementsInCurrentOnly>
<bounds x="17" y="475" width="242" height="136"/>
</OView>
<OView class="oracle.dbtools.crest.swingui.relational.TVTable" oid="930D6CC1-2D3D-C464-90C4-DC5F73CDC1B5" otype="Table" vid="A1674D76-1A7E-896B-CEAA-DD2C60E69067">
<hideElementsInCurrentOnly>false</hideElementsInCurrentOnly>
<bounds x="1102" y="748" width="180" height="88"/>
</OView>
<OView class="oracle.dbtools.crest.swingui.relational.TVTable" oid="B3D8A5EF-EE12-2584-B117-46CED9EA0177" otype="Table" vid="94D85526-CD79-CDDD-F192-BB5651CF48E1">
<hideElementsInCurrentOnly>false</hideElementsInCurrentOnly>
<bounds x="588" y="6" width="224" height="88"/>
</OView>
<OView class="oracle.dbtools.crest.swingui.relational.TVTable" oid="E175E7EB-4CC0-4F62-C0A6-F44DEDBA8E8F" otype="Table" vid="FA4BB3A4-2818-27AD-E5D6-F9E75A26A175">
<hideElementsInCurrentOnly>false</hideElementsInCurrentOnly>
<bounds x="341" y="284" width="347" height="276"/>
</OView>
<OView class="oracle.dbtools.crest.swingui.relational.TVTable" oid="E332DE2D-CFE9-13DC-259A-ABB7B826D203" otype="Table" vid="212A5586-80CD-1A88-A560-7BC2E07E612A">
<hideElementsInCurrentOnly>false</hideElementsInCurrentOnly>
<bounds x="619" y="124" width="165" height="88"/>
</OView>
<OView class="oracle.dbtools.crest.swingui.relational.TVTable" oid="E5B8D7EF-B22C-C484-344B-EBB40D17EB1B" otype="Table" vid="614EE09D-E618-8E66-00B1-BAE907A1A75F">
<hideElementsInCurrentOnly>false</hideElementsInCurrentOnly>
<bounds x="274" y="685" width="242" height="122"/>
</OView>
<OView class="oracle.dbtools.crest.swingui.relational.TVTable" oid="F57D742F-F215-97A3-B22E-0FF1FEE538A9" otype="Table" vid="A0B4A776-33F5-1AC9-9258-3159A273203A">
<hideElementsInCurrentOnly>false</hideElementsInCurrentOnly>
<bounds x="40" y="312" width="198" height="116"/>
</OView>
</objectViews>
<connectors>
<Connector class="oracle.dbtools.crest.swingui.relational.TVFKRelation" oid="0400611D-07AB-96D3-D99B-C761C2C9E135" otype="FKIndexAssociation" vid_source="E0477817-4DC4-F960-1B38-49DB64478DF4" vid_target="60B46E29-1F4C-9B1A-5BBF-1442EC48CFC2">
<hideElementsInCurrentOnly>false</hideElementsInCurrentOnly>
<backgroundColor>-16777216</backgroundColor>
<lineWidth>1</lineWidth>
<points>
<point x="1371" y="525"/>
<point x="1371" y="180"/>
</points>
</Connector>
<Connector class="oracle.dbtools.crest.swingui.relational.TVFKRelation" oid="462180CB-5180-6377-A2B7-56929C6453E1" otype="FKIndexAssociation" vid_source="FA4BB3A4-2818-27AD-E5D6-F9E75A26A175" vid_target="FA4BB3A4-2818-27AD-E5D6-F9E75A26A175">
<hideElementsInCurrentOnly>false</hideElementsInCurrentOnly>
<backgroundColor>-16777216</backgroundColor>
<lineWidth>1</lineWidth>
<points>
<point x="676" y="524"/>
<point x="676" y="517"/>
<point x="676" y="681"/>
<point x="532" y="681"/>
<point x="532" y="560"/>
</points>
</Connector>
<Connector class="oracle.dbtools.crest.swingui.relational.TVFKRelation" oid="58DFE0A1-4322-C5CC-07A8-045A3C5E825D" otype="FKIndexAssociation" vid_source="94D85526-CD79-CDDD-F192-BB5651CF48E1" vid_target="60B46E29-1F4C-9B1A-5BBF-1442EC48CFC2">
<hideElementsInCurrentOnly>false</hideElementsInCurrentOnly>
<backgroundColor>-16777216</backgroundColor>
<lineWidth>1</lineWidth>
<points>
<point x="812" y="62"/>
<point x="1108" y="62"/>
</points>
</Connector>
<Connector class="oracle.dbtools.crest.swingui.relational.TVFKRelation" oid="76D767DF-C5EA-2E41-699E-14595B431435" otype="FKIndexAssociation" vid_source="8FB0F6E2-3459-1D04-AA81-1E574396127E" vid_target="E0477817-4DC4-F960-1B38-49DB64478DF4">
<hideElementsInCurrentOnly>false</hideElementsInCurrentOnly>
<backgroundColor>-16777216</backgroundColor>
<lineWidth>1</lineWidth>
<points>
<point x="1218" y="604"/>
<point x="1273" y="604"/>
</points>
</Connector>
<Connector class="oracle.dbtools.crest.swingui.relational.TVFKRelation" oid="872B45F4-D169-86A2-92BE-B28D9FAA9B3F" otype="FKIndexAssociation" vid_source="E0477817-4DC4-F960-1B38-49DB64478DF4" vid_target="FA4BB3A4-2818-27AD-E5D6-F9E75A26A175">
<hideElementsInCurrentOnly>false</hideElementsInCurrentOnly>
<backgroundColor>-16777216</backgroundColor>
<lineWidth>1</lineWidth>
<points>
<point x="1273" y="542"/>
<point x="688" y="542"/>
</points>
</Connector>
<Connector class="oracle.dbtools.crest.swingui.relational.TVFKRelation" oid="92B623CF-2BB5-2A48-66B9-35DD1E2649D6" otype="FKIndexAssociation" vid_source="A0B4A776-33F5-1AC9-9258-3159A273203A" vid_target="E315A16A-8E98-867F-55AB-A520E777FCF2">
<hideElementsInCurrentOnly>false</hideElementsInCurrentOnly>
<backgroundColor>-16777216</backgroundColor>
<lineWidth>1</lineWidth>
<points>
<point x="139" y="312"/>
<point x="139" y="229"/>
</points>
</Connector>
<Connector class="oracle.dbtools.crest.swingui.relational.TVFKRelation" oid="99DACECE-0FBB-0221-6E0A-BF1DCA36A5D6" otype="FKIndexAssociation" vid_source="60B46E29-1F4C-9B1A-5BBF-1442EC48CFC2" vid_target="E315A16A-8E98-867F-55AB-A520E777FCF2">
<hideElementsInCurrentOnly>false</hideElementsInCurrentOnly>
<backgroundColor>-16777216</backgroundColor>
<lineWidth>1</lineWidth>
<points>
<point x="1108" y="105"/>
<point x="497" y="105"/>
</points>
</Connector>
<Connector class="oracle.dbtools.crest.swingui.relational.TVFKRelation" oid="A197DFCC-31FD-8956-72E9-3F8FF4105812" otype="FKIndexAssociation" vid_source="A1674D76-1A7E-896B-CEAA-DD2C60E69067" vid_target="8FB0F6E2-3459-1D04-AA81-1E574396127E">
<hideElementsInCurrentOnly>false</hideElementsInCurrentOnly>
<backgroundColor>-16777216</backgroundColor>
<lineWidth>1</lineWidth>
<points>
<point x="1160" y="748"/>
<point x="1160" y="658"/>
</points>
</Connector>
<Connector class="oracle.dbtools.crest.swingui.relational.TVFKRelation" oid="B2AEB4C7-0CF8-2C2B-320A-28ED8BA6D1EB" otype="FKIndexAssociation" vid_source="FA4BB3A4-2818-27AD-E5D6-F9E75A26A175" vid_target="E315A16A-8E98-867F-55AB-A520E777FCF2">
<hideElementsInCurrentOnly>false</hideElementsInCurrentOnly>
<backgroundColor>-16777216</backgroundColor>
<lineWidth>1</lineWidth>
<points>
<point x="419" y="284"/>
<point x="419" y="229"/>
</points>
</Connector>
<Connector class="oracle.dbtools.crest.swingui.relational.TVFKRelation" oid="CB53D713-D76A-9CD7-3818-DC022DBBFE65" otype="FKIndexAssociation" vid_source="FA4BB3A4-2818-27AD-E5D6-F9E75A26A175" vid_target="614EE09D-E618-8E66-00B1-BAE907A1A75F">
<hideElementsInCurrentOnly>false</hideElementsInCurrentOnly>
<backgroundColor>-16777216</backgroundColor>
<lineWidth>1</lineWidth>
<points>
<point x="454" y="560"/>
<point x="454" y="685"/>
</points>
</Connector>
<Connector class="oracle.dbtools.crest.swingui.relational.TVFKRelation" oid="D1B69D1B-541E-813F-EE13-EDDA28B65226" otype="FKIndexAssociation" vid_source="FA4BB3A4-2818-27AD-E5D6-F9E75A26A175" vid_target="73478B8F-1384-5DCC-D14B-3E7408A3FF02">
<hideElementsInCurrentOnly>false</hideElementsInCurrentOnly>
<backgroundColor>-16777216</backgroundColor>
<lineWidth>1</lineWidth>
<points>
<point x="341" y="517"/>
<point x="259" y="517"/>
</points>
</Connector>
<Connector class="oracle.dbtools.crest.swingui.relational.TVFKRelation" oid="D393259B-598C-5ABA-C332-13F665A422C8" otype="FKIndexAssociation" vid_source="FA4BB3A4-2818-27AD-E5D6-F9E75A26A175" vid_target="F34BD379-44EA-6A1A-AA6C-BE6BF863A684">
<hideElementsInCurrentOnly>false</hideElementsInCurrentOnly>
<backgroundColor>-16777216</backgroundColor>
<lineWidth>1</lineWidth>
<points>
<point x="686" y="560"/>
<point x="686" y="685"/>
</points>
</Connector>
<Connector class="oracle.dbtools.crest.swingui.relational.TVFKRelation" oid="DF453420-AC3E-8B54-F9B7-37C2A07A8353" otype="FKIndexAssociation" vid_source="F34BD379-44EA-6A1A-AA6C-BE6BF863A684" vid_target="F26227CD-9C26-9776-DF2F-83AD07DC15E7">
<hideElementsInCurrentOnly>false</hideElementsInCurrentOnly>
<backgroundColor>-16777216</backgroundColor>
<lineWidth>1</lineWidth>
<points>
<point x="897" y="685"/>
<point x="897" y="415"/>
</points>
</Connector>
<Connector class="oracle.dbtools.crest.swingui.relational.TVFKRelation" oid="DFE93F2F-A351-F4D0-748A-66A26022370D" otype="FKIndexAssociation" vid_source="212A5586-80CD-1A88-A560-7BC2E07E612A" vid_target="FA4BB3A4-2818-27AD-E5D6-F9E75A26A175">
<hideElementsInCurrentOnly>false</hideElementsInCurrentOnly>
<backgroundColor>-16777216</backgroundColor>
<lineWidth>1</lineWidth>
<points>
<point x="653" y="212"/>
<point x="653" y="284"/>
</points>
</Connector>
<Connector class="oracle.dbtools.crest.swingui.relational.TVFKRelation" oid="E8A2FC67-8712-95C3-BB2A-F97F7B65E3EB" otype="FKIndexAssociation" vid_source="60B46E29-1F4C-9B1A-5BBF-1442EC48CFC2" vid_target="F26227CD-9C26-9776-DF2F-83AD07DC15E7">
<hideElementsInCurrentOnly>false</hideElementsInCurrentOnly>
<backgroundColor>-16777216</backgroundColor>
<lineWidth>1</lineWidth>
<points>
<point x="1185" y="180"/>
<point x="1185" y="223"/>
</points>
</Connector>
<Connector class="oracle.dbtools.crest.swingui.relational.TVFKRelation" oid="FE1C7668-E8AD-F49B-88B8-97CEBEB63A72" otype="FKIndexAssociation" vid_source="90659BAC-0FA6-D9A3-42CC-A3E074B6725E" vid_target="FA4BB3A4-2818-27AD-E5D6-F9E75A26A175">
<hideElementsInCurrentOnly>false</hideElementsInCurrentOnly>
<backgroundColor>-16777216</backgroundColor>
<lineWidth>1</lineWidth>
<points>
<point x="1001" y="471"/>
<point x="688" y="471"/>
</points>
</Connector>
</connectors>
<arcs>
<Arc class="oracle.dbtools.crest.swingui.relational.TVFKArc" oid="9E5EF7A6-F50E-0920-E72D-330AEF14DE45" otype="FKArc" vid="57D77238-E256-81A3-26F3-0FD4370EDB24">
<hideElementsInCurrentOnly>false</hideElementsInCurrentOnly>
<bounds x="321" y="264" width="387" height="316"/>
</Arc>
</arcs>
</Diagram>