<?xml version = '1.0' encoding = 'UTF-8'?>
<Diagram class="oracle.dbtools.crest.swingui.relational.DPVRelationalSubView" name="From_LM_Logical - SubView_3" id="BA7EA4B8-BE04-5268-C873-BC5CAA809F55">
<createdBy>Maximiliano</createdBy>
<modifiedBy>Maximiliano</modifiedBy>
<createdTime>2025-10-09 01:25:38 UTC</createdTime>
<autoRoute>false</autoRoute>
<boxInbox>true</boxInbox>
<showLegend>false</showLegend>
<showLabels>false</showLabels>
<showRelAttributes>false</showRelAttributes>
<gridEnabled>false</gridEnabled>
<showGrid>false</showGrid>
<diagramColor>-1</diagramColor>
<display>false</display>
<generatorId>C3E964DF-3CCB-452D-ECFD-B9E44C6ADA57</generatorId>
<notation>1</notation>
<objectViews>
<OView class="oracle.dbtools.crest.swingui.relational.TVTable" oid="E5B8D7EF-B22C-C484-344B-EBB40D17EB1B" otype="Table" vid="540E25AC-8939-2B4F-844C-BA160D3BA26C">
<hideElementsInCurrentOnly>false</hideElementsInCurrentOnly>
<bounds x="382" y="479" width="208" height="108"/>
<generatorID>CF8825C1-E035-22DA-41F3-C43865A3E062</generatorID>
</OView>
</objectViews>
</Diagram>