<?xml version = '1.0' encoding = 'UTF-8'?>
<DomainFile class="oracle.dbtools.crest.model.design.DomainFileWrapper" fileName="-- Catálogos territorio_Domains">
<domains>
<Domain class="oracle.dbtools.crest.model.design.Domain" name="VARCHAR_0_0_60" id="0218FEAC-1F3D-93D8-8ED6-7138BB340769">
<createdBy>Maximiliano</createdBy>
<createdTime>2025-09-08 23:05:35 UTC</createdTime>
<ownerDesignName>semana4</ownerDesignName>
<avTSortOrder>0</avTSortOrder>
<dataTypePrecision>0</dataTypePrecision>
<dataTypeScale>0</dataTypeScale>
<dataTypeSize>60</dataTypeSize>
<fileName>-- Catálogos territorio_Domains</fileName>
<logicalDatatype>LOGDT024</logicalDatatype>
</Domain>
<Domain class="oracle.dbtools.crest.model.design.Domain" name="NUMERIC_10_0_0" id="1B3B97CE-7E22-F92D-F962-BCBC08097577">
<createdBy>Maximiliano</createdBy>
<createdTime>2025-09-08 23:05:35 UTC</createdTime>
<ownerDesignName>semana4</ownerDesignName>
<avTSortOrder>0</avTSortOrder>
<dataTypePrecision>10</dataTypePrecision>
<dataTypeScale>0</dataTypeScale>
<dataTypeSize>0</dataTypeSize>
<fileName>-- Catálogos territorio_Domains</fileName>
<logicalDatatype>LOGDT019</logicalDatatype>
</Domain>
<Domain class="oracle.dbtools.crest.model.design.Domain" name="VARCHAR_0_0_200" id="5953791C-34A6-C0B2-094B-31522D3ACC0A">
<createdBy>Maximiliano</createdBy>
<createdTime>2025-09-08 23:05:35 UTC</createdTime>
<ownerDesignName>semana4</ownerDesignName>
<avTSortOrder>0</avTSortOrder>
<dataTypePrecision>0</dataTypePrecision>
<dataTypeScale>0</dataTypeScale>
<dataTypeSize>200</dataTypeSize>
<fileName>-- Catálogos territorio_Domains</fileName>
<logicalDatatype>LOGDT024</logicalDatatype>
</Domain>
<Domain class="oracle.dbtools.crest.model.design.Domain" name="VARCHAR_0_0_30" id="5C045535-8046-5BD7-6043-FD398BC063E1">
<createdBy>Maximiliano</createdBy>
<createdTime>2025-09-08 23:05:35 UTC</createdTime>
<ownerDesignName>semana4</ownerDesignName>
<avTSortOrder>0</avTSortOrder>
<dataTypePrecision>0</dataTypePrecision>
<dataTypeScale>0</dataTypeScale>
<dataTypeSize>30</dataTypeSize>
<fileName>-- Catálogos territorio_Domains</fileName>
<logicalDatatype>LOGDT024</logicalDatatype>
</Domain>
<Domain class="oracle.dbtools.crest.model.design.Domain" name="VARCHAR_0_0_12" id="60E75AD0-A317-0374-4EAC-CAF9D3F062B5">
<createdBy>Maximiliano</createdBy>
<createdTime>2025-09-08 23:05:35 UTC</createdTime>
<ownerDesignName>semana4</ownerDesignName>
<avTSortOrder>0</avTSortOrder>
<dataTypePrecision>0</dataTypePrecision>
<dataTypeScale>0</dataTypeScale>
<dataTypeSize>12</dataTypeSize>
<fileName>-- Catálogos territorio_Domains</fileName>
<logicalDatatype>LOGDT024</logicalDatatype>
</Domain>
<Domain class="oracle.dbtools.crest.model.design.Domain" name="CHAR_0_0_3" id="6C91082B-7360-21A2-1D57-BED5164ADA58">
<createdBy>Maximiliano</createdBy>
<createdTime>2025-09-08 23:05:35 UTC</createdTime>
<ownerDesignName>semana4</ownerDesignName>
<avTSortOrder>0</avTSortOrder>
<dataTypePrecision>0</dataTypePrecision>
<dataTypeScale>0</dataTypeScale>
<dataTypeSize>3</dataTypeSize>
<fileName>-- Catálogos territorio_Domains</fileName>
<logicalDatatype>LOGDT025</logicalDatatype>
</Domain>
<Domain class="oracle.dbtools.crest.model.design.Domain" name="VARCHAR_0_0_80" id="7590DD06-E693-421C-7C9C-76314D026629">
<createdBy>Maximiliano</createdBy>
<createdTime>2025-09-08 23:05:35 UTC</createdTime>
<ownerDesignName>semana4</ownerDesignName>
<avTSortOrder>0</avTSortOrder>
<dataTypePrecision>0</dataTypePrecision>
<dataTypeScale>0</dataTypeScale>
<dataTypeSize>80</dataTypeSize>
<fileName>-- Catálogos territorio_Domains</fileName>
<logicalDatatype>LOGDT024</logicalDatatype>
</Domain>
<Domain class="oracle.dbtools.crest.model.design.Domain" name="VARCHAR_0_0_20" id="80A5F9DF-3035-4DCF-3188-253E3B53FA74">
<createdBy>Maximiliano</createdBy>
<createdTime>2025-09-08 23:05:35 UTC</createdTime>
<ownerDesignName>semana4</ownerDesignName>
<avTSortOrder>0</avTSortOrder>
<dataTypePrecision>0</dataTypePrecision>
<dataTypeScale>0</dataTypeScale>
<dataTypeSize>20</dataTypeSize>
<fileName>-- Catálogos territorio_Domains</fileName>
<logicalDatatype>LOGDT024</logicalDatatype>
</Domain>
<Domain class="oracle.dbtools.crest.model.design.Domain" name="VARCHAR_0_0_10" id="847676E2-8F69-8B36-06B4-77DE817889B2">
<createdBy>Maximiliano</createdBy>
<createdTime>2025-09-08 23:05:35 UTC</createdTime>
<ownerDesignName>semana4</ownerDesignName>
<avTSortOrder>0</avTSortOrder>
<dataTypePrecision>0</dataTypePrecision>
<dataTypeScale>0</dataTypeScale>
<dataTypeSize>10</dataTypeSize>
<fileName>-- Catálogos territorio_Domains</fileName>
<logicalDatatype>LOGDT024</logicalDatatype>
</Domain>
<Domain class="oracle.dbtools.crest.model.design.Domain" name="NUMERIC_0_0_0" id="87C680AD-5DEB-41D1-B5A0-B3A8F3D6B55F">
<createdBy>Maximiliano</createdBy>
<createdTime>2025-09-08 23:05:35 UTC</createdTime>
<ownerDesignName>semana4</ownerDesignName>
<avTSortOrder>0</avTSortOrder>
<fileName>-- Catálogos territorio_Domains</fileName>
<logicalDatatype>LOGDT019</logicalDatatype>
</Domain>
<Domain class="oracle.dbtools.crest.model.design.Domain" name="CHAR_0_0_5" id="89404861-1094-77A6-634A-20092759FFB7">
<createdBy>Maximiliano</createdBy>
<createdTime>2025-09-08 23:05:35 UTC</createdTime>
<ownerDesignName>semana4</ownerDesignName>
<avTSortOrder>0</avTSortOrder>
<dataTypePrecision>0</dataTypePrecision>
<dataTypeScale>0</dataTypeScale>
<dataTypeSize>5</dataTypeSize>
<fileName>-- Catálogos territorio_Domains</fileName>
<logicalDatatype>LOGDT025</logicalDatatype>
</Domain>
<Domain class="oracle.dbtools.crest.model.design.Domain" name="CHAR_0_0_2" id="905DDA5E-AF1D-F35C-44AD-463BFD570F92">
<createdBy>Maximiliano</createdBy>
<createdTime>2025-09-08 23:05:35 UTC</createdTime>
<ownerDesignName>semana4</ownerDesignName>
<avTSortOrder>0</avTSortOrder>
<dataTypePrecision>0</dataTypePrecision>
<dataTypeScale>0</dataTypeScale>
<dataTypeSize>2</dataTypeSize>
<fileName>-- Catálogos territorio_Domains</fileName>
<logicalDatatype>LOGDT025</logicalDatatype>
</Domain>
<Domain class="oracle.dbtools.crest.model.design.Domain" name="VARCHAR_0_0_120" id="90948D8D-B048-5523-8EEA-277FF7E3A73E">
<createdBy>Maximiliano</createdBy>
<createdTime>2025-09-08 23:05:35 UTC</createdTime>
<ownerDesignName>semana4</ownerDesignName>
<avTSortOrder>0</avTSortOrder>
<dataTypePrecision>0</dataTypePrecision>
<dataTypeScale>0</dataTypeScale>
<dataTypeSize>120</dataTypeSize>
<fileName>-- Catálogos territorio_Domains</fileName>
<logicalDatatype>LOGDT024</logicalDatatype>
</Domain>
<Domain class="oracle.dbtools.crest.model.design.Domain" name="VARCHAR_0_0_13" id="ECD5AE9C-E38A-DB5B-ADEE-C402E3E27DAD">
<createdBy>Maximiliano</createdBy>
<createdTime>2025-09-08 23:05:35 UTC</createdTime>
<ownerDesignName>semana4</ownerDesignName>
<avTSortOrder>0</avTSortOrder>
<dataTypePrecision>0</dataTypePrecision>
<dataTypeScale>0</dataTypeScale>
<dataTypeSize>13</dataTypeSize>
<fileName>-- Catálogos territorio_Domains</fileName>
<logicalDatatype>LOGDT024</logicalDatatype>
</Domain>
<Domain class="oracle.dbtools.crest.model.design.Domain" name="Date_0_0_0" id="FF48C865-BEA0-43E6-D226-439ACED6ED01">
<createdBy>Maximiliano</createdBy>
<createdTime>2025-09-08 23:05:35 UTC</createdTime>
<ownerDesignName>semana4</ownerDesignName>
<avTSortOrder>0</avTSortOrder>
<fileName>-- Catálogos territorio_Domains</fileName>
<logicalDatatype>LOGDT007</logicalDatatype>
</Domain>
</domains>
</DomainFile>