<?xml version = '1.0' encoding = 'UTF-8'?>
<Entity class="oracle.dbtools.crest.model.design.logical.Entity" directorySegmentName="seg_0" id="0B04A531-39E0-4FEA-0C70-C4BF316DE0F0" name="avion">
<createdBy>Maximiliano</createdBy>
<createdTime>2025-08-24 18:34:51 UTC</createdTime>
<ownerDesignName>aeropuerto_semana_2</ownerDesignName>
<engineerTo>
<item key="B3BEE821-A88E-8514-4924-309F96FB4B4E" value="true"/>
</engineerTo>
<adequatelyNormalized>NO</adequatelyNormalized>
<expectedVolumes>0</expectedVolumes>
<fwdEngineeringStrategyName>Single Table</fwdEngineeringStrategyName>
<growthPercent>0</growthPercent>
<growthType>Year</growthType>
<maxVolumes>9999999</maxVolumes>
<minVolumes>0</minVolumes>
<normalForm>Third</normalForm>
<attributes itemClass="oracle.dbtools.crest.model.design.logical.Attribute">
<Attribute name="avion_id" id="20723559-A8EC-E069-FFCD-4B365C292AAF">
<createdBy>Maximiliano</createdBy>
<createdTime>2025-08-24 18:35:14 UTC</createdTime>
<ownerDesignName>aeropuerto_semana_2</ownerDesignName>
<engineerTo>
<item key="B3BEE821-A88E-8514-4924-309F96FB4B4E" value="true"/>
</engineerTo>
<useDomainConstraints>false</useDomainConstraints>
<use>1</use>
<logicalDatatype>LOGDT019</logicalDatatype>
<dataTypePrecision>10</dataTypePrecision>
<ownDataTypeParameters>,10,</ownDataTypeParameters>
</Attribute>
<Attribute name="matricula" id="A01193D9-B78B-7BB8-ACCB-8EBBE949A9DC">
<createdBy>Maximiliano</createdBy>
<createdTime>2025-08-25 02:13:41 UTC</createdTime>
<ownerDesignName>aeropuerto_semana_2</ownerDesignName>
<engineerTo>
<item key="B3BEE821-A88E-8514-4924-309F96FB4B4E" value="true"/>
</engineerTo>
<useDomainConstraints>false</useDomainConstraints>
<use>1</use>
<logicalDatatype>LOGDT024</logicalDatatype>
<dataTypeSize>10 CHAR</dataTypeSize>
<ownDataTypeParameters>10 CHAR,,</ownDataTypeParameters>
</Attribute>
<Attribute name="marca" id="FB0FBFB0-771B-824E-6D5B-56309F5EA0FA">
<createdBy>Maximiliano</createdBy>
<createdTime>2025-08-25 02:16:22 UTC</createdTime>
<ownerDesignName>aeropuerto_semana_2</ownerDesignName>
<engineerTo>
<item key="B3BEE821-A88E-8514-4924-309F96FB4B4E" value="true"/>
</engineerTo>
<useDomainConstraints>false</useDomainConstraints>
<use>1</use>
<logicalDatatype>LOGDT024</logicalDatatype>
<dataTypeSize>50 CHAR</dataTypeSize>
<ownDataTypeParameters>50 CHAR,,</ownDataTypeParameters>
</Attribute>
<Attribute name="modelo" id="873738EF-2FC3-0F25-E0DB-0B6EF27D0929">
<createdBy>Maximiliano</createdBy>
<createdTime>2025-08-25 02:35:40 UTC</createdTime>
<ownerDesignName>aeropuerto_semana_2</ownerDesignName>
<engineerTo>
<item key="B3BEE821-A88E-8514-4924-309F96FB4B4E" value="true"/>
</engineerTo>
<useDomainConstraints>false</useDomainConstraints>
<use>1</use>
<logicalDatatype>LOGDT024</logicalDatatype>
<dataTypeSize>50 CHAR</dataTypeSize>
<ownDataTypeParameters>50 CHAR,,</ownDataTypeParameters>
</Attribute>
<Attribute name="capacidad" id="8EC6A94F-BABE-7DCF-EF00-52B591D2BFF2">
<createdBy>Maximiliano</createdBy>
<createdTime>2025-08-25 02:36:04 UTC</createdTime>
<notes><![CDATA[ entre 200 y 800 ( suele ser la capacidad e un avion comercial)]]></notes>
<ownerDesignName>aeropuerto_semana_2</ownerDesignName>
<engineerTo>
<item key="B3BEE821-A88E-8514-4924-309F96FB4B4E" value="true"/>
</engineerTo>
<useDomainConstraints>false</useDomainConstraints>
<use>1</use>
<logicalDatatype>LOGDT019</logicalDatatype>
<dataTypePrecision>3</dataTypePrecision>
<ownDataTypeParameters>,3,</ownDataTypeParameters>
</Attribute>
</attributes>
<identifiers itemClass="oracle.dbtools.crest.model.design.logical.CandidateKey">
<identifier id="1BC71731-003D-330C-16B7-72A7D64A6AA7" name="avion PK">
<createdBy>Maximiliano</createdBy>
<createdTime>2025-08-24 18:35:27 UTC</createdTime>
<ownerDesignName>aeropuerto_semana_2</ownerDesignName>
<engineerTo>
<item key="B3BEE821-A88E-8514-4924-309F96FB4B4E" value="true"/>
</engineerTo>
<pk>true</pk>
<newElementsIDs>20723559-A8EC-E069-FFCD-4B365C292AAF</newElementsIDs>
<usedAttributes>
<attributeRef>20723559-A8EC-E069-FFCD-4B365C292AAF</attributeRef>
</usedAttributes>
</identifier>
<identifier id="15B2DF2C-C0AC-F965-36B1-C761BAAD3242" name="UQ_avion_matricula">
<createdBy>Maximiliano</createdBy>
<createdTime>2025-08-25 02:29:03 UTC</createdTime>
<ownerDesignName>aeropuerto_semana_2</ownerDesignName>
<engineerTo>
<item key="B3BEE821-A88E-8514-4924-309F96FB4B4E" value="true"/>
</engineerTo>
<synonym>matricula</synonym>
<newElementsIDs>A01193D9-B78B-7BB8-ACCB-8EBBE949A9DC</newElementsIDs>
<usedAttributes>
<attributeRef>A01193D9-B78B-7BB8-ACCB-8EBBE949A9DC</attributeRef>
</usedAttributes>
</identifier>
</identifiers>
</Entity>