<?xml version = '1.0' encoding = 'UTF-8'?>
<Entity class="oracle.dbtools.crest.model.design.logical.Entity" directorySegmentName="seg_0" id="2863C45A-9B54-98CA-AFDD-940C06BDB9DF" name="equipaje">
<createdBy>Maximiliano</createdBy>
<createdTime>2025-08-25 04:17:05 UTC</createdTime>
<ownerDesignName>aeropuerto_semana_2</ownerDesignName>
<engineerTo>
<item key="B3BEE821-A88E-8514-4924-309F96FB4B4E" value="true"/>
</engineerTo>
<adequatelyNormalized>NO</adequatelyNormalized>
<expectedVolumes>0</expectedVolumes>
<fwdEngineeringStrategyName>Single Table</fwdEngineeringStrategyName>
<growthPercent>0</growthPercent>
<growthType>Year</growthType>
<maxVolumes>9999999</maxVolumes>
<minVolumes>0</minVolumes>
<normalForm>Third</normalForm>
<attributes itemClass="oracle.dbtools.crest.model.design.logical.Attribute">
<Attribute name="equipaje_id" id="563C8D68-C850-D2B4-6C66-5E4231F2EE18">
<createdBy>Maximiliano</createdBy>
<createdTime>2025-08-25 04:25:41 UTC</createdTime>
<ownerDesignName>aeropuerto_semana_2</ownerDesignName>
<engineerTo>
<item key="B3BEE821-A88E-8514-4924-309F96FB4B4E" value="true"/>
</engineerTo>
<useDomainConstraints>false</useDomainConstraints>
<use>1</use>
<logicalDatatype>LOGDT019</logicalDatatype>
<dataTypePrecision>10</dataTypePrecision>
<ownDataTypeParameters>,10,</ownDataTypeParameters>
</Attribute>
<Attribute name="codigo" id="306CFFDB-CE96-FA9B-D977-AB06998E1AEA">
<createdBy>Maximiliano</createdBy>
<createdTime>2025-08-25 04:26:26 UTC</createdTime>
<ownerDesignName>aeropuerto_semana_2</ownerDesignName>
<engineerTo>
<item key="B3BEE821-A88E-8514-4924-309F96FB4B4E" value="true"/>
</engineerTo>
<useDomainConstraints>false</useDomainConstraints>
<use>1</use>
<logicalDatatype>LOGDT024</logicalDatatype>
<dataTypeSize>20 CHAR</dataTypeSize>
<ownDataTypeParameters>20 CHAR,,</ownDataTypeParameters>
</Attribute>
<Attribute name="color" id="1995B445-C744-0453-4274-F7750027F514">
<createdBy>Maximiliano</createdBy>
<createdTime>2025-08-25 04:26:58 UTC</createdTime>
<ownerDesignName>aeropuerto_semana_2</ownerDesignName>
<engineerTo>
<item key="B3BEE821-A88E-8514-4924-309F96FB4B4E" value="true"/>
</engineerTo>
<useDomainConstraints>false</useDomainConstraints>
<use>1</use>
<logicalDatatype>LOGDT024</logicalDatatype>
<dataTypeSize>30</dataTypeSize>
<ownDataTypeParameters>30,,</ownDataTypeParameters>
</Attribute>
<Attribute name="peso_kg" id="A56F3BDE-C24C-20C7-A2ED-1DD15916617E">
<createdBy>Maximiliano</createdBy>
<createdTime>2025-08-25 04:27:34 UTC</createdTime>
<ownerDesignName>aeropuerto_semana_2</ownerDesignName>
<engineerTo>
<item key="B3BEE821-A88E-8514-4924-309F96FB4B4E" value="true"/>
</engineerTo>
<useDomainConstraints>false</useDomainConstraints>
<use>1</use>
<logicalDatatype>LOGDT019</logicalDatatype>
<dataTypePrecision>26</dataTypePrecision>
<ownDataTypeParameters>,26,</ownDataTypeParameters>
</Attribute>
<Attribute name="descripcion" id="4FEE4F16-46E8-3291-F63E-403551018175">
<createdBy>Maximiliano</createdBy>
<createdTime>2025-08-25 04:30:40 UTC</createdTime>
<ownerDesignName>aeropuerto_semana_2</ownerDesignName>
<engineerTo>
<item key="B3BEE821-A88E-8514-4924-309F96FB4B4E" value="true"/>
</engineerTo>
<nullsAllowed>true</nullsAllowed>
<useDomainConstraints>false</useDomainConstraints>
<use>1</use>
<logicalDatatype>LOGDT024</logicalDatatype>
<dataTypeSize>200 CHAR</dataTypeSize>
<ownDataTypeParameters>200 CHAR,,</ownDataTypeParameters>
</Attribute>
<Attribute name="pasajero_id" id="6E96116F-0AC9-8ABB-F633-33806EFA287B">
<createdBy>Maximiliano</createdBy>
<createdTime>2025-08-25 04:33:18 UTC</createdTime>
<generatorID>A1E20954-47A9-2FD1-29E5-3E9F6235A2F5</generatorID>
<ownerDesignName>aeropuerto_semana_2</ownerDesignName>
<engineerTo>
<item key="B3BEE821-A88E-8514-4924-309F96FB4B4E" value="true"/>
</engineerTo>
<referedAttribute>68640277-18F5-A18E-2DB4-46927748D9AB</referedAttribute>
<useDomainConstraints>false</useDomainConstraints>
<use>1</use>
<logicalDatatype>LOGDT019</logicalDatatype>
<dataTypePrecision>10</dataTypePrecision>
<ownDataTypeParameters>,,</ownDataTypeParameters>
</Attribute>
</attributes>
<identifiers itemClass="oracle.dbtools.crest.model.design.logical.CandidateKey">
<identifier id="48ACC10F-BCE9-41BF-0BA7-64E7906C9BA8" name="equipaje PK">
<createdBy>Maximiliano</createdBy>
<createdTime>2025-08-25 04:26:11 UTC</createdTime>
<ownerDesignName>aeropuerto_semana_2</ownerDesignName>
<engineerTo>
<item key="B3BEE821-A88E-8514-4924-309F96FB4B4E" value="true"/>
</engineerTo>
<pk>true</pk>
<usedAttributes>
<attributeRef>563C8D68-C850-D2B4-6C66-5E4231F2EE18</attributeRef>
<attributeRef>6E96116F-0AC9-8ABB-F633-33806EFA287B</attributeRef>
</usedAttributes>
</identifier>
<identifier id="29BB6D33-711E-BD7B-2CCC-51B2DA19AE21" name="UQ_codigo">
<createdBy>Maximiliano</createdBy>
<createdTime>2025-08-25 04:31:19 UTC</createdTime>
<ownerDesignName>aeropuerto_semana_2</ownerDesignName>
<engineerTo>
<item key="B3BEE821-A88E-8514-4924-309F96FB4B4E" value="true"/>
</engineerTo>
<newElementsIDs>306CFFDB-CE96-FA9B-D977-AB06998E1AEA</newElementsIDs>
<usedAttributes>
<attributeRef>306CFFDB-CE96-FA9B-D977-AB06998E1AEA</attributeRef>
</usedAttributes>
</identifier>
</identifiers>
</Entity>