<?xml version = '1.0' encoding = 'UTF-8'?>
<Entity class="oracle.dbtools.crest.model.design.logical.Entity" directorySegmentName="seg_0" id="645B0C92-241C-8755-5C87-1D9EA1AB7CD7" name="pasajero">
<createdBy>Maximiliano</createdBy>
<createdTime>2025-08-25 03:54:51 UTC</createdTime>
<ownerDesignName>aeropuerto_semana_2</ownerDesignName>
<engineerTo>
<item key="B3BEE821-A88E-8514-4924-309F96FB4B4E" value="true"/>
</engineerTo>
<adequatelyNormalized>NO</adequatelyNormalized>
<expectedVolumes>0</expectedVolumes>
<fwdEngineeringStrategyName>Single Table</fwdEngineeringStrategyName>
<growthPercent>0</growthPercent>
<growthType>Year</growthType>
<maxVolumes>9999999</maxVolumes>
<minVolumes>0</minVolumes>
<normalForm>Third</normalForm>
<attributes itemClass="oracle.dbtools.crest.model.design.logical.Attribute">
<Attribute name="pasajero_id" id="68640277-18F5-A18E-2DB4-46927748D9AB">
<createdBy>Maximiliano</createdBy>
<createdTime>2025-08-25 03:56:03 UTC</createdTime>
<ownerDesignName>aeropuerto_semana_2</ownerDesignName>
<engineerTo>
<item key="B3BEE821-A88E-8514-4924-309F96FB4B4E" value="true"/>
</engineerTo>
<useDomainConstraints>false</useDomainConstraints>
<use>1</use>
<logicalDatatype>LOGDT019</logicalDatatype>
<dataTypePrecision>10</dataTypePrecision>
<ownDataTypeParameters>,10,</ownDataTypeParameters>
</Attribute>
<Attribute name="tipo_documento" id="E0EB93EA-E525-DE10-703F-943F7BE31D6B">
<createdBy>Maximiliano</createdBy>
<createdTime>2025-08-25 03:57:03 UTC</createdTime>
<ownerDesignName>aeropuerto_semana_2</ownerDesignName>
<engineerTo>
<item key="B3BEE821-A88E-8514-4924-309F96FB4B4E" value="true"/>
</engineerTo>
<useDomainConstraints>false</useDomainConstraints>
<use>1</use>
<logicalDatatype>LOGDT024</logicalDatatype>
<dataTypeSize>20 CHAR</dataTypeSize>
<ownDataTypeParameters>20 CHAR,,</ownDataTypeParameters>
</Attribute>
<Attribute name="numero_documento" id="1241D6F2-7FFD-6D82-2363-07BE056EBEDD">
<createdBy>Maximiliano</createdBy>
<createdTime>2025-08-25 03:57:47 UTC</createdTime>
<ownerDesignName>aeropuerto_semana_2</ownerDesignName>
<engineerTo>
<item key="B3BEE821-A88E-8514-4924-309F96FB4B4E" value="true"/>
</engineerTo>
<useDomainConstraints>false</useDomainConstraints>
<use>1</use>
<logicalDatatype>LOGDT024</logicalDatatype>
<dataTypeSize>30 CHAR</dataTypeSize>
<ownDataTypeParameters>30 CHAR,,</ownDataTypeParameters>
</Attribute>
<Attribute name="nombre_completo" id="0A8A8B10-43C2-1D8A-D9E6-DB69E7ADC93F">
<createdBy>Maximiliano</createdBy>
<createdTime>2025-08-25 03:59:41 UTC</createdTime>
<ownerDesignName>aeropuerto_semana_2</ownerDesignName>
<engineerTo>
<item key="B3BEE821-A88E-8514-4924-309F96FB4B4E" value="true"/>
</engineerTo>
<useDomainConstraints>false</useDomainConstraints>
<use>1</use>
<logicalDatatype>LOGDT024</logicalDatatype>
<dataTypeSize>120 CHAR</dataTypeSize>
<ownDataTypeParameters>120 CHAR,,</ownDataTypeParameters>
</Attribute>
<Attribute name="fecha_nacimiento " id="ED9CCD52-A63D-83D5-99C2-F906EEC7E884">
<createdBy>Maximiliano</createdBy>
<createdTime>2025-08-25 04:00:51 UTC</createdTime>
<ownerDesignName>aeropuerto_semana_2</ownerDesignName>
<engineerTo>
<item key="B3BEE821-A88E-8514-4924-309F96FB4B4E" value="true"/>
</engineerTo>
<useDomainConstraints>false</useDomainConstraints>
<use>1</use>
<logicalDatatype>LOGDT007</logicalDatatype>
<ownDataTypeParameters>,,</ownDataTypeParameters>
</Attribute>
<Attribute name="nacionalidad" id="F1E36821-FD2F-6D5A-FE68-75371F2A7044">
<createdBy>Maximiliano</createdBy>
<createdTime>2025-08-25 04:01:19 UTC</createdTime>
<ownerDesignName>aeropuerto_semana_2</ownerDesignName>
<engineerTo>
<item key="B3BEE821-A88E-8514-4924-309F96FB4B4E" value="true"/>
</engineerTo>
<useDomainConstraints>false</useDomainConstraints>
<use>1</use>
<logicalDatatype>LOGDT024</logicalDatatype>
<dataTypeSize>60 CHAR</dataTypeSize>
<ownDataTypeParameters>60 CHAR,,</ownDataTypeParameters>
</Attribute>
<Attribute name="telefono_contacto" id="312D0FAE-216D-2C8E-955C-A685F518FF4B">
<createdBy>Maximiliano</createdBy>
<createdTime>2025-08-25 04:01:53 UTC</createdTime>
<notes><![CDATA[Debe existir al menos un medio de contacto (teléfono o email)]]></notes>
<ownerDesignName>aeropuerto_semana_2</ownerDesignName>
<engineerTo>
<item key="B3BEE821-A88E-8514-4924-309F96FB4B4E" value="true"/>
</engineerTo>
<nullsAllowed>true</nullsAllowed>
<useDomainConstraints>false</useDomainConstraints>
<use>1</use>
<logicalDatatype>LOGDT024</logicalDatatype>
<dataTypeSize>30 CHAR</dataTypeSize>
<ownDataTypeParameters>30 CHAR,,</ownDataTypeParameters>
</Attribute>
<Attribute name="email_contacto" id="0E7D5648-E11B-527F-C5FD-F3A855D0BB4D">
<createdBy>Maximiliano</createdBy>
<createdTime>2025-08-25 04:04:27 UTC</createdTime>
<ownerDesignName>aeropuerto_semana_2</ownerDesignName>
<engineerTo>
<item key="B3BEE821-A88E-8514-4924-309F96FB4B4E" value="true"/>
</engineerTo>
<nullsAllowed>true</nullsAllowed>
<useDomainConstraints>false</useDomainConstraints>
<use>1</use>
<logicalDatatype>LOGDT024</logicalDatatype>
<dataTypeSize>120 CHAR</dataTypeSize>
<ownDataTypeParameters>120 CHAR,,</ownDataTypeParameters>
</Attribute>
</attributes>
<identifiers itemClass="oracle.dbtools.crest.model.design.logical.CandidateKey">
<identifier id="ACEC7009-C739-6F90-9185-CFF4CAF9FEAC" name="pasajero PK">
<createdBy>Maximiliano</createdBy>
<createdTime>2025-08-25 03:56:59 UTC</createdTime>
<ownerDesignName>aeropuerto_semana_2</ownerDesignName>
<engineerTo>
<item key="B3BEE821-A88E-8514-4924-309F96FB4B4E" value="true"/>
</engineerTo>
<pk>true</pk>
<usedAttributes>
<attributeRef>68640277-18F5-A18E-2DB4-46927748D9AB</attributeRef>
</usedAttributes>
</identifier>
<identifier id="04B70812-368B-BD6F-62D9-B922907960BA" name="UQ_tipo_numero_doc">
<createdBy>Maximiliano</createdBy>
<createdTime>2025-08-25 03:58:44 UTC</createdTime>
<ownerDesignName>aeropuerto_semana_2</ownerDesignName>
<engineerTo>
<item key="B3BEE821-A88E-8514-4924-309F96FB4B4E" value="true"/>
</engineerTo>
<newElementsIDs>E0EB93EA-E525-DE10-703F-943F7BE31D6B,1241D6F2-7FFD-6D82-2363-07BE056EBEDD</newElementsIDs>
<usedAttributes>
<attributeRef>E0EB93EA-E525-DE10-703F-943F7BE31D6B</attributeRef>
<attributeRef>1241D6F2-7FFD-6D82-2363-07BE056EBEDD</attributeRef>
</usedAttributes>
</identifier>
</identifiers>
</Entity>