<?xml version = '1.0' encoding = 'UTF-8'?>
<Entity class="oracle.dbtools.crest.model.design.logical.Entity" directorySegmentName="seg_0" id="86E56440-C732-F0C1-36F5-F178A799D998" name="empleado_piloto">
<createdBy>Maximiliano</createdBy>
<createdTime>2025-08-25 03:41:36 UTC</createdTime>
<ownerDesignName>aeropuerto_semana_2</ownerDesignName>
<engineerTo>
<item key="B3BEE821-A88E-8514-4924-309F96FB4B4E" value="true"/>
</engineerTo>
<adequatelyNormalized>NO</adequatelyNormalized>
<expectedVolumes>0</expectedVolumes>
<fwdEngineeringStrategyName>Single Table</fwdEngineeringStrategyName>
<growthPercent>0</growthPercent>
<growthType>Year</growthType>
<maxVolumes>9999999</maxVolumes>
<minVolumes>0</minVolumes>
<normalForm>Third</normalForm>
<attributes itemClass="oracle.dbtools.crest.model.design.logical.Attribute">
<Attribute name="empleado_id" id="B3B66E65-D1B1-CA4E-2E49-8D97F1415C6E">
<createdBy>Maximiliano</createdBy>
<createdTime>2025-08-25 03:42:14 UTC</createdTime>
<generatorID>7094C505-D67A-406A-17D6-E693939D5C9E</generatorID>
<ownerDesignName>aeropuerto_semana_2</ownerDesignName>
<engineerTo>
<item key="B3BEE821-A88E-8514-4924-309F96FB4B4E" value="true"/>
</engineerTo>
<referedAttribute>8AD8D30F-B459-DC90-5BF4-B8683AFE3933</referedAttribute>
<useDomainConstraints>false</useDomainConstraints>
<use>1</use>
<logicalDatatype>LOGDT019</logicalDatatype>
<dataTypePrecision>10</dataTypePrecision>
<ownDataTypeParameters>,10,</ownDataTypeParameters>
</Attribute>
<Attribute name="horas_vuelo_acumuladas" id="E094F141-19B8-0289-C074-A189C404A3CA">
<createdBy>Maximiliano</createdBy>
<createdTime>2025-08-25 03:42:58 UTC</createdTime>
<ownerDesignName>aeropuerto_semana_2</ownerDesignName>
<engineerTo>
<item key="B3BEE821-A88E-8514-4924-309F96FB4B4E" value="true"/>
</engineerTo>
<useDomainConstraints>false</useDomainConstraints>
<use>1</use>
<logicalDatatype>LOGDT019</logicalDatatype>
<dataTypePrecision>6</dataTypePrecision>
<ownDataTypeParameters>,6,</ownDataTypeParameters>
</Attribute>
<Attribute name="afp" id="FC7FC09E-08D9-117E-A90D-8C8CE16F1AAA">
<createdBy>Maximiliano</createdBy>
<createdTime>2025-08-25 03:43:36 UTC</createdTime>
<ownerDesignName>aeropuerto_semana_2</ownerDesignName>
<engineerTo>
<item key="B3BEE821-A88E-8514-4924-309F96FB4B4E" value="true"/>
</engineerTo>
<useDomainConstraints>false</useDomainConstraints>
<use>1</use>
<logicalDatatype>LOGDT024</logicalDatatype>
<dataTypeSize>30 CHAR</dataTypeSize>
<ownDataTypeParameters>30 CHAR,,</ownDataTypeParameters>
</Attribute>
</attributes>
<identifiers itemClass="oracle.dbtools.crest.model.design.logical.CandidateKey">
<identifier id="1B5C3FB2-A173-868B-9970-C843F6F2F748" name="empleado_piloto PK">
<createdBy>Maximiliano</createdBy>
<createdTime>2025-08-25 03:42:39 UTC</createdTime>
<ownerDesignName>aeropuerto_semana_2</ownerDesignName>
<engineerTo>
<item key="B3BEE821-A88E-8514-4924-309F96FB4B4E" value="true"/>
</engineerTo>
<pk>true</pk>
<usedAttributes>
<attributeRef>B3B66E65-D1B1-CA4E-2E49-8D97F1415C6E</attributeRef>
</usedAttributes>
</identifier>
</identifiers>
</Entity>