<?xml version = '1.0' encoding = 'UTF-8'?>
<Entity class="oracle.dbtools.crest.model.design.logical.Entity" directorySegmentName="seg_0" id="C938C6CE-C23B-5A94-C63F-4416B6CE1C5A" name="vuelo">
<createdBy>Maximiliano</createdBy>
<createdTime>2025-08-25 02:42:58 UTC</createdTime>
<notes><![CDATA[“ciudad_origen ≠ ciudad_destino”
“fecha_hora_llegada ≥ fecha_hora_salida”
]]></notes>
<ownerDesignName>aeropuerto_semana_2</ownerDesignName>
<engineerTo>
<item key="B3BEE821-A88E-8514-4924-309F96FB4B4E" value="true"/>
</engineerTo>
<adequatelyNormalized>NO</adequatelyNormalized>
<expectedVolumes>0</expectedVolumes>
<fwdEngineeringStrategyName>Single Table</fwdEngineeringStrategyName>
<growthPercent>0</growthPercent>
<growthType>Year</growthType>
<maxVolumes>9999999</maxVolumes>
<minVolumes>0</minVolumes>
<normalForm>Third</normalForm>
<attributes itemClass="oracle.dbtools.crest.model.design.logical.Attribute">
<Attribute name="vuelo_id" id="C799EB6B-2D6E-0342-45F8-EE94C83C707F">
<createdBy>Maximiliano</createdBy>
<createdTime>2025-08-25 02:43:18 UTC</createdTime>
<ownerDesignName>aeropuerto_semana_2</ownerDesignName>
<engineerTo>
<item key="B3BEE821-A88E-8514-4924-309F96FB4B4E" value="true"/>
</engineerTo>
<useDomainConstraints>false</useDomainConstraints>
<use>1</use>
<logicalDatatype>LOGDT019</logicalDatatype>
<dataTypePrecision>10</dataTypePrecision>
<ownDataTypeParameters>,10,</ownDataTypeParameters>
</Attribute>
<Attribute name="numero_vuelo" id="CE38F428-6816-3D68-58D2-92305E079479">
<createdBy>Maximiliano</createdBy>
<createdTime>2025-08-25 02:43:43 UTC</createdTime>
<ownerDesignName>aeropuerto_semana_2</ownerDesignName>
<engineerTo>
<item key="B3BEE821-A88E-8514-4924-309F96FB4B4E" value="true"/>
</engineerTo>
<useDomainConstraints>false</useDomainConstraints>
<use>1</use>
<logicalDatatype>LOGDT024</logicalDatatype>
<dataTypeSize>10 CHAR</dataTypeSize>
<ownDataTypeParameters>10 CHAR,,</ownDataTypeParameters>
</Attribute>
<Attribute name="fecha_hora_salida" id="172692F7-8FB1-6F13-C806-160189C05196">
<createdBy>Maximiliano</createdBy>
<createdTime>2025-08-25 02:50:16 UTC</createdTime>
<ownerDesignName>aeropuerto_semana_2</ownerDesignName>
<engineerTo>
<item key="B3BEE821-A88E-8514-4924-309F96FB4B4E" value="true"/>
</engineerTo>
<useDomainConstraints>false</useDomainConstraints>
<use>1</use>
<logicalDatatype>LOGDT015</logicalDatatype>
<ownDataTypeParameters>,,</ownDataTypeParameters>
</Attribute>
<Attribute name="fecha_hora_llegada" id="84F7976D-4670-C4A8-5EB5-4A7C3D7E4B6C">
<createdBy>Maximiliano</createdBy>
<createdTime>2025-08-25 02:55:45 UTC</createdTime>
<ownerDesignName>aeropuerto_semana_2</ownerDesignName>
<engineerTo>
<item key="B3BEE821-A88E-8514-4924-309F96FB4B4E" value="true"/>
</engineerTo>
<useDomainConstraints>false</useDomainConstraints>
<use>1</use>
<logicalDatatype>LOGDT015</logicalDatatype>
<ownDataTypeParameters>,,</ownDataTypeParameters>
</Attribute>
<Attribute name="ciudad_origen" id="702AF7E8-3A8B-369E-873C-178BBD46B4B6">
<createdBy>Maximiliano</createdBy>
<createdTime>2025-08-25 02:56:43 UTC</createdTime>
<ownerDesignName>aeropuerto_semana_2</ownerDesignName>
<engineerTo>
<item key="B3BEE821-A88E-8514-4924-309F96FB4B4E" value="true"/>
</engineerTo>
<useDomainConstraints>false</useDomainConstraints>
<use>1</use>
<logicalDatatype>LOGDT024</logicalDatatype>
<dataTypeSize>100 CHAR</dataTypeSize>
<ownDataTypeParameters>100 CHAR,,</ownDataTypeParameters>
</Attribute>
<Attribute name="ciudad_destino" id="B91189D2-CB05-8648-292B-68EC6BA3413E">
<createdBy>Maximiliano</createdBy>
<createdTime>2025-08-25 02:57:12 UTC</createdTime>
<ownerDesignName>aeropuerto_semana_2</ownerDesignName>
<engineerTo>
<item key="B3BEE821-A88E-8514-4924-309F96FB4B4E" value="true"/>
</engineerTo>
<useDomainConstraints>false</useDomainConstraints>
<use>1</use>
<logicalDatatype>LOGDT024</logicalDatatype>
<dataTypeSize>100</dataTypeSize>
<ownDataTypeParameters>100,,</ownDataTypeParameters>
</Attribute>
<Attribute name="avion_id" id="AA7A7B23-6FFF-66E1-65CD-DAA880A56E7E">
<createdBy>Maximiliano</createdBy>
<createdTime>2025-08-25 03:09:23 UTC</createdTime>
<generatorID>20C9A536-E75A-A956-9C37-2276671B366D</generatorID>
<ownerDesignName>aeropuerto_semana_2</ownerDesignName>
<engineerTo>
<item key="B3BEE821-A88E-8514-4924-309F96FB4B4E" value="true"/>
</engineerTo>
<referedAttribute>20723559-A8EC-E069-FFCD-4B365C292AAF</referedAttribute>
<useDomainConstraints>false</useDomainConstraints>
<use>1</use>
<logicalDatatype>LOGDT019</logicalDatatype>
<dataTypePrecision>10</dataTypePrecision>
<ownDataTypeParameters>,,</ownDataTypeParameters>
</Attribute>
</attributes>
<identifiers itemClass="oracle.dbtools.crest.model.design.logical.CandidateKey">
<identifier id="96FA2879-D40A-64BD-5A16-483E27BC3150" name="vuelo PK">
<createdBy>Maximiliano</createdBy>
<createdTime>2025-08-25 02:43:36 UTC</createdTime>
<ownerDesignName>aeropuerto_semana_2</ownerDesignName>
<engineerTo>
<item key="B3BEE821-A88E-8514-4924-309F96FB4B4E" value="true"/>
</engineerTo>
<pk>true</pk>
<newElementsIDs>C799EB6B-2D6E-0342-45F8-EE94C83C707F,AA7A7B23-6FFF-66E1-65CD-DAA880A56E7E</newElementsIDs>
<usedAttributes>
<attributeRef>C799EB6B-2D6E-0342-45F8-EE94C83C707F</attributeRef>
<attributeRef>AA7A7B23-6FFF-66E1-65CD-DAA880A56E7E</attributeRef>
</usedAttributes>
</identifier>
<identifier id="672E6B55-5C16-23E5-64DC-0E70805725F3" name="UQ_numero_vuelo">
<createdBy>Maximiliano</createdBy>
<createdTime>2025-08-25 02:44:41 UTC</createdTime>
<ownerDesignName>aeropuerto_semana_2</ownerDesignName>
<engineerTo>
<item key="B3BEE821-A88E-8514-4924-309F96FB4B4E" value="true"/>
</engineerTo>
<newElementsIDs>CE38F428-6816-3D68-58D2-92305E079479</newElementsIDs>
<usedAttributes>
<attributeRef>CE38F428-6816-3D68-58D2-92305E079479</attributeRef>
</usedAttributes>
</identifier>
</identifiers>
</Entity>