<?xml version = '1.0' encoding = 'UTF-8'?>
<Entity class="oracle.dbtools.crest.model.design.logical.Entity" directorySegmentName="seg_0" id="EEC77ED5-150C-A9AD-4F9F-D5A2D299BB16" name="reserva">
<createdBy>Maximiliano</createdBy>
<createdTime>2025-08-25 04:10:25 UTC</createdTime>
<ownerDesignName>aeropuerto_semana_2</ownerDesignName>
<engineerTo>
<item key="B3BEE821-A88E-8514-4924-309F96FB4B4E" value="true"/>
</engineerTo>
<adequatelyNormalized>NO</adequatelyNormalized>
<expectedVolumes>0</expectedVolumes>
<fwdEngineeringStrategyName>Single Table</fwdEngineeringStrategyName>
<growthPercent>0</growthPercent>
<growthType>Year</growthType>
<maxVolumes>9999999</maxVolumes>
<minVolumes>0</minVolumes>
<normalForm>Third</normalForm>
<attributes itemClass="oracle.dbtools.crest.model.design.logical.Attribute">
<Attribute name="reserva_id" id="D88C96F4-C39A-87FE-3E69-A3A5DD856D0A">
<createdBy>Maximiliano</createdBy>
<createdTime>2025-08-25 04:10:48 UTC</createdTime>
<ownerDesignName>aeropuerto_semana_2</ownerDesignName>
<engineerTo>
<item key="B3BEE821-A88E-8514-4924-309F96FB4B4E" value="true"/>
</engineerTo>
<useDomainConstraints>false</useDomainConstraints>
<use>1</use>
<logicalDatatype>LOGDT019</logicalDatatype>
<dataTypePrecision>10</dataTypePrecision>
<ownDataTypeParameters>,10,</ownDataTypeParameters>
</Attribute>
<Attribute name="numero_reserva" id="84F01788-A281-7F7D-63B1-4A67E3F8B72C">
<createdBy>Maximiliano</createdBy>
<createdTime>2025-08-25 04:11:48 UTC</createdTime>
<ownerDesignName>aeropuerto_semana_2</ownerDesignName>
<engineerTo>
<item key="B3BEE821-A88E-8514-4924-309F96FB4B4E" value="true"/>
</engineerTo>
<useDomainConstraints>false</useDomainConstraints>
<use>1</use>
<logicalDatatype>LOGDT024</logicalDatatype>
<dataTypeSize>20 CHAR</dataTypeSize>
<ownDataTypeParameters>20 CHAR,,</ownDataTypeParameters>
</Attribute>
<Attribute name="fecha_reserva" id="CCFFB3A2-3010-5FF1-17B8-A2EDB64FFF39">
<createdBy>Maximiliano</createdBy>
<createdTime>2025-08-25 04:12:17 UTC</createdTime>
<ownerDesignName>aeropuerto_semana_2</ownerDesignName>
<engineerTo>
<item key="B3BEE821-A88E-8514-4924-309F96FB4B4E" value="true"/>
</engineerTo>
<useDomainConstraints>false</useDomainConstraints>
<use>1</use>
<logicalDatatype>LOGDT015</logicalDatatype>
<ownDataTypeParameters>,,</ownDataTypeParameters>
</Attribute>
<Attribute name="fecha_viaje" id="85C5333A-525F-C669-4692-B242E75DC06B">
<createdBy>Maximiliano</createdBy>
<createdTime>2025-08-25 04:13:02 UTC</createdTime>
<ownerDesignName>aeropuerto_semana_2</ownerDesignName>
<engineerTo>
<item key="B3BEE821-A88E-8514-4924-309F96FB4B4E" value="true"/>
</engineerTo>
<useDomainConstraints>false</useDomainConstraints>
<use>1</use>
<logicalDatatype>LOGDT007</logicalDatatype>
<ownDataTypeParameters>,,</ownDataTypeParameters>
</Attribute>
<Attribute name="estado" id="C1FA33C0-A923-9953-3BBE-49602796FAE3">
<createdBy>Maximiliano</createdBy>
<createdTime>2025-08-25 04:15:31 UTC</createdTime>
<ownerDesignName>aeropuerto_semana_2</ownerDesignName>
<engineerTo>
<item key="B3BEE821-A88E-8514-4924-309F96FB4B4E" value="true"/>
</engineerTo>
<useDomainConstraints>false</useDomainConstraints>
<use>1</use>
<logicalDatatype>LOGDT024</logicalDatatype>
<dataTypeSize>12 CHAR</dataTypeSize>
<ownDataTypeParameters>12 CHAR,,</ownDataTypeParameters>
</Attribute>
<Attribute name="vuelo_id" id="C605AA9D-1925-AEAD-1600-C4280B1B13C6">
<createdBy>Maximiliano</createdBy>
<createdTime>2025-08-25 04:17:36 UTC</createdTime>
<generatorID>C52352EB-3F28-81A7-2AB4-498FB5EDF179</generatorID>
<ownerDesignName>aeropuerto_semana_2</ownerDesignName>
<engineerTo>
<item key="B3BEE821-A88E-8514-4924-309F96FB4B4E" value="true"/>
</engineerTo>
<referedAttribute>C799EB6B-2D6E-0342-45F8-EE94C83C707F</referedAttribute>
<useDomainConstraints>false</useDomainConstraints>
<use>1</use>
<logicalDatatype>LOGDT019</logicalDatatype>
<dataTypePrecision>10</dataTypePrecision>
<ownDataTypeParameters>,,</ownDataTypeParameters>
</Attribute>
<Attribute name="pasajero_id" id="AE033CAA-5A09-0D56-1676-C1386813E658">
<createdBy>Maximiliano</createdBy>
<createdTime>2025-08-25 04:20:20 UTC</createdTime>
<generatorID>24D91733-D624-0828-A8F7-B2119534167C</generatorID>
<ownerDesignName>aeropuerto_semana_2</ownerDesignName>
<engineerTo>
<item key="B3BEE821-A88E-8514-4924-309F96FB4B4E" value="true"/>
</engineerTo>
<referedAttribute>68640277-18F5-A18E-2DB4-46927748D9AB</referedAttribute>
<useDomainConstraints>false</useDomainConstraints>
<use>1</use>
<logicalDatatype>LOGDT019</logicalDatatype>
<dataTypePrecision>10</dataTypePrecision>
<ownDataTypeParameters>,,</ownDataTypeParameters>
</Attribute>
<Attribute name="empleado_id" id="8FCA7490-2E71-BAA6-D6F9-760AB841B382">
<createdBy>Maximiliano</createdBy>
<createdTime>2025-08-26 00:33:45 UTC</createdTime>
<generatorID>5A105EC8-8780-8A6F-6FD0-F2330BEBC050</generatorID>
<ownerDesignName>aeropuerto_semana_2</ownerDesignName>
<engineerTo>
<item key="B3BEE821-A88E-8514-4924-309F96FB4B4E" value="true"/>
</engineerTo>
<nullsAllowed>true</nullsAllowed>
<referedAttribute>8F2FC3EA-D284-370B-AB3F-5F4FBF23BDD5</referedAttribute>
<useDomainConstraints>false</useDomainConstraints>
<use>1</use>
<logicalDatatype>LOGDT019</logicalDatatype>
<dataTypePrecision>10</dataTypePrecision>
<ownDataTypeParameters>,,</ownDataTypeParameters>
</Attribute>
<Attribute name="avion_id" id="2E567CE4-507E-9D0B-2BFC-D87589A2CAD1">
<createdBy>Maximiliano</createdBy>
<createdTime>2025-08-26 00:39:57 UTC</createdTime>
<generatorID>C52352EB-3F28-81A7-2AB4-498FB5EDF179</generatorID>
<ownerDesignName>aeropuerto_semana_2</ownerDesignName>
<engineerTo>
<item key="B3BEE821-A88E-8514-4924-309F96FB4B4E" value="true"/>
</engineerTo>
<referedAttribute>AA7A7B23-6FFF-66E1-65CD-DAA880A56E7E</referedAttribute>
<useDomainConstraints>false</useDomainConstraints>
<use>1</use>
<logicalDatatype>LOGDT019</logicalDatatype>
<dataTypePrecision>10</dataTypePrecision>
<ownDataTypeParameters>,,</ownDataTypeParameters>
</Attribute>
</attributes>
<identifiers itemClass="oracle.dbtools.crest.model.design.logical.CandidateKey">
<identifier id="C1E3C60F-285F-F041-3AD6-B49ECC326586" name="reserva PK">
<createdBy>Maximiliano</createdBy>
<createdTime>2025-08-25 04:11:45 UTC</createdTime>
<ownerDesignName>aeropuerto_semana_2</ownerDesignName>
<engineerTo>
<item key="B3BEE821-A88E-8514-4924-309F96FB4B4E" value="true"/>
</engineerTo>
<pk>true</pk>
<usedAttributes>
<attributeRef>D88C96F4-C39A-87FE-3E69-A3A5DD856D0A</attributeRef>
<attributeRef>C605AA9D-1925-AEAD-1600-C4280B1B13C6</attributeRef>
<attributeRef>AE033CAA-5A09-0D56-1676-C1386813E658</attributeRef>
</usedAttributes>
</identifier>
<identifier id="1B5E8422-D284-91E9-B725-D1E2025BAE03" name="UQ_numero_reserva">
<createdBy>Maximiliano</createdBy>
<createdTime>2025-08-25 04:24:02 UTC</createdTime>
<ownerDesignName>aeropuerto_semana_2</ownerDesignName>
<engineerTo>
<item key="B3BEE821-A88E-8514-4924-309F96FB4B4E" value="true"/>
</engineerTo>
<newElementsIDs>84F01788-A281-7F7D-63B1-4A67E3F8B72C</newElementsIDs>
<usedAttributes>
<attributeRef>84F01788-A281-7F7D-63B1-4A67E3F8B72C</attributeRef>
</usedAttributes>
</identifier>
</identifiers>
</Entity>