<?xml version = '1.0' encoding = 'UTF-8'?>
<Entity class="oracle.dbtools.crest.model.design.logical.Entity" directorySegmentName="seg_0" id="FCB7BE84-3172-E376-F3F2-FBEDD7C74A15" name="empleado_admin">
<createdBy>Maximiliano</createdBy>
<createdTime>2025-08-25 03:50:53 UTC</createdTime>
<ownerDesignName>aeropuerto_semana_2</ownerDesignName>
<engineerTo>
<item key="B3BEE821-A88E-8514-4924-309F96FB4B4E" value="true"/>
</engineerTo>
<adequatelyNormalized>NO</adequatelyNormalized>
<expectedVolumes>0</expectedVolumes>
<fwdEngineeringStrategyName>Single Table</fwdEngineeringStrategyName>
<growthPercent>0</growthPercent>
<growthType>Year</growthType>
<maxVolumes>9999999</maxVolumes>
<minVolumes>0</minVolumes>
<normalForm>Third</normalForm>
<attributes itemClass="oracle.dbtools.crest.model.design.logical.Attribute">
<Attribute name="empleado_id" id="8F2FC3EA-D284-370B-AB3F-5F4FBF23BDD5">
<createdBy>Maximiliano</createdBy>
<createdTime>2025-08-25 03:51:21 UTC</createdTime>
<generatorID>FA429FBF-61E5-4E49-9D98-D234E33732F0</generatorID>
<ownerDesignName>aeropuerto_semana_2</ownerDesignName>
<engineerTo>
<item key="B3BEE821-A88E-8514-4924-309F96FB4B4E" value="true"/>
</engineerTo>
<referedAttribute>8AD8D30F-B459-DC90-5BF4-B8683AFE3933</referedAttribute>
<useDomainConstraints>false</useDomainConstraints>
<use>1</use>
<logicalDatatype>LOGDT019</logicalDatatype>
<dataTypePrecision>10</dataTypePrecision>
<ownDataTypeParameters>,,</ownDataTypeParameters>
</Attribute>
<Attribute name="horas_extras" id="1E189B11-BB20-B865-8ACD-BD5929801D2A">
<createdBy>Maximiliano</createdBy>
<createdTime>2025-08-25 03:52:19 UTC</createdTime>
<ownerDesignName>aeropuerto_semana_2</ownerDesignName>
<engineerTo>
<item key="B3BEE821-A88E-8514-4924-309F96FB4B4E" value="true"/>
</engineerTo>
<useDomainConstraints>false</useDomainConstraints>
<use>1</use>
<logicalDatatype>LOGDT019</logicalDatatype>
<dataTypePrecision>4</dataTypePrecision>
<ownDataTypeParameters>,4,</ownDataTypeParameters>
</Attribute>
<Attribute name="afp" id="88685419-2866-C74B-0E2F-DC031A1880DA">
<createdBy>Maximiliano</createdBy>
<createdTime>2025-08-25 03:53:00 UTC</createdTime>
<ownerDesignName>aeropuerto_semana_2</ownerDesignName>
<engineerTo>
<item key="B3BEE821-A88E-8514-4924-309F96FB4B4E" value="true"/>
</engineerTo>
<useDomainConstraints>false</useDomainConstraints>
<use>1</use>
<logicalDatatype>LOGDT024</logicalDatatype>
<dataTypeSize>30 CHAR</dataTypeSize>
<ownDataTypeParameters>30 CHAR,,</ownDataTypeParameters>
</Attribute>
</attributes>
<identifiers itemClass="oracle.dbtools.crest.model.design.logical.CandidateKey">
<identifier id="DF0D6ED9-39C1-EFA7-F2CF-C71F3D3FF90B" name="empleado_jefe PK">
<createdBy>Maximiliano</createdBy>
<createdTime>2025-08-25 03:51:50 UTC</createdTime>
<ownerDesignName>aeropuerto_semana_2</ownerDesignName>
<engineerTo>
<item key="B3BEE821-A88E-8514-4924-309F96FB4B4E" value="true"/>
</engineerTo>
<pk>true</pk>
<usedAttributes>
<attributeRef>8F2FC3EA-D284-370B-AB3F-5F4FBF23BDD5</attributeRef>
</usedAttributes>
</identifier>
</identifiers>
</Entity>