<?xml version = '1.0' encoding = 'UTF-8'?>
<Relation class="oracle.dbtools.crest.model.design.logical.Relation" name="fk_comuna_region" directorySegmentName="seg_0" id="036C494E-D7A4-C4FA-EEBA-0914EF234EB1">
<createdBy>Maximiliano</createdBy>
<createdTime>2025-09-12 01:25:52 UTC</createdTime>
<generatorID>AEE11056-4795-279B-44EB-52BFCA27188C</generatorID>
<ownerDesignName>hospital_universitario</ownerDesignName>
<engineerTo>
<item key="E358AC4B-4BBE-B3C1-6737-F33838CBA445" value="true"/>
</engineerTo>
<sourcePk>B70BDE67-4055-40E5-123E-D7100096EC1B</sourcePk>
<identifying>false</identifying>
<optionalSource>true</optionalSource>
<optionalTarget>false</optionalTarget>
<sourceCardinality>1</sourceCardinality>
<sourceEntity>445A49F0-F73B-424E-8DAB-14F51C4E64D5</sourceEntity>
<targetCardinalityString>*</targetCardinalityString>
<targetEntity>C5B85462-BC80-9A1B-B336-ED9885E8922A</targetEntity>
<transferable>true</transferable>
<deleteRule>NO ACTION</deleteRule>
</Relation>