<?xml version = '1.0' encoding = 'UTF-8'?>
<Relation class="oracle.dbtools.crest.model.design.logical.Relation" name="fk_supervision_supervisado" directorySegmentName="seg_0" id="147E8CA3-E938-0160-7B88-E4CE8268BAB5">
<createdBy>Maximiliano</createdBy>
<createdTime>2025-09-12 01:25:52 UTC</createdTime>
<generatorID>58C445B9-C256-D21E-F4E6-3226AAF89626</generatorID>
<ownerDesignName>hospital_universitario</ownerDesignName>
<engineerTo>
<item key="E358AC4B-4BBE-B3C1-6737-F33838CBA445" value="true"/>
</engineerTo>
<sourcePk>94BBD7F9-CF6E-A130-BD06-021B0DF6472B</sourcePk>
<identifying>true</identifying>
<optionalSource>true</optionalSource>
<optionalTarget>false</optionalTarget>
<sourceCardinality>1</sourceCardinality>
<sourceEntity>1D254BBA-2366-3250-AAB2-3EDE5B2B50C0</sourceEntity>
<targetCardinalityString>*</targetCardinalityString>
<targetEntity>421DEE73-68B9-9E32-7966-87129ED77519</targetEntity>
<transferable>true</transferable>
<deleteRule>NO ACTION</deleteRule>
</Relation>