<?xml version = '1.0' encoding = 'UTF-8'?>
<Relation class="oracle.dbtools.crest.model.design.logical.Relation" name="fk_medico_unidad" directorySegmentName="seg_0" id="23768B3E-6DA3-08D8-08D7-18918E82FE2C">
<createdBy>Maximiliano</createdBy>
<createdTime>2025-09-12 01:25:52 UTC</createdTime>
<generatorID>859836C7-5877-6ABC-5617-3F11A420C5BA</generatorID>
<ownerDesignName>hospital_universitario</ownerDesignName>
<engineerTo>
<item key="E358AC4B-4BBE-B3C1-6737-F33838CBA445" value="true"/>
</engineerTo>
<sourcePk>880B2C05-FA9A-281E-C952-24B88AC3E4B4</sourcePk>
<identifying>false</identifying>
<optionalSource>true</optionalSource>
<optionalTarget>false</optionalTarget>
<sourceCardinality>1</sourceCardinality>
<sourceEntity>8001A6B1-4E2E-69CF-5CC7-8BB456105167</sourceEntity>
<targetCardinalityString>*</targetCardinalityString>
<targetEntity>1D254BBA-2366-3250-AAB2-3EDE5B2B50C0</targetEntity>
<transferable>true</transferable>
<deleteRule>NO ACTION</deleteRule>
</Relation>