<?xml version = '1.0' encoding = 'UTF-8'?>
<Relation class="oracle.dbtools.crest.model.design.logical.Relation" name="fk_medico_salud" directorySegmentName="seg_0" id="243E6956-B0DF-D197-4109-ECD080C63D19">
<createdBy>Maximiliano</createdBy>
<createdTime>2025-09-12 01:25:52 UTC</createdTime>
<generatorID>BAF9658F-DBB7-FFD1-6912-CD03D9619AFA</generatorID>
<ownerDesignName>hospital_universitario</ownerDesignName>
<engineerTo>
<item key="E358AC4B-4BBE-B3C1-6737-F33838CBA445" value="true"/>
</engineerTo>
<sourcePk>20022F5F-CCB5-7240-E1EB-1C844126E5EC</sourcePk>
<identifying>false</identifying>
<optionalSource>true</optionalSource>
<optionalTarget>false</optionalTarget>
<sourceCardinality>1</sourceCardinality>
<sourceEntity>C249AD2A-87CD-8D3D-2D6B-9386C435DA87</sourceEntity>
<targetCardinalityString>*</targetCardinalityString>
<targetEntity>1D254BBA-2366-3250-AAB2-3EDE5B2B50C0</targetEntity>
<transferable>true</transferable>
<deleteRule>NO ACTION</deleteRule>
</Relation>