<?xml version = '1.0' encoding = 'UTF-8'?>
<Relation class="oracle.dbtools.crest.model.design.logical.Relation" name="fk_sol_exam_medico" directorySegmentName="seg_0" id="2731C22B-E061-B979-C056-DD92193F0F26">
<createdBy>Maximiliano</createdBy>
<createdTime>2025-09-12 01:25:52 UTC</createdTime>
<generatorID>A578015E-B2C4-F37A-9757-876AA4F2FE4C</generatorID>
<ownerDesignName>hospital_universitario</ownerDesignName>
<engineerTo>
<item key="E358AC4B-4BBE-B3C1-6737-F33838CBA445" value="true"/>
</engineerTo>
<sourcePk>94BBD7F9-CF6E-A130-BD06-021B0DF6472B</sourcePk>
<identifying>false</identifying>
<optionalSource>true</optionalSource>
<optionalTarget>true</optionalTarget>
<sourceCardinality>1</sourceCardinality>
<sourceEntity>1D254BBA-2366-3250-AAB2-3EDE5B2B50C0</sourceEntity>
<targetCardinalityString>*</targetCardinalityString>
<targetEntity>1CB02237-59CA-D3C1-6C97-69701B2EEAD2</targetEntity>
<transferable>true</transferable>
<deleteRule>NO ACTION</deleteRule>
</Relation>