<?xml version = '1.0' encoding = 'UTF-8'?>
<Relation class="oracle.dbtools.crest.model.design.logical.Relation" name="fk_atencion_paciente" directorySegmentName="seg_0" id="3D7112FF-C2B0-A05F-90AF-4D59B0DE4E8A">
<createdBy>Maximiliano</createdBy>
<createdTime>2025-09-12 01:25:52 UTC</createdTime>
<generatorID>9729DCAF-9952-1400-10FD-F08A500C54B5</generatorID>
<ownerDesignName>hospital_universitario</ownerDesignName>
<engineerTo>
<item key="E358AC4B-4BBE-B3C1-6737-F33838CBA445" value="true"/>
</engineerTo>
<sourcePk>EABAFC73-5DB4-760D-C0DB-01ABF2217E5D</sourcePk>
<identifying>false</identifying>
<optionalSource>true</optionalSource>
<optionalTarget>false</optionalTarget>
<sourceCardinality>1</sourceCardinality>
<sourceEntity>F114218D-C6F7-B65D-6EF1-8018C66A3D8F</sourceEntity>
<targetCardinalityString>*</targetCardinalityString>
<targetEntity>966F07EA-824E-A409-8932-EFA0C88B4FA1</targetEntity>
<transferable>true</transferable>
<deleteRule>NO ACTION</deleteRule>
</Relation>