<?xml version = '1.0' encoding = 'UTF-8'?>
<Relation class="oracle.dbtools.crest.model.design.logical.Relation" name="fk_paciente_comuna" directorySegmentName="seg_0" id="41129814-B120-97B0-612E-1808482F6AB7">
<createdBy>Maximiliano</createdBy>
<createdTime>2025-09-12 01:25:52 UTC</createdTime>
<generatorID>D97E4803-83F6-6257-7967-42B076379156</generatorID>
<ownerDesignName>hospital_universitario</ownerDesignName>
<engineerTo>
<item key="E358AC4B-4BBE-B3C1-6737-F33838CBA445" value="true"/>
</engineerTo>
<sourcePk>062D4E87-0658-566C-C8CD-A90BDA0E62F1</sourcePk>
<identifying>false</identifying>
<optionalSource>true</optionalSource>
<optionalTarget>false</optionalTarget>
<sourceCardinality>1</sourceCardinality>
<sourceEntity>C5B85462-BC80-9A1B-B336-ED9885E8922A</sourceEntity>
<targetCardinalityString>*</targetCardinalityString>
<targetEntity>F114218D-C6F7-B65D-6EF1-8018C66A3D8F</targetEntity>
<transferable>true</transferable>
<deleteRule>NO ACTION</deleteRule>
</Relation>