<?xml version = '1.0' encoding = 'UTF-8'?>
<Relation class="oracle.dbtools.crest.model.design.logical.Relation" name="fk_det_sol_examen" directorySegmentName="seg_0" id="45B53DFB-47DD-9E5A-01B7-34DCCB91ABCD">
<createdBy>Maximiliano</createdBy>
<createdTime>2025-09-12 01:25:52 UTC</createdTime>
<generatorID>4ADD4A09-04B3-EB35-AF7B-E1A52BF74AC3</generatorID>
<ownerDesignName>hospital_universitario</ownerDesignName>
<engineerTo>
<item key="E358AC4B-4BBE-B3C1-6737-F33838CBA445" value="true"/>
</engineerTo>
<sourcePk>A87D3738-0AA2-918A-B49B-6A251FCCAA80</sourcePk>
<identifying>true</identifying>
<optionalSource>true</optionalSource>
<optionalTarget>false</optionalTarget>
<sourceCardinality>1</sourceCardinality>
<sourceEntity>9C3AB337-B3A4-65EB-E2CF-1D274CA9E645</sourceEntity>
<targetCardinalityString>*</targetCardinalityString>
<targetEntity>DE535F2E-B875-C139-5E55-C4C99BBA2EE6</targetEntity>
<transferable>true</transferable>
<deleteRule>NO ACTION</deleteRule>
</Relation>