<?xml version = '1.0' encoding = 'UTF-8'?>
<Relation class="oracle.dbtools.crest.model.design.logical.Relation" name="fk_res_sol" directorySegmentName="seg_0" id="46AE42B1-1FEB-055A-C542-CCF5A1B41FCF">
<createdBy>Maximiliano</createdBy>
<createdTime>2025-09-12 01:25:52 UTC</createdTime>
<generatorID>808038A1-C857-0DAE-ABF6-B9174FA3EF8F</generatorID>
<ownerDesignName>hospital_universitario</ownerDesignName>
<engineerTo>
<item key="E358AC4B-4BBE-B3C1-6737-F33838CBA445" value="true"/>
</engineerTo>
<sourcePk>FE32CF5D-50FC-48FD-862C-E70D3EC5CCC6</sourcePk>
<dominantRole>DE535F2E-B875-C139-5E55-C4C99BBA2EE6</dominantRole>
<identifying>false</identifying>
<optionalSource>true</optionalSource>
<optionalTarget>false</optionalTarget>
<sourceCardinality>1</sourceCardinality>
<sourceEntity>DE535F2E-B875-C139-5E55-C4C99BBA2EE6</sourceEntity>
<targetCardinalityString>1</targetCardinalityString>
<targetEntity>66893C4B-4DEC-446D-4B25-98D8308E29A1</targetEntity>
<transferable>true</transferable>
<deleteRule>NO ACTION</deleteRule>
</Relation>