<?xml version = '1.0' encoding = 'UTF-8'?>
<Relation class="oracle.dbtools.crest.model.design.logical.Relation" name="fk_atencion_medico" directorySegmentName="seg_0" id="57B1DC1A-2FAA-5B45-7DB7-5CC67C4A5559">
<createdBy>Maximiliano</createdBy>
<createdTime>2025-09-12 01:25:52 UTC</createdTime>
<generatorID>2034B0F5-33A4-038A-3111-0DAEFB6AC016</generatorID>
<ownerDesignName>hospital_universitario</ownerDesignName>
<engineerTo>
<item key="E358AC4B-4BBE-B3C1-6737-F33838CBA445" value="true"/>
</engineerTo>
<sourcePk>94BBD7F9-CF6E-A130-BD06-021B0DF6472B</sourcePk>
<identifying>false</identifying>
<optionalSource>true</optionalSource>
<optionalTarget>false</optionalTarget>
<sourceCardinality>1</sourceCardinality>
<sourceEntity>1D254BBA-2366-3250-AAB2-3EDE5B2B50C0</sourceEntity>
<targetCardinalityString>*</targetCardinalityString>
<targetEntity>966F07EA-824E-A409-8932-EFA0C88B4FA1</targetEntity>
<transferable>true</transferable>
<deleteRule>NO ACTION</deleteRule>
</Relation>