<?xml version = '1.0' encoding = 'UTF-8'?>
<Relation class="oracle.dbtools.crest.model.design.logical.Relation" name="Relation_20" directorySegmentName="seg_0" id="633C9235-7A48-47BB-DD39-2DEB00FE3F49">
<createdBy>Maximiliano</createdBy>
<createdTime>2025-09-12 02:59:47 UTC</createdTime>
<ownerDesignName>hospital_universitario</ownerDesignName>
<engineerTo>
<item key="E358AC4B-4BBE-B3C1-6737-F33838CBA445" value="true"/>
</engineerTo>
<sourcePk>EABAFC73-5DB4-760D-C0DB-01ABF2217E5D</sourcePk>
<arc>FAE898A2-36A1-4D8E-D866-148EDC9CB49E</arc>
<identifying>false</identifying>
<optionalSource>true</optionalSource>
<optionalTarget>false</optionalTarget>
<sourceCardinality>1</sourceCardinality>
<sourceEntity>F114218D-C6F7-B65D-6EF1-8018C66A3D8F</sourceEntity>
<targetCardinalityString>1</targetCardinalityString>
<targetEntity>D522F33C-0A07-EE56-A60B-6F019739C44D</targetEntity>
<transferable>true</transferable>
<deleteRule>NO ACTION</deleteRule>
</Relation>