<?xml version = '1.0' encoding = 'UTF-8'?>
<Relation class="oracle.dbtools.crest.model.design.logical.Relation" name="fk_pago_atencion" directorySegmentName="seg_0" id="72C5BEF4-F86A-8DFE-F288-004C7A061CFA">
<createdBy>Maximiliano</createdBy>
<createdTime>2025-09-12 01:25:52 UTC</createdTime>
<generatorID>6E10B1D1-9BC7-AE58-4761-AF535CF17564</generatorID>
<ownerDesignName>hospital_universitario</ownerDesignName>
<engineerTo>
<item key="E358AC4B-4BBE-B3C1-6737-F33838CBA445" value="true"/>
</engineerTo>
<sourcePk>C12C1239-E968-F902-D9E0-F0CF3D56EF1D</sourcePk>
<dominantRole>966F07EA-824E-A409-8932-EFA0C88B4FA1</dominantRole>
<identifying>false</identifying>
<optionalSource>true</optionalSource>
<optionalTarget>false</optionalTarget>
<sourceCardinality>1</sourceCardinality>
<sourceEntity>966F07EA-824E-A409-8932-EFA0C88B4FA1</sourceEntity>
<targetCardinalityString>1</targetCardinalityString>
<targetEntity>0855DA99-B3FC-6140-A7B5-7FBC00852036</targetEntity>
<transferable>true</transferable>
<deleteRule>NO ACTION</deleteRule>
</Relation>