<?xml version = '1.0' encoding = 'UTF-8'?>
<Relation class="oracle.dbtools.crest.model.design.logical.Relation" name="Relation_25" directorySegmentName="seg_0" id="764B29B6-74BC-2DDF-DBD0-7ABDBA3CDEA4">
<createdBy>Maximiliano</createdBy>
<createdTime>2025-09-12 02:38:46 UTC</createdTime>
<ownerDesignName>hospital_universitario</ownerDesignName>
<engineerTo>
<item key="E358AC4B-4BBE-B3C1-6737-F33838CBA445" value="true"/>
</engineerTo>
<sourcePk>EABAFC73-5DB4-760D-C0DB-01ABF2217E5D</sourcePk>
<arc>FAE898A2-36A1-4D8E-D866-148EDC9CB49E</arc>
<identifying>false</identifying>
<optionalSource>true</optionalSource>
<optionalTarget>false</optionalTarget>
<sourceCardinality>1</sourceCardinality>
<sourceEntity>F114218D-C6F7-B65D-6EF1-8018C66A3D8F</sourceEntity>
<targetCardinalityString>1</targetCardinalityString>
<targetEntity>70A7DC16-7A1B-59EE-95F8-9883D380C87F</targetEntity>
<transferable>true</transferable>
<deleteRule>NO ACTION</deleteRule>
</Relation>