<?xml version = '1.0' encoding = 'UTF-8'?>
<Relation class="oracle.dbtools.crest.model.design.logical.Relation" name="fk_especialidad_unidad" directorySegmentName="seg_0" id="802F0C7A-1164-4377-4CFD-50BE0AE86708">
<createdBy>Maximiliano</createdBy>
<createdTime>2025-09-12 01:25:52 UTC</createdTime>
<generatorID>399CFF6B-9E1C-BEB1-CA67-8EBDB8B54DAA</generatorID>
<ownerDesignName>hospital_universitario</ownerDesignName>
<engineerTo>
<item key="E358AC4B-4BBE-B3C1-6737-F33838CBA445" value="true"/>
</engineerTo>
<sourcePk>880B2C05-FA9A-281E-C952-24B88AC3E4B4</sourcePk>
<identifying>false</identifying>
<optionalSource>true</optionalSource>
<optionalTarget>true</optionalTarget>
<sourceCardinality>1</sourceCardinality>
<sourceEntity>8001A6B1-4E2E-69CF-5CC7-8BB456105167</sourceEntity>
<targetCardinalityString>*</targetCardinalityString>
<targetEntity>7020DAEC-5411-EB97-4BB3-2EEB998D56C8</targetEntity>
<transferable>true</transferable>
<deleteRule>NO ACTION</deleteRule>
</Relation>