<?xml version = '1.0' encoding = 'UTF-8'?>
<Relation class="oracle.dbtools.crest.model.design.logical.Relation" name="fk_medico_especialidad" directorySegmentName="seg_0" id="99E7D9F9-0B88-F5AE-3F85-D9A46B6D8D6B">
<createdBy>Maximiliano</createdBy>
<createdTime>2025-09-12 01:25:52 UTC</createdTime>
<generatorID>23407CE4-F0F6-2C4F-B3B1-7F401DA2B788</generatorID>
<ownerDesignName>hospital_universitario</ownerDesignName>
<engineerTo>
<item key="E358AC4B-4BBE-B3C1-6737-F33838CBA445" value="true"/>
</engineerTo>
<sourcePk>EB3A7FC3-EAB6-687A-8156-B624E6A93422</sourcePk>
<identifying>false</identifying>
<optionalSource>true</optionalSource>
<optionalTarget>false</optionalTarget>
<sourceCardinality>1</sourceCardinality>
<sourceEntity>7020DAEC-5411-EB97-4BB3-2EEB998D56C8</sourceEntity>
<targetCardinalityString>*</targetCardinalityString>
<targetEntity>1D254BBA-2366-3250-AAB2-3EDE5B2B50C0</targetEntity>
<transferable>true</transferable>
<deleteRule>NO ACTION</deleteRule>
</Relation>