<?xml version = '1.0' encoding = 'UTF-8'?>
<Relation class="oracle.dbtools.crest.model.design.logical.Relation" name="fk_supervision_supervisor" directorySegmentName="seg_0" id="A328CEDC-3C3C-4AE4-E518-2D6EE6DC854D">
<createdBy>Maximiliano</createdBy>
<createdTime>2025-09-12 01:25:52 UTC</createdTime>
<generatorID>2F370FA0-236B-A0E6-C182-E6E17C7EF59F</generatorID>
<ownerDesignName>hospital_universitario</ownerDesignName>
<engineerTo>
<item key="E358AC4B-4BBE-B3C1-6737-F33838CBA445" value="true"/>
</engineerTo>
<sourcePk>94BBD7F9-CF6E-A130-BD06-021B0DF6472B</sourcePk>
<identifying>true</identifying>
<optionalSource>true</optionalSource>
<optionalTarget>false</optionalTarget>
<sourceCardinality>1</sourceCardinality>
<sourceEntity>1D254BBA-2366-3250-AAB2-3EDE5B2B50C0</sourceEntity>
<targetCardinalityString>*</targetCardinalityString>
<targetEntity>421DEE73-68B9-9E32-7966-87129ED77519</targetEntity>
<transferable>true</transferable>
<deleteRule>NO ACTION</deleteRule>
</Relation>