<?xml version = '1.0' encoding = 'UTF-8'?>
<Relation class="oracle.dbtools.crest.model.design.logical.Relation" name="fk_medico_afp" directorySegmentName="seg_0" id="A3A9DF94-C121-7BA4-E77E-92CA13DAF42E">
<createdBy>Maximiliano</createdBy>
<createdTime>2025-09-12 01:25:52 UTC</createdTime>
<generatorID>3A32A852-8C52-9D66-5882-D253FD6974AC</generatorID>
<ownerDesignName>hospital_universitario</ownerDesignName>
<engineerTo>
<item key="E358AC4B-4BBE-B3C1-6737-F33838CBA445" value="true"/>
</engineerTo>
<sourcePk>A48BA944-C92D-0788-0748-7E04F65FF45A</sourcePk>
<identifying>false</identifying>
<optionalSource>true</optionalSource>
<optionalTarget>false</optionalTarget>
<sourceCardinality>1</sourceCardinality>
<sourceEntity>13AC4143-FF07-17DD-4ECE-A3C8B9D0AECA</sourceEntity>
<targetCardinalityString>*</targetCardinalityString>
<targetEntity>1D254BBA-2366-3250-AAB2-3EDE5B2B50C0</targetEntity>
<transferable>true</transferable>
<deleteRule>NO ACTION</deleteRule>
</Relation>