<?xml version = '1.0' encoding = 'UTF-8'?>
<Relation class="oracle.dbtools.crest.model.design.logical.Relation" name="fk_det_sol_solicitud" directorySegmentName="seg_0" id="C4DF2116-595D-0430-14E3-F3A647E5F2FD">
<createdBy>Maximiliano</createdBy>
<createdTime>2025-09-12 01:25:52 UTC</createdTime>
<generatorID>FCE095D2-42D8-9E13-BD08-0731343BC8B2</generatorID>
<ownerDesignName>hospital_universitario</ownerDesignName>
<engineerTo>
<item key="E358AC4B-4BBE-B3C1-6737-F33838CBA445" value="true"/>
</engineerTo>
<sourcePk>D3C6FD01-B3F1-3B1F-FBF1-EC13929B3F20</sourcePk>
<identifying>true</identifying>
<optionalSource>true</optionalSource>
<optionalTarget>false</optionalTarget>
<sourceCardinality>1</sourceCardinality>
<sourceEntity>1CB02237-59CA-D3C1-6C97-69701B2EEAD2</sourceEntity>
<targetCardinalityString>*</targetCardinalityString>
<targetEntity>DE535F2E-B875-C139-5E55-C4C99BBA2EE6</targetEntity>
<transferable>true</transferable>
<deleteRule>NO ACTION</deleteRule>
</Relation>