<?xml version = '1.0' encoding = 'UTF-8'?>
<Relation class="oracle.dbtools.crest.model.design.logical.Relation" name="fk_sol_exam_atencion" directorySegmentName="seg_0" id="FCCCBFCE-45B0-2623-EB1D-09C932DA1AAE">
<createdBy>Maximiliano</createdBy>
<createdTime>2025-09-12 01:25:52 UTC</createdTime>
<generatorID>E72D67E9-B739-CF10-8398-B44B3808FE44</generatorID>
<ownerDesignName>hospital_universitario</ownerDesignName>
<engineerTo>
<item key="E358AC4B-4BBE-B3C1-6737-F33838CBA445" value="true"/>
</engineerTo>
<sourcePk>C12C1239-E968-F902-D9E0-F0CF3D56EF1D</sourcePk>
<identifying>false</identifying>
<optionalSource>true</optionalSource>
<optionalTarget>false</optionalTarget>
<sourceCardinality>1</sourceCardinality>
<sourceEntity>966F07EA-824E-A409-8932-EFA0C88B4FA1</sourceEntity>
<targetCardinalityString>*</targetCardinalityString>
<targetEntity>1CB02237-59CA-D3C1-6C97-69701B2EEAD2</targetEntity>
<transferable>true</transferable>
<deleteRule>NO ACTION</deleteRule>
</Relation>