<?xml version = '1.0' encoding = 'UTF-8'?>
<Diagram class="oracle.dbtools.crest.swingui.logical.DPVLogical" name="Logical" id="3CCFCF89-C08A-A591-1692-481474C637EF">
<createdBy>Maximiliano</createdBy>
<modifiedBy>Maximiliano</modifiedBy>
<createdTime>2025-09-12 01:25:52 UTC</createdTime>
<autoRoute>false</autoRoute>
<boxInbox>false</boxInbox>
<showLegend>false</showLegend>
<showLabels>true</showLabels>
<showRelAttributes>true</showRelAttributes>
<gridEnabled>false</gridEnabled>
<showGrid>false</showGrid>
<diagramColor>-1</diagramColor>
<legendPosX>317</legendPosX>
<legendPosY>641</legendPosY>
<display>false</display>
<notation>0</notation>
<showComments>true</showComments>
<showClassificationTypes>true</showClassificationTypes>
<objectViews>
<OView class="oracle.dbtools.crest.swingui.logical.TVEntity" oid="0855DA99-B3FC-6140-A7B5-7FBC00852036" otype="Entity" vid="105DA691-6349-13E8-A896-FF57B61398D0">
<hideElementsInCurrentOnly>false</hideElementsInCurrentOnly>
<bounds x="339" y="238" width="217" height="130"/>
</OView>
<OView class="oracle.dbtools.crest.swingui.logical.TVEntity" oid="13AC4143-FF07-17DD-4ECE-A3C8B9D0AECA" otype="Entity" vid="72243977-57A1-E1B7-42F6-29A1239512A5">
<hideElementsInCurrentOnly>false</hideElementsInCurrentOnly>
<bounds x="1318" y="93" width="165" height="116"/>
</OView>
<OView class="oracle.dbtools.crest.swingui.logical.TVEntity" oid="1CB02237-59CA-D3C1-6C97-69701B2EEAD2" otype="Entity" vid="4BE32C7E-977F-7F03-4549-0F451AE4FA91">
<hideElementsInCurrentOnly>false</hideElementsInCurrentOnly>
<bounds x="587" y="246" width="255" height="102"/>
</OView>
<OView class="oracle.dbtools.crest.swingui.logical.TVEntity" oid="1D254BBA-2366-3250-AAB2-3EDE5B2B50C0" otype="Entity" vid="5906B804-5DD5-19D0-03E6-D10C036841B3">
<hideElementsInCurrentOnly>false</hideElementsInCurrentOnly>
<bounds x="667" y="14" width="239" height="172"/>
</OView>
<OView class="oracle.dbtools.crest.swingui.logical.TVEntity" oid="421DEE73-68B9-9E32-7966-87129ED77519" otype="Entity" vid="B956D467-9B5E-BEB1-8957-F2F10C607D2A">
<hideElementsInCurrentOnly>false</hideElementsInCurrentOnly>
<bounds x="1017" y="6" width="240" height="102"/>
</OView>
<OView class="oracle.dbtools.crest.swingui.logical.TVEntity" oid="445A49F0-F73B-424E-8DAB-14F51C4E64D5" otype="Entity" vid="A149F0DD-840D-D0A4-2B48-71310DB5CB67">
<hideElementsInCurrentOnly>false</hideElementsInCurrentOnly>
<bounds x="21" y="29" width="205" height="88"/>
</OView>
<OView class="oracle.dbtools.crest.swingui.logical.TVEntity" oid="66893C4B-4DEC-446D-4B25-98D8308E29A1" otype="Entity" vid="589FB189-8E92-D79C-7232-25EF8289645E">
<hideElementsInCurrentOnly>false</hideElementsInCurrentOnly>
<bounds x="979" y="544" width="242" height="144"/>
</OView>
<OView class="oracle.dbtools.crest.swingui.logical.TVEntity" oid="7020DAEC-5411-EB97-4BB3-2EEB998D56C8" otype="Entity" vid="670489E0-85CB-B163-67B5-DE8CEC2D0AE9">
<hideElementsInCurrentOnly>false</hideElementsInCurrentOnly>
<bounds x="1047" y="162" width="242" height="102"/>
</OView>
<OView class="oracle.dbtools.crest.swingui.logical.TVEntity" oid="70A7DC16-7A1B-59EE-95F8-9883D380C87F" otype="Entity" vid="7BBD1EF0-DEF6-7FF8-AE60-6D6456E5FEF4">
<hideElementsInCurrentOnly>false</hideElementsInCurrentOnly>
<bounds x="163" y="742" width="214" height="60"/>
</OView>
<OView class="oracle.dbtools.crest.swingui.logical.TVEntity" oid="8001A6B1-4E2E-69CF-5CC7-8BB456105167" otype="Entity" vid="60A4530E-2400-4F83-209D-B2B62BF660CA">
<hideElementsInCurrentOnly>false</hideElementsInCurrentOnly>
<bounds x="1074" y="341" width="183" height="88"/>
</OView>
<OView class="oracle.dbtools.crest.swingui.logical.TVEntity" oid="966F07EA-824E-A409-8932-EFA0C88B4FA1" otype="Entity" vid="FBF7FF9D-35BA-AB21-64CB-7145B6FFC306">
<hideElementsInCurrentOnly>false</hideElementsInCurrentOnly>
<bounds x="312" y="20" width="211" height="144"/>
</OView>
<OView class="oracle.dbtools.crest.swingui.logical.TVEntity" oid="9C3AB337-B3A4-65EB-E2CF-1D274CA9E645" otype="Entity" vid="AADC3718-8B1A-BE77-ADE3-763293225F4B">
<hideElementsInCurrentOnly>false</hideElementsInCurrentOnly>
<bounds x="546" y="596" width="262" height="130"/>
</OView>
<OView class="oracle.dbtools.crest.swingui.logical.TVEntity" oid="C249AD2A-87CD-8D3D-2D6B-9386C435DA87" otype="Entity" vid="0CD11979-D9BC-A1EA-C37A-E623F50247C7">
<hideElementsInCurrentOnly>false</hideElementsInCurrentOnly>
<bounds x="853" y="375" width="184" height="130"/>
</OView>
<OView class="oracle.dbtools.crest.swingui.logical.TVEntity" oid="C5B85462-BC80-9A1B-B336-ED9885E8922A" otype="Entity" vid="65B03DD9-271B-3B89-4785-49B0AAC7C69F">
<hideElementsInCurrentOnly>false</hideElementsInCurrentOnly>
<bounds x="1" y="175" width="214" height="88"/>
</OView>
<OView class="oracle.dbtools.crest.swingui.logical.TVEntity" oid="CC39DBDA-B65D-1C95-D57F-4FF9CF5BDF01" otype="Entity" vid="5F452E52-FC9E-CED8-96F2-BBA68D40BB27">
<hideElementsInCurrentOnly>false</hideElementsInCurrentOnly>
<bounds x="264" y="638" width="207" height="61"/>
</OView>
<OView class="oracle.dbtools.crest.swingui.logical.TVEntity" oid="D522F33C-0A07-EE56-A60B-6F019739C44D" otype="Entity" vid="E0D7E180-E004-4F8F-5041-FD020741502E">
<hideElementsInCurrentOnly>false</hideElementsInCurrentOnly>
<bounds x="18" y="625" width="195" height="60"/>
</OView>
<OView class="oracle.dbtools.crest.swingui.logical.TVEntity" oid="DE535F2E-B875-C139-5E55-C4C99BBA2EE6" otype="Entity" vid="64807AFE-8580-56C4-2BAD-7628A4CF1CA3">
<hideElementsInCurrentOnly>false</hideElementsInCurrentOnly>
<bounds x="507" y="444" width="241" height="102"/>
</OView>
<OView class="oracle.dbtools.crest.swingui.logical.TVEntity" oid="F114218D-C6F7-B65D-6EF1-8018C66A3D8F" otype="Entity" vid="DE5610D9-5BC7-45F4-6F66-AF957F210262">
<hideElementsInCurrentOnly>false</hideElementsInCurrentOnly>
<bounds x="65" y="377" width="239" height="200"/>
</OView>
</objectViews>
<connectors>
<Connector class="oracle.dbtools.crest.swingui.logical.TVRelation" oid="036C494E-D7A4-C4FA-EEBA-0914EF234EB1" otype="Relation" vid_source="A149F0DD-840D-D0A4-2B48-71310DB5CB67" vid_target="65B03DD9-271B-3B89-4785-49B0AAC7C69F">
<hideElementsInCurrentOnly>false</hideElementsInCurrentOnly>
<backgroundColor>-16777216</backgroundColor>
<lineWidth>1</lineWidth>
<points>
<point x="118" y="117"/>
<point x="118" y="175"/>
</points>
</Connector>
<Connector class="oracle.dbtools.crest.swingui.logical.TVRelation" oid="147E8CA3-E938-0160-7B88-E4CE8268BAB5" otype="Relation" vid_source="5906B804-5DD5-19D0-03E6-D10C036841B3" vid_target="B956D467-9B5E-BEB1-8957-F2F10C607D2A">
<hideElementsInCurrentOnly>false</hideElementsInCurrentOnly>
<backgroundColor>-16777216</backgroundColor>
<lineWidth>1</lineWidth>
<points>
<point x="906" y="61"/>
<point x="1017" y="61"/>
</points>
</Connector>
<Connector class="oracle.dbtools.crest.swingui.logical.TVInheritanceRelation" oid="189F8484-4CB4-0887-34D8-92120994F853" otype="Hierarchy relation" vid_source="DE5610D9-5BC7-45F4-6F66-AF957F210262" vid_target="7BBD1EF0-DEF6-7FF8-AE60-6D6456E5FEF4">
<hideElementsInCurrentOnly>false</hideElementsInCurrentOnly>
<backgroundColor>-65536</backgroundColor>
<lineWidth>1</lineWidth>
<points>
<point x="248" y="577"/>
<point x="248" y="742"/>
</points>
</Connector>
<Connector class="oracle.dbtools.crest.swingui.logical.TVRelation" oid="23768B3E-6DA3-08D8-08D7-18918E82FE2C" otype="Relation" vid_source="60A4530E-2400-4F83-209D-B2B62BF660CA" vid_target="5906B804-5DD5-19D0-03E6-D10C036841B3">
<hideElementsInCurrentOnly>false</hideElementsInCurrentOnly>
<backgroundColor>-16777216</backgroundColor>
<lineWidth>1</lineWidth>
<points>
<point x="1106" y="341"/>
<point x="900" y="186"/>
</points>
</Connector>
<Connector class="oracle.dbtools.crest.swingui.logical.TVRelation" oid="243E6956-B0DF-D197-4109-ECD080C63D19" otype="Relation" vid_source="0CD11979-D9BC-A1EA-C37A-E623F50247C7" vid_target="5906B804-5DD5-19D0-03E6-D10C036841B3">
<hideElementsInCurrentOnly>false</hideElementsInCurrentOnly>
<backgroundColor>-16777216</backgroundColor>
<lineWidth>1</lineWidth>
<points>
<point x="879" y="375"/>
<point x="879" y="186"/>
</points>
</Connector>
<Connector class="oracle.dbtools.crest.swingui.logical.TVRelation" oid="2731C22B-E061-B979-C056-DD92193F0F26" otype="Relation" vid_source="5906B804-5DD5-19D0-03E6-D10C036841B3" vid_target="4BE32C7E-977F-7F03-4549-0F451AE4FA91">
<hideElementsInCurrentOnly>false</hideElementsInCurrentOnly>
<backgroundColor>-16777216</backgroundColor>
<lineWidth>1</lineWidth>
<points>
<point x="754" y="186"/>
<point x="754" y="246"/>
</points>
</Connector>
<Connector class="oracle.dbtools.crest.swingui.logical.TVRelation" oid="3D7112FF-C2B0-A05F-90AF-4D59B0DE4E8A" otype="Relation" vid_source="DE5610D9-5BC7-45F4-6F66-AF957F210262" vid_target="FBF7FF9D-35BA-AB21-64CB-7145B6FFC306">
<hideElementsInCurrentOnly>false</hideElementsInCurrentOnly>
<backgroundColor>-16777216</backgroundColor>
<lineWidth>1</lineWidth>
<points>
<point x="245" y="377"/>
<point x="373" y="164"/>
</points>
</Connector>
<Connector class="oracle.dbtools.crest.swingui.logical.TVRelation" oid="41129814-B120-97B0-612E-1808482F6AB7" otype="Relation" vid_source="65B03DD9-271B-3B89-4785-49B0AAC7C69F" vid_target="DE5610D9-5BC7-45F4-6F66-AF957F210262">
<hideElementsInCurrentOnly>false</hideElementsInCurrentOnly>
<backgroundColor>-16777216</backgroundColor>
<lineWidth>1</lineWidth>
<points>
<point x="140" y="263"/>
<point x="140" y="377"/>
</points>
</Connector>
<Connector class="oracle.dbtools.crest.swingui.logical.TVRelation" oid="45B53DFB-47DD-9E5A-01B7-34DCCB91ABCD" otype="Relation" vid_source="AADC3718-8B1A-BE77-ADE3-763293225F4B" vid_target="64807AFE-8580-56C4-2BAD-7628A4CF1CA3">
<hideElementsInCurrentOnly>false</hideElementsInCurrentOnly>
<backgroundColor>-16777216</backgroundColor>
<lineWidth>1</lineWidth>
<points>
<point x="647" y="596"/>
<point x="647" y="546"/>
</points>
</Connector>
<Connector class="oracle.dbtools.crest.swingui.logical.TVRelation" oid="46AE42B1-1FEB-055A-C542-CCF5A1B41FCF" otype="Relation" vid_source="64807AFE-8580-56C4-2BAD-7628A4CF1CA3" vid_target="589FB189-8E92-D79C-7232-25EF8289645E">
<hideElementsInCurrentOnly>false</hideElementsInCurrentOnly>
<backgroundColor>-16777216</backgroundColor>
<lineWidth>1</lineWidth>
<points>
<point x="748" y="545"/>
<point x="979" y="545"/>
</points>
</Connector>
<Connector class="oracle.dbtools.crest.swingui.logical.TVRelation" oid="57B1DC1A-2FAA-5B45-7DB7-5CC67C4A5559" otype="Relation" vid_source="5906B804-5DD5-19D0-03E6-D10C036841B3" vid_target="FBF7FF9D-35BA-AB21-64CB-7145B6FFC306">
<hideElementsInCurrentOnly>false</hideElementsInCurrentOnly>
<backgroundColor>-16777216</backgroundColor>
<lineWidth>1</lineWidth>
<points>
<point x="667" y="92"/>
<point x="523" y="92"/>
</points>
</Connector>
<Connector class="oracle.dbtools.crest.swingui.logical.TVRelation" oid="633C9235-7A48-47BB-DD39-2DEB00FE3F49" otype="Relation" vid_source="DE5610D9-5BC7-45F4-6F66-AF957F210262" vid_target="E0D7E180-E004-4F8F-5041-FD020741502E">
<hideElementsInCurrentOnly>false</hideElementsInCurrentOnly>
<backgroundColor>-16777216</backgroundColor>
<lineWidth>1</lineWidth>
<points>
<point x="139" y="577"/>
<point x="139" y="625"/>
</points>
</Connector>
<Connector class="oracle.dbtools.crest.swingui.logical.TVRelation" oid="6B8491DF-BF46-A073-A895-23BDDC85DEF2" otype="Relation" vid_source="DE5610D9-5BC7-45F4-6F66-AF957F210262" vid_target="5F452E52-FC9E-CED8-96F2-BBA68D40BB27">
<hideElementsInCurrentOnly>false</hideElementsInCurrentOnly>
<backgroundColor>-16777216</backgroundColor>
<lineWidth>1</lineWidth>
<points>
<point x="284" y="577"/>
<point x="284" y="638"/>
</points>
</Connector>
<Connector class="oracle.dbtools.crest.swingui.logical.TVRelation" oid="72C5BEF4-F86A-8DFE-F288-004C7A061CFA" otype="Relation" vid_source="FBF7FF9D-35BA-AB21-64CB-7145B6FFC306" vid_target="105DA691-6349-13E8-A896-FF57B61398D0">
<hideElementsInCurrentOnly>false</hideElementsInCurrentOnly>
<backgroundColor>-16777216</backgroundColor>
<lineWidth>1</lineWidth>
<points>
<point x="431" y="164"/>
<point x="431" y="238"/>
</points>
</Connector>
<Connector class="oracle.dbtools.crest.swingui.logical.TVRelation" oid="764B29B6-74BC-2DDF-DBD0-7ABDBA3CDEA4" otype="Relation" vid_source="DE5610D9-5BC7-45F4-6F66-AF957F210262" vid_target="7BBD1EF0-DEF6-7FF8-AE60-6D6456E5FEF4">
<hideElementsInCurrentOnly>false</hideElementsInCurrentOnly>
<backgroundColor>-16777216</backgroundColor>
<lineWidth>1</lineWidth>
<points>
<point x="233" y="577"/>
<point x="233" y="742"/>
</points>
</Connector>
<Connector class="oracle.dbtools.crest.swingui.logical.TVRelation" oid="802F0C7A-1164-4377-4CFD-50BE0AE86708" otype="Relation" vid_source="60A4530E-2400-4F83-209D-B2B62BF660CA" vid_target="670489E0-85CB-B163-67B5-DE8CEC2D0AE9">
<hideElementsInCurrentOnly>false</hideElementsInCurrentOnly>
<backgroundColor>-16777216</backgroundColor>
<lineWidth>1</lineWidth>
<points>
<point x="1165" y="341"/>
<point x="1165" y="264"/>
</points>
</Connector>
<Connector class="oracle.dbtools.crest.swingui.logical.TVRelation" oid="99E7D9F9-0B88-F5AE-3F85-D9A46B6D8D6B" otype="Relation" vid_source="670489E0-85CB-B163-67B5-DE8CEC2D0AE9" vid_target="5906B804-5DD5-19D0-03E6-D10C036841B3">
<hideElementsInCurrentOnly>false</hideElementsInCurrentOnly>
<backgroundColor>-16777216</backgroundColor>
<lineWidth>1</lineWidth>
<points>
<point x="1047" y="174"/>
<point x="906" y="174"/>
</points>
</Connector>
<Connector class="oracle.dbtools.crest.swingui.logical.TVRelation" oid="A328CEDC-3C3C-4AE4-E518-2D6EE6DC854D" otype="Relation" vid_source="5906B804-5DD5-19D0-03E6-D10C036841B3" vid_target="B956D467-9B5E-BEB1-8957-F2F10C607D2A">
<hideElementsInCurrentOnly>false</hideElementsInCurrentOnly>
<backgroundColor>-16777216</backgroundColor>
<lineWidth>1</lineWidth>
<points>
<point x="906" y="76"/>
<point x="1017" y="76"/>
</points>
</Connector>
<Connector class="oracle.dbtools.crest.swingui.logical.TVRelation" oid="A3A9DF94-C121-7BA4-E77E-92CA13DAF42E" otype="Relation" vid_source="72243977-57A1-E1B7-42F6-29A1239512A5" vid_target="5906B804-5DD5-19D0-03E6-D10C036841B3">
<hideElementsInCurrentOnly>false</hideElementsInCurrentOnly>
<backgroundColor>-16777216</backgroundColor>
<lineWidth>1</lineWidth>
<points>
<point x="1318" y="139"/>
<point x="906" y="139"/>
</points>
</Connector>
<Connector class="oracle.dbtools.crest.swingui.logical.TVRelation" oid="C4DF2116-595D-0430-14E3-F3A647E5F2FD" otype="Relation" vid_source="4BE32C7E-977F-7F03-4549-0F451AE4FA91" vid_target="64807AFE-8580-56C4-2BAD-7628A4CF1CA3">
<hideElementsInCurrentOnly>false</hideElementsInCurrentOnly>
<backgroundColor>-16777216</backgroundColor>
<lineWidth>1</lineWidth>
<points>
<point x="667" y="348"/>
<point x="667" y="444"/>
</points>
</Connector>
<Connector class="oracle.dbtools.crest.swingui.logical.TVInheritanceRelation" oid="CE327D3D-ABDC-FB29-2ACB-02D5DCDE2260" otype="Hierarchy relation" vid_source="DE5610D9-5BC7-45F4-6F66-AF957F210262" vid_target="5F452E52-FC9E-CED8-96F2-BBA68D40BB27">
<hideElementsInCurrentOnly>false</hideElementsInCurrentOnly>
<backgroundColor>-65536</backgroundColor>
<lineWidth>1</lineWidth>
<points>
<point x="299" y="577"/>
<point x="299" y="638"/>
</points>
</Connector>
<Connector class="oracle.dbtools.crest.swingui.logical.TVInheritanceRelation" oid="D08B67BF-530A-3F77-DFE4-21501D410641" otype="Hierarchy relation" vid_source="DE5610D9-5BC7-45F4-6F66-AF957F210262" vid_target="E0D7E180-E004-4F8F-5041-FD020741502E">
<hideElementsInCurrentOnly>false</hideElementsInCurrentOnly>
<backgroundColor>-65536</backgroundColor>
<lineWidth>1</lineWidth>
<points>
<point x="199" y="577"/>
<point x="199" y="625"/>
</points>
</Connector>
<Connector class="oracle.dbtools.crest.swingui.logical.TVRelation" oid="FCCCBFCE-45B0-2623-EB1D-09C932DA1AAE" otype="Relation" vid_source="FBF7FF9D-35BA-AB21-64CB-7145B6FFC306" vid_target="4BE32C7E-977F-7F03-4549-0F451AE4FA91">
<hideElementsInCurrentOnly>false</hideElementsInCurrentOnly>
<backgroundColor>-16777216</backgroundColor>
<lineWidth>1</lineWidth>
<points>
<point x="521" y="164"/>
<point x="640" y="246"/>
</points>
</Connector>
</connectors>
<arcs>
<Arc class="oracle.dbtools.crest.swingui.logical.TVArc" oid="FAE898A2-36A1-4D8E-D866-148EDC9CB49E" otype="Arc" vid="C959D273-B13E-3B78-49B8-7D43453B9962">
<hideElementsInCurrentOnly>false</hideElementsInCurrentOnly>
<bounds x="45" y="357" width="279" height="240"/>
</Arc>
</arcs>
</Diagram>