<?xml version = '1.0' encoding = 'UTF-8'?>
<Diagram class="oracle.dbtools.crest.swingui.logical.DPVLogical" name="Logical" id="E10AC5F6-DDDC-8962-776F-12C674B99D91">
<createdBy>Maximiliano</createdBy>
<modifiedBy>Maximiliano</modifiedBy>
<createdTime>2025-08-24 18:34:51 UTC</createdTime>
<autoRoute>false</autoRoute>
<boxInbox>true</boxInbox>
<showLegend>false</showLegend>
<showLabels>false</showLabels>
<showRelAttributes>false</showRelAttributes>
<gridEnabled>false</gridEnabled>
<showGrid>false</showGrid>
<diagramColor>-1</diagramColor>
<display>false</display>
<notation>0</notation>
<objectViews>
<OView class="oracle.dbtools.crest.swingui.logical.TVEntity" oid="0B04A531-39E0-4FEA-0C70-C4BF316DE0F0" otype="Entity" vid="5F8A611E-07F9-1493-5E3B-BD14A1B67BFC">
<hideElementsInCurrentOnly>false</hideElementsInCurrentOnly>
<bounds x="25" y="15" width="197" height="129"/>
</OView>
<OView class="oracle.dbtools.crest.swingui.logical.TVEntity" oid="0ECE8AAB-7336-CA8E-2D8A-5777FD24DD28" otype="Entity" vid="E3ACC400-17BB-7886-DF65-A0B1CDCBCE98">
<hideElementsInCurrentOnly>false</hideElementsInCurrentOnly>
<bounds x="39" y="169" width="221" height="219"/>
</OView>
<OView class="oracle.dbtools.crest.swingui.logical.TVEntity" oid="2863C45A-9B54-98CA-AFDD-940C06BDB9DF" otype="Entity" vid="AF7EF962-7DA5-50DF-2128-7097B4F0BA17">
<hideElementsInCurrentOnly>false</hideElementsInCurrentOnly>
<bounds x="928" y="449" width="211" height="173"/>
</OView>
<OView class="oracle.dbtools.crest.swingui.logical.TVEntity" oid="645B0C92-241C-8755-5C87-1D9EA1AB7CD7" otype="Entity" vid="ECFDCA8D-9E61-68C8-65AF-2DDDE9915833">
<hideElementsInCurrentOnly>false</hideElementsInCurrentOnly>
<bounds x="369" y="330" width="322" height="196"/>
</OView>
<OView class="oracle.dbtools.crest.swingui.logical.TVEntity" oid="86E56440-C732-F0C1-36F5-F178A799D998" otype="Entity" vid="F57DB525-F176-AA93-7388-013837553914">
<hideElementsInCurrentOnly>false</hideElementsInCurrentOnly>
<bounds x="412" y="103" width="231" height="86"/>
</OView>
<OView class="oracle.dbtools.crest.swingui.logical.TVEntity" oid="C938C6CE-C23B-5A94-C63F-4416B6CE1C5A" otype="Entity" vid="9A06196B-5489-E19A-3B7E-2D1FA3C3015A">
<hideElementsInCurrentOnly>false</hideElementsInCurrentOnly>
<bounds x="754" y="9" width="230" height="168"/>
</OView>
<OView class="oracle.dbtools.crest.swingui.logical.TVEntity" oid="EEC77ED5-150C-A9AD-4F9F-D5A2D299BB16" otype="Entity" vid="5D2A308B-970E-222C-366C-E350545A4EA2">
<hideElementsInCurrentOnly>false</hideElementsInCurrentOnly>
<bounds x="832" y="212" width="203" height="190"/>
</OView>
<OView class="oracle.dbtools.crest.swingui.logical.TVEntity" oid="FCB7BE84-3172-E376-F3F2-FBEDD7C74A15" otype="Entity" vid="DB0D9718-3DB3-592D-1BA8-6486F7059AC7">
<hideElementsInCurrentOnly>false</hideElementsInCurrentOnly>
<bounds x="417" y="201" width="230" height="91"/>
</OView>
</objectViews>
<connectors>
<Connector class="oracle.dbtools.crest.swingui.logical.TVRelation" oid="20C9A536-E75A-A956-9C37-2276671B366D" otype="Relation" vid_source="5F8A611E-07F9-1493-5E3B-BD14A1B67BFC" vid_target="9A06196B-5489-E19A-3B7E-2D1FA3C3015A">
<hideElementsInCurrentOnly>false</hideElementsInCurrentOnly>
<backgroundColor>-16777216</backgroundColor>
<lineWidth>1</lineWidth>
<points>
<point x="222" y="79"/>
<point x="754" y="79"/>
</points>
</Connector>
<Connector class="oracle.dbtools.crest.swingui.logical.TVRelation" oid="24D91733-D624-0828-A8F7-B2119534167C" otype="Relation" vid_source="ECFDCA8D-9E61-68C8-65AF-2DDDE9915833" vid_target="5D2A308B-970E-222C-366C-E350545A4EA2">
<hideElementsInCurrentOnly>false</hideElementsInCurrentOnly>
<backgroundColor>-16777216</backgroundColor>
<lineWidth>1</lineWidth>
<points>
<point x="691" y="366"/>
<point x="832" y="366"/>
</points>
</Connector>
<Connector class="oracle.dbtools.crest.swingui.logical.TVRelation" oid="5A105EC8-8780-8A6F-6FD0-F2330BEBC050" otype="Relation" vid_source="DB0D9718-3DB3-592D-1BA8-6486F7059AC7" vid_target="5D2A308B-970E-222C-366C-E350545A4EA2">
<hideElementsInCurrentOnly>false</hideElementsInCurrentOnly>
<backgroundColor>-16777216</backgroundColor>
<lineWidth>1</lineWidth>
<points>
<point x="647" y="267"/>
<point x="832" y="267"/>
</points>
</Connector>
<Connector class="oracle.dbtools.crest.swingui.logical.TVRelation" oid="7094C505-D67A-406A-17D6-E693939D5C9E" otype="Relation" vid_source="E3ACC400-17BB-7886-DF65-A0B1CDCBCE98" vid_target="F57DB525-F176-AA93-7388-013837553914">
<hideElementsInCurrentOnly>false</hideElementsInCurrentOnly>
<backgroundColor>-16777216</backgroundColor>
<lineWidth>1</lineWidth>
<points>
<point x="260" y="179"/>
<point x="412" y="179"/>
</points>
</Connector>
<Connector class="oracle.dbtools.crest.swingui.logical.TVRelation" oid="A1E20954-47A9-2FD1-29E5-3E9F6235A2F5" otype="Relation" vid_source="ECFDCA8D-9E61-68C8-65AF-2DDDE9915833" vid_target="AF7EF962-7DA5-50DF-2128-7097B4F0BA17">
<hideElementsInCurrentOnly>false</hideElementsInCurrentOnly>
<backgroundColor>-16777216</backgroundColor>
<lineWidth>1</lineWidth>
<points>
<point x="691" y="487"/>
<point x="928" y="487"/>
</points>
</Connector>
<Connector class="oracle.dbtools.crest.swingui.logical.TVRelation" oid="C52352EB-3F28-81A7-2AB4-498FB5EDF179" otype="Relation" vid_source="9A06196B-5489-E19A-3B7E-2D1FA3C3015A" vid_target="5D2A308B-970E-222C-366C-E350545A4EA2">
<hideElementsInCurrentOnly>false</hideElementsInCurrentOnly>
<backgroundColor>-16777216</backgroundColor>
<lineWidth>1</lineWidth>
<points>
<point x="908" y="177"/>
<point x="908" y="212"/>
</points>
</Connector>
<Connector class="oracle.dbtools.crest.swingui.logical.TVRelation" oid="FA429FBF-61E5-4E49-9D98-D234E33732F0" otype="Relation" vid_source="E3ACC400-17BB-7886-DF65-A0B1CDCBCE98" vid_target="DB0D9718-3DB3-592D-1BA8-6486F7059AC7">
<hideElementsInCurrentOnly>false</hideElementsInCurrentOnly>
<backgroundColor>-16777216</backgroundColor>
<lineWidth>1</lineWidth>
<points>
<point x="260" y="246"/>
<point x="417" y="246"/>
</points>
</Connector>
</connectors>
</Diagram>