<?xml version = '1.0' encoding = 'UTF-8'?>
<Diagram class="oracle.dbtools.crest.swingui.logical.DPVLogical" name="Logical" id="4E868DD4-AC98-0A05-1C79-2ABCFFFBCE17">
<createdBy>Maximiliano</createdBy>
<modifiedBy>Maximiliano</modifiedBy>
<createdTime>2025-08-18 01:52:27 UTC</createdTime>
<autoRoute>false</autoRoute>
<boxInbox>true</boxInbox>
<showLegend>false</showLegend>
<showLabels>false</showLabels>
<showRelAttributes>false</showRelAttributes>
<gridEnabled>false</gridEnabled>
<showGrid>false</showGrid>
<diagramColor>-1</diagramColor>
<display>false</display>
<notation>1</notation>
<objectViews>
<OView class="oracle.dbtools.crest.swingui.logical.TVEntity" oid="37AEB6F3-A1F2-A5BC-CED3-4EE3E5FABDFE" otype="Entity" vid="E31F6D37-9D8A-E02F-7CDB-A3904EDD44BF">
<hideElementsInCurrentOnly>false</hideElementsInCurrentOnly>
<bounds x="90" y="130" width="170" height="110"/>
</OView>
<OView class="oracle.dbtools.crest.swingui.logical.TVEntity" oid="46AA9323-816E-71F9-0C54-B5BE9C7B24FE" otype="Entity" vid="A2064AFA-0407-ACDD-C628-1D66E94DC5F6">
<hideElementsInCurrentOnly>false</hideElementsInCurrentOnly>
<bounds x="70" y="90" width="170" height="110"/>
</OView>
<OView class="oracle.dbtools.crest.swingui.logical.TVEntity" oid="830935C2-4683-B64F-A7D2-9C083C42DB53" otype="Entity" vid="62C2C6AD-B00D-73EE-DE67-3F8FAD531EB7">
<hideElementsInCurrentOnly>false</hideElementsInCurrentOnly>
<bounds x="100" y="150" width="170" height="110"/>
</OView>
<OView class="oracle.dbtools.crest.swingui.logical.TVEntity" oid="913AE4FC-6BD3-1056-5F04-7766B1A845D9" otype="Entity" vid="C198B2EE-E5D2-7E51-DB09-02396B6372B5">
<hideElementsInCurrentOnly>false</hideElementsInCurrentOnly>
<bounds x="80" y="110" width="170" height="110"/>
</OView>
<OView class="oracle.dbtools.crest.swingui.logical.TVEntity" oid="9CE2A3BB-6F91-F719-21DA-945492F542DC" otype="Entity" vid="D3F63D83-8522-649B-A96A-5655670C0CD0">
<hideElementsInCurrentOnly>false</hideElementsInCurrentOnly>
<bounds x="58" y="48" width="277" height="189"/>
</OView>
</objectViews>
<connectors>
<Connector class="oracle.dbtools.crest.swingui.logical.TVRelation" oid="63A5CC33-12E7-AD87-70C6-547661E9291A" otype="Relation" vid_source="E31F6D37-9D8A-E02F-7CDB-A3904EDD44BF" vid_target="D3F63D83-8522-649B-A96A-5655670C0CD0">
<hideElementsInCurrentOnly>false</hideElementsInCurrentOnly>
<backgroundColor>-16777216</backgroundColor>
<lineWidth>1</lineWidth>
<points>
<point x="90" y="228"/>
<point x="335" y="228"/>
</points>
</Connector>
<Connector class="oracle.dbtools.crest.swingui.logical.TVRelation" oid="88D22C12-4D48-98C9-CEA1-F49A20445225" otype="Relation" vid_source="C198B2EE-E5D2-7E51-DB09-02396B6372B5" vid_target="D3F63D83-8522-649B-A96A-5655670C0CD0">
<hideElementsInCurrentOnly>false</hideElementsInCurrentOnly>
<backgroundColor>-16777216</backgroundColor>
<lineWidth>1</lineWidth>
<points>
<point x="80" y="210"/>
<point x="335" y="210"/>
</points>
</Connector>
<Connector class="oracle.dbtools.crest.swingui.logical.TVRelation" oid="8FA96C17-4E7D-E24A-D6B8-63BC5DC0C4CE" otype="Relation" vid_source="A2064AFA-0407-ACDD-C628-1D66E94DC5F6" vid_target="D3F63D83-8522-649B-A96A-5655670C0CD0">
<hideElementsInCurrentOnly>false</hideElementsInCurrentOnly>
<backgroundColor>-16777216</backgroundColor>
<lineWidth>1</lineWidth>
<points>
<point x="70" y="100"/>
<point x="335" y="100"/>
</points>
</Connector>
<Connector class="oracle.dbtools.crest.swingui.logical.TVRelation" oid="E3D2641F-25D1-F999-0B5E-992FA3A9B80E" otype="Relation" vid_source="62C2C6AD-B00D-73EE-DE67-3F8FAD531EB7" vid_target="E31F6D37-9D8A-E02F-7CDB-A3904EDD44BF">
<hideElementsInCurrentOnly>false</hideElementsInCurrentOnly>
<backgroundColor>-16777216</backgroundColor>
<lineWidth>1</lineWidth>
<points>
<point x="100" y="210"/>
<point x="260" y="210"/>
</points>
</Connector>
<Connector class="oracle.dbtools.crest.swingui.logical.TVRelation" oid="E96D1D45-E586-5789-5831-EAD4DC4C7FA2" otype="Relation" vid_source="62C2C6AD-B00D-73EE-DE67-3F8FAD531EB7" vid_target="E31F6D37-9D8A-E02F-7CDB-A3904EDD44BF">
<hideElementsInCurrentOnly>false</hideElementsInCurrentOnly>
<backgroundColor>-16777216</backgroundColor>
<lineWidth>1</lineWidth>
<points>
<point x="100" y="195"/>
<point x="260" y="195"/>
</points>
</Connector>
</connectors>
<displays>
<Display class="oracle.dbtools.crest.swingui.logical.DPVLogical" name="Display_1" id="D21099B4-D63F-45CD-5BBB-FA6A42BF8AB9">
<createdBy>Maximiliano</createdBy>
<modifiedBy>Maximiliano</modifiedBy>
<createdTime>2025-08-18 01:52:53 UTC</createdTime>
<autoRoute>false</autoRoute>
<boxInbox>true</boxInbox>
<showLegend>false</showLegend>
<showLabels>false</showLabels>
<showRelAttributes>false</showRelAttributes>
<gridEnabled>false</gridEnabled>
<showGrid>false</showGrid>
<diagramColor>-1</diagramColor>
<display>true</display>
<notation>1</notation>
<objectViews>
<OView class="oracle.dbtools.crest.swingui.logical.TVEntity" oid="37AEB6F3-A1F2-A5BC-CED3-4EE3E5FABDFE" otype="Entity" vid="10679676-4AE6-A163-5E3C-43FB102BFA31">
<hideElementsInCurrentOnly>false</hideElementsInCurrentOnly>
<bounds x="17" y="275" width="215" height="120"/>
</OView>
<OView class="oracle.dbtools.crest.swingui.logical.TVEntity" oid="46AA9323-816E-71F9-0C54-B5BE9C7B24FE" otype="Entity" vid="616B67EE-D0F0-9640-2990-4B5497E0BE01">
<hideElementsInCurrentOnly>false</hideElementsInCurrentOnly>
<bounds x="550" y="11" width="186" height="122"/>
</OView>
<OView class="oracle.dbtools.crest.swingui.logical.TVEntity" oid="830935C2-4683-B64F-A7D2-9C083C42DB53" otype="Entity" vid="29FC74E9-3B97-947A-6BA2-03EC518F4B95">
<hideElementsInCurrentOnly>false</hideElementsInCurrentOnly>
<bounds x="543" y="278" width="181" height="114"/>
</OView>
<OView class="oracle.dbtools.crest.swingui.logical.TVEntity" oid="913AE4FC-6BD3-1056-5F04-7766B1A845D9" otype="Entity" vid="DA28F28A-25A6-2850-3C76-C87F062252AC">
<hideElementsInCurrentOnly>false</hideElementsInCurrentOnly>
<bounds x="301" y="124" width="179" height="142"/>
</OView>
<OView class="oracle.dbtools.crest.swingui.logical.TVEntity" oid="9CE2A3BB-6F91-F719-21DA-945492F542DC" otype="Entity" vid="5C1A3DE5-29F3-258B-17B9-C4AA99CA8952">
<hideElementsInCurrentOnly>false</hideElementsInCurrentOnly>
<bounds x="8" y="8" width="160" height="129"/>
</OView>
</objectViews>
<connectors>
<Connector class="oracle.dbtools.crest.swingui.logical.TVRelation" oid="63A5CC33-12E7-AD87-70C6-547661E9291A" otype="Relation" vid_source="10679676-4AE6-A163-5E3C-43FB102BFA31" vid_target="5C1A3DE5-29F3-258B-17B9-C4AA99CA8952">
<hideElementsInCurrentOnly>false</hideElementsInCurrentOnly>
<backgroundColor>-16777216</backgroundColor>
<lineWidth>1</lineWidth>
<points>
<point x="92" y="275"/>
<point x="92" y="137"/>
</points>
</Connector>
<Connector class="oracle.dbtools.crest.swingui.logical.TVRelation" oid="88D22C12-4D48-98C9-CEA1-F49A20445225" otype="Relation" vid_source="DA28F28A-25A6-2850-3C76-C87F062252AC" vid_target="5C1A3DE5-29F3-258B-17B9-C4AA99CA8952">
<hideElementsInCurrentOnly>false</hideElementsInCurrentOnly>
<backgroundColor>-16777216</backgroundColor>
<lineWidth>1</lineWidth>
<points>
<point x="301" y="142"/>
<point x="168" y="98"/>
</points>
</Connector>
<Connector class="oracle.dbtools.crest.swingui.logical.TVRelation" oid="8FA96C17-4E7D-E24A-D6B8-63BC5DC0C4CE" otype="Relation" vid_source="616B67EE-D0F0-9640-2990-4B5497E0BE01" vid_target="5C1A3DE5-29F3-258B-17B9-C4AA99CA8952">
<hideElementsInCurrentOnly>false</hideElementsInCurrentOnly>
<backgroundColor>-16777216</backgroundColor>
<lineWidth>1</lineWidth>
<points>
<point x="550" y="38"/>
<point x="168" y="37"/>
</points>
</Connector>
<Connector class="oracle.dbtools.crest.swingui.logical.TVRelation" oid="E3D2641F-25D1-F999-0B5E-992FA3A9B80E" otype="Relation" vid_source="29FC74E9-3B97-947A-6BA2-03EC518F4B95" vid_target="10679676-4AE6-A163-5E3C-43FB102BFA31">
<hideElementsInCurrentOnly>false</hideElementsInCurrentOnly>
<backgroundColor>-16777216</backgroundColor>
<lineWidth>1</lineWidth>
<points>
<point x="543" y="350"/>
<point x="232" y="350"/>
</points>
</Connector>
<Connector class="oracle.dbtools.crest.swingui.logical.TVRelation" oid="E96D1D45-E586-5789-5831-EAD4DC4C7FA2" otype="Relation" vid_source="29FC74E9-3B97-947A-6BA2-03EC518F4B95" vid_target="10679676-4AE6-A163-5E3C-43FB102BFA31">
<hideElementsInCurrentOnly>false</hideElementsInCurrentOnly>
<backgroundColor>-16777216</backgroundColor>
<lineWidth>1</lineWidth>
<points>
<point x="543" y="335"/>
<point x="232" y="335"/>
</points>
</Connector>
</connectors>
</Display>
</displays>
</Diagram>