<?xml version = '1.0' encoding = 'UTF-8'?>
<Diagram class="oracle.dbtools.crest.swingui.relational.DPVRelational" name="Relational_1" id="A842DC76-E0A6-EF40-625B-EA3C2743E383">
<createdBy>Maximiliano</createdBy>
<modifiedBy>Maximiliano</modifiedBy>
<createdTime>2025-08-18 01:53:20 UTC</createdTime>
<autoRoute>false</autoRoute>
<boxInbox>true</boxInbox>
<showLegend>false</showLegend>
<showLabels>false</showLabels>
<showRelAttributes>false</showRelAttributes>
<gridEnabled>false</gridEnabled>
<showGrid>false</showGrid>
<diagramColor>-1</diagramColor>
<display>false</display>
<notation>1</notation>
<objectViews>
<OView class="oracle.dbtools.crest.swingui.relational.TVTable" oid="024B3051-728F-C5C1-1D0F-4424EA764D30" otype="Table" vid="0DA34A1B-FA7D-E3AD-8FD9-8624403863A8">
<hideElementsInCurrentOnly>false</hideElementsInCurrentOnly>
<bounds x="20" y="20" width="213" height="268"/>
</OView>
<OView class="oracle.dbtools.crest.swingui.relational.TVTable" oid="7D88A64B-EC80-DAF3-6136-DD760A16D063" otype="Table" vid="428192E5-4E38-7907-F13E-6DF5A9D006F9">
<hideElementsInCurrentOnly>false</hideElementsInCurrentOnly>
<bounds x="624" y="362" width="207" height="130"/>
</OView>
<OView class="oracle.dbtools.crest.swingui.relational.TVTable" oid="82079065-B55B-C462-EC43-B3D0CE07B18D" otype="Table" vid="060301FA-525F-5EA8-1490-23767C1FC551">
<hideElementsInCurrentOnly>false</hideElementsInCurrentOnly>
<bounds x="639" y="17" width="234" height="172"/>
</OView>
<OView class="oracle.dbtools.crest.swingui.relational.TVTable" oid="8E90B4E7-9CDF-B48B-2388-04B1131711B9" otype="Table" vid="D2BECE8B-9B4A-ACDD-FF1C-2DC0F4ABA0F2">
<hideElementsInCurrentOnly>false</hideElementsInCurrentOnly>
<bounds x="20" y="348" width="316" height="212"/>
</OView>
<OView class="oracle.dbtools.crest.swingui.relational.TVTable" oid="DC11A911-ADF3-6F78-9762-D7D360B867AB" otype="Table" vid="B8BAF35D-B87A-B1B3-0B9C-CD7F95D9A989">
<hideElementsInCurrentOnly>false</hideElementsInCurrentOnly>
<bounds x="350" y="136" width="228" height="186"/>
</OView>
</objectViews>
<connectors>
<Connector class="oracle.dbtools.crest.swingui.relational.TVFKRelation" oid="2BDFCB1C-7C9C-CD22-60E6-BA8917CBE030" otype="FKIndexAssociation" vid_source="428192E5-4E38-7907-F13E-6DF5A9D006F9" vid_target="D2BECE8B-9B4A-ACDD-FF1C-2DC0F4ABA0F2">
<hideElementsInCurrentOnly>false</hideElementsInCurrentOnly>
<backgroundColor>-16777216</backgroundColor>
<lineWidth>1</lineWidth>
<points>
<point x="624" y="442"/>
<point x="336" y="442"/>
</points>
</Connector>
<Connector class="oracle.dbtools.crest.swingui.relational.TVFKRelation" oid="579983D8-7E3E-5DF1-9134-28188ECAC2AD" otype="FKIndexAssociation" vid_source="060301FA-525F-5EA8-1490-23767C1FC551" vid_target="0DA34A1B-FA7D-E3AD-8FD9-8624403863A8">
<hideElementsInCurrentOnly>false</hideElementsInCurrentOnly>
<backgroundColor>-16777216</backgroundColor>
<lineWidth>1</lineWidth>
<points>
<point x="639" y="104"/>
<point x="233" y="104"/>
</points>
</Connector>
<Connector class="oracle.dbtools.crest.swingui.relational.TVFKRelation" oid="8E9FF82A-B723-73DF-11D1-03FD4D1F5071" otype="FKIndexAssociation" vid_source="D2BECE8B-9B4A-ACDD-FF1C-2DC0F4ABA0F2" vid_target="0DA34A1B-FA7D-E3AD-8FD9-8624403863A8">
<hideElementsInCurrentOnly>false</hideElementsInCurrentOnly>
<backgroundColor>-16777216</backgroundColor>
<lineWidth>1</lineWidth>
<points>
<point x="126" y="348"/>
<point x="126" y="288"/>
</points>
</Connector>
<Connector class="oracle.dbtools.crest.swingui.relational.TVFKRelation" oid="D39523B2-85B8-C6BB-6CCC-0AD6B0CB8356" otype="FKIndexAssociation" vid_source="428192E5-4E38-7907-F13E-6DF5A9D006F9" vid_target="D2BECE8B-9B4A-ACDD-FF1C-2DC0F4ABA0F2">
<hideElementsInCurrentOnly>false</hideElementsInCurrentOnly>
<backgroundColor>-16777216</backgroundColor>
<lineWidth>1</lineWidth>
<points>
<point x="624" y="427"/>
<point x="336" y="427"/>
</points>
</Connector>
<Connector class="oracle.dbtools.crest.swingui.relational.TVFKRelation" oid="D5E5F173-2A63-A1AE-F0A4-331F20AAA9E7" otype="FKIndexAssociation" vid_source="B8BAF35D-B87A-B1B3-0B9C-CD7F95D9A989" vid_target="0DA34A1B-FA7D-E3AD-8FD9-8624403863A8">
<hideElementsInCurrentOnly>false</hideElementsInCurrentOnly>
<backgroundColor>-16777216</backgroundColor>
<lineWidth>1</lineWidth>
<points>
<point x="350" y="212"/>
<point x="233" y="212"/>
</points>
</Connector>
</connectors>
<displays>
<Display class="oracle.dbtools.crest.swingui.relational.DPVRelational" name="Display_1" id="39A7BAFB-023C-D82E-5F97-49A25CE6D1D6">
<createdBy>Maximiliano</createdBy>
<modifiedBy>Maximiliano</modifiedBy>
<createdTime>2025-08-18 19:33:15 UTC</createdTime>
<autoRoute>false</autoRoute>
<boxInbox>true</boxInbox>
<showLegend>false</showLegend>
<showLabels>false</showLabels>
<showRelAttributes>false</showRelAttributes>
<gridEnabled>false</gridEnabled>
<showGrid>false</showGrid>
<diagramColor>-1</diagramColor>
<display>true</display>
<notation>1</notation>
<objectViews>
<OView class="oracle.dbtools.crest.swingui.relational.TVTable" oid="024B3051-728F-C5C1-1D0F-4424EA764D30" otype="Table" vid="BD6B5DD4-6672-5705-865E-8F2ADF72B53E">
<hideElementsInCurrentOnly>false</hideElementsInCurrentOnly>
<bounds x="20" y="20" width="213" height="268"/>
</OView>
<OView class="oracle.dbtools.crest.swingui.relational.TVTable" oid="7D88A64B-EC80-DAF3-6136-DD760A16D063" otype="Table" vid="8E44D582-EAB3-D7E8-E5FC-365EFCD0BAB1">
<hideElementsInCurrentOnly>false</hideElementsInCurrentOnly>
<bounds x="624" y="362" width="207" height="130"/>
</OView>
<OView class="oracle.dbtools.crest.swingui.relational.TVTable" oid="82079065-B55B-C462-EC43-B3D0CE07B18D" otype="Table" vid="9DAD0797-C51F-0EAC-91D8-5CC8D8D50CBF">
<hideElementsInCurrentOnly>false</hideElementsInCurrentOnly>
<bounds x="639" y="17" width="234" height="172"/>
</OView>
<OView class="oracle.dbtools.crest.swingui.relational.TVTable" oid="8E90B4E7-9CDF-B48B-2388-04B1131711B9" otype="Table" vid="3B622FBF-4D12-6B85-D9CA-9542281AFCAD">
<hideElementsInCurrentOnly>false</hideElementsInCurrentOnly>
<bounds x="20" y="348" width="316" height="212"/>
</OView>
<OView class="oracle.dbtools.crest.swingui.relational.TVTable" oid="DC11A911-ADF3-6F78-9762-D7D360B867AB" otype="Table" vid="C93CAF48-501F-0ADD-63D1-D363EE226687">
<hideElementsInCurrentOnly>false</hideElementsInCurrentOnly>
<bounds x="350" y="136" width="228" height="186"/>
</OView>
</objectViews>
<connectors>
<Connector class="oracle.dbtools.crest.swingui.relational.TVFKRelation" oid="2BDFCB1C-7C9C-CD22-60E6-BA8917CBE030" otype="FKIndexAssociation" vid_source="8E44D582-EAB3-D7E8-E5FC-365EFCD0BAB1" vid_target="3B622FBF-4D12-6B85-D9CA-9542281AFCAD">
<hideElementsInCurrentOnly>false</hideElementsInCurrentOnly>
<backgroundColor>-16777216</backgroundColor>
<lineWidth>1</lineWidth>
<points>
<point x="624" y="427"/>
<point x="336" y="427"/>
</points>
</Connector>
<Connector class="oracle.dbtools.crest.swingui.relational.TVFKRelation" oid="579983D8-7E3E-5DF1-9134-28188ECAC2AD" otype="FKIndexAssociation" vid_source="9DAD0797-C51F-0EAC-91D8-5CC8D8D50CBF" vid_target="BD6B5DD4-6672-5705-865E-8F2ADF72B53E">
<hideElementsInCurrentOnly>false</hideElementsInCurrentOnly>
<backgroundColor>-16777216</backgroundColor>
<lineWidth>1</lineWidth>
<points>
<point x="639" y="104"/>
<point x="233" y="104"/>
</points>
</Connector>
<Connector class="oracle.dbtools.crest.swingui.relational.TVFKRelation" oid="8E9FF82A-B723-73DF-11D1-03FD4D1F5071" otype="FKIndexAssociation" vid_source="3B622FBF-4D12-6B85-D9CA-9542281AFCAD" vid_target="BD6B5DD4-6672-5705-865E-8F2ADF72B53E">
<hideElementsInCurrentOnly>false</hideElementsInCurrentOnly>
<backgroundColor>-16777216</backgroundColor>
<lineWidth>1</lineWidth>
<points>
<point x="126" y="348"/>
<point x="126" y="288"/>
</points>
</Connector>
<Connector class="oracle.dbtools.crest.swingui.relational.TVFKRelation" oid="D39523B2-85B8-C6BB-6CCC-0AD6B0CB8356" otype="FKIndexAssociation" vid_source="8E44D582-EAB3-D7E8-E5FC-365EFCD0BAB1" vid_target="3B622FBF-4D12-6B85-D9CA-9542281AFCAD">
<hideElementsInCurrentOnly>false</hideElementsInCurrentOnly>
<backgroundColor>-16777216</backgroundColor>
<lineWidth>1</lineWidth>
<points>
<point x="624" y="442"/>
<point x="336" y="442"/>
</points>
</Connector>
<Connector class="oracle.dbtools.crest.swingui.relational.TVFKRelation" oid="D5E5F173-2A63-A1AE-F0A4-331F20AAA9E7" otype="FKIndexAssociation" vid_source="C93CAF48-501F-0ADD-63D1-D363EE226687" vid_target="BD6B5DD4-6672-5705-865E-8F2ADF72B53E">
<hideElementsInCurrentOnly>false</hideElementsInCurrentOnly>
<backgroundColor>-16777216</backgroundColor>
<lineWidth>1</lineWidth>
<points>
<point x="350" y="212"/>
<point x="233" y="212"/>
</points>
</Connector>
</connectors>
</Display>
</displays>
</Diagram>