<?xml version = '1.0' encoding = 'UTF-8'?>
<FKArc class="oracle.dbtools.crest.model.design.relational.FKArc" directorySegmentName="seg_0" id="9E5EF7A6-F50E-0920-E72D-330AEF14DE45" name="FKArc_3">
<createdBy>Maximiliano</createdBy>
<createdTime>2025-10-13 00:24:18 UTC</createdTime>
<ownerDesignName>EFT_S9</ownerDesignName>
<mandatory>false</mandatory>
<reverseArc>true</reverseArc>
<table>E175E7EB-4CC0-4F62-C0A6-F44DEDBA8E8F</table>
<fkeys>
<fkeyID>D393259B-598C-5ABA-C332-13F665A422C8</fkeyID>
<fkeyID>CB53D713-D76A-9CD7-3818-DC022DBBFE65</fkeyID>
<fkeyID>D1B69D1B-541E-813F-EE13-EDDA28B65226</fkeyID>
</fkeys>
</FKArc>