<?xml version = '1.0' encoding = 'UTF-8'?>
<FKIndexAssociation class="oracle.dbtools.crest.model.design.relational.FKIndexAssociation" directorySegmentName="seg_0" id="01DDC8A3-93E6-00FE-512E-91D3A4AC759D" containerWithKeyObject="CA245C02-B429-6E51-C7E5-E41AE3C22F84" localFKIndex="D1996998-06C2-4546-8804-630C5E2E7388" name="resultado_examen_FK">
<createdBy>Maximiliano</createdBy>
<createdTime>2025-09-12 03:22:30 UTC</createdTime>
<generatorID>46AE42B1-1FEB-055A-C542-CCF5A1B41FCF</generatorID>
<ownerDesignName>hospital_universitario</ownerDesignName>
<referredTableLongName>detalle_solicitud</referredTableLongName>
<deleteRule>NO ACTION</deleteRule>
<referredTableID>FF2C5EA9-2CA4-C1FD-B316-EE7A269EF3B1</referredTableID>
<keyObject>7CFFCA30-C8C1-156D-C323-2A95E517AECB</keyObject>
<referredKeyID>7CFFCA30-C8C1-156D-C323-2A95E517AECB</referredKeyID>
<mandatory>true</mandatory>
<refColNames>id_solicitud,id_examen</refColNames>
<transferable>true</transferable>
<rely>false</rely>
<columnDependencyConstraintGenerateInDDL>true</columnDependencyConstraintGenerateInDDL>
</FKIndexAssociation>