<?xml version = '1.0' encoding = 'UTF-8'?>
<FKIndexAssociation class="oracle.dbtools.crest.model.design.relational.FKIndexAssociation" directorySegmentName="seg_0" id="1BE0A1CF-0953-9469-8D63-19E3A951228F" containerWithKeyObject="99CAA8F2-B57A-B066-B8B2-5A960ACCD86D" localFKIndex="B8FA52A9-C5C3-7877-1613-2C40F9B32986" name="atencion_paciente_FK">
<createdBy>Maximiliano</createdBy>
<createdTime>2025-09-12 03:22:30 UTC</createdTime>
<generatorID>3D7112FF-C2B0-A05F-90AF-4D59B0DE4E8A</generatorID>
<ownerDesignName>hospital_universitario</ownerDesignName>
<referredTableLongName>paciente</referredTableLongName>
<deleteRule>NO ACTION</deleteRule>
<referredTableID>C818F833-973F-994B-1953-3FD9FF00F255</referredTableID>
<keyObject>0F958175-D790-E35C-09AB-6C1055567695</keyObject>
<referredKeyID>0F958175-D790-E35C-09AB-6C1055567695</referredKeyID>
<mandatory>true</mandatory>
<refColNames>id_paciente</refColNames>
<transferable>true</transferable>
<rely>false</rely>
<columnDependencyConstraintGenerateInDDL>true</columnDependencyConstraintGenerateInDDL>
</FKIndexAssociation>