<?xml version = '1.0' encoding = 'UTF-8'?>
<FKIndexAssociation class="oracle.dbtools.crest.model.design.relational.FKIndexAssociation" directorySegmentName="seg_0" id="534BAD07-98EE-F019-2C04-8887D309A702" containerWithKeyObject="AA8A4D03-BDC8-0087-C91C-676D5AC290CD" localFKIndex="2D423B57-68E5-999E-F2F5-D7A0AA6DA847" name="comuna_region_FK">
<createdBy>Maximiliano</createdBy>
<createdTime>2025-09-12 03:22:30 UTC</createdTime>
<generatorID>036C494E-D7A4-C4FA-EEBA-0914EF234EB1</generatorID>
<ownerDesignName>hospital_universitario</ownerDesignName>
<referredTableLongName>region</referredTableLongName>
<deleteRule>NO ACTION</deleteRule>
<referredTableID>9279E679-EF7D-3EB5-218F-0914893782AA</referredTableID>
<keyObject>C8DE3C0B-AC0C-A623-33F6-37B3A135BDE3</keyObject>
<referredKeyID>C8DE3C0B-AC0C-A623-33F6-37B3A135BDE3</referredKeyID>
<mandatory>true</mandatory>
<refColNames>id_region</refColNames>
<transferable>true</transferable>
<rely>false</rely>
<columnDependencyConstraintGenerateInDDL>true</columnDependencyConstraintGenerateInDDL>
</FKIndexAssociation>