<?xml version = '1.0' encoding = 'UTF-8'?>
<FKIndexAssociation class="oracle.dbtools.crest.model.design.relational.FKIndexAssociation" directorySegmentName="seg_0" id="6A783C9C-12CA-054E-E1C8-E7B8227748DD" containerWithKeyObject="2E20E54A-348B-10E3-6B4F-4520F3B7A662" localFKIndex="2AAE2E0D-0068-F333-A44A-0BFD6BC6CD7B" name="medico_especialidad_FK">
<createdBy>Maximiliano</createdBy>
<createdTime>2025-09-12 03:22:30 UTC</createdTime>
<generatorID>99E7D9F9-0B88-F5AE-3F85-D9A46B6D8D6B</generatorID>
<ownerDesignName>hospital_universitario</ownerDesignName>
<referredTableLongName>especialidad</referredTableLongName>
<deleteRule>NO ACTION</deleteRule>
<referredTableID>6C144458-2833-6C09-2623-365402498335</referredTableID>
<keyObject>B79232EC-ABE1-AB17-BCC6-EA8AA38434A9</keyObject>
<referredKeyID>B79232EC-ABE1-AB17-BCC6-EA8AA38434A9</referredKeyID>
<mandatory>true</mandatory>
<refColNames>id_especialidad</refColNames>
<transferable>true</transferable>
<rely>false</rely>
<columnDependencyConstraintGenerateInDDL>true</columnDependencyConstraintGenerateInDDL>
</FKIndexAssociation>