<?xml version = '1.0' encoding = 'UTF-8'?>
<FKIndexAssociation class="oracle.dbtools.crest.model.design.relational.FKIndexAssociation" directorySegmentName="seg_0" id="6A900626-CF17-376E-5804-60D9B50EDB55" containerWithKeyObject="0D5DFA33-E58D-A890-AFD0-37C2B973CE31" localFKIndex="E912EF9C-CED8-962D-46A2-4917CFF3BA0A" name="supervision_medica_medico_FK">
<createdBy>Maximiliano</createdBy>
<createdTime>2025-09-12 03:22:30 UTC</createdTime>
<generatorID>147E8CA3-E938-0160-7B88-E4CE8268BAB5</generatorID>
<ownerDesignName>hospital_universitario</ownerDesignName>
<referredTableLongName>medico</referredTableLongName>
<deleteRule>NO ACTION</deleteRule>
<referredTableID>2E20E54A-348B-10E3-6B4F-4520F3B7A662</referredTableID>
<keyObject>6E0DCC6A-847A-974B-2AE8-CC9C4445A3B6</keyObject>
<referredKeyID>6E0DCC6A-847A-974B-2AE8-CC9C4445A3B6</referredKeyID>
<mandatory>true</mandatory>
<refColNames>id_medico</refColNames>
<transferable>true</transferable>
<rely>false</rely>
<columnDependencyConstraintGenerateInDDL>true</columnDependencyConstraintGenerateInDDL>
</FKIndexAssociation>