<?xml version = '1.0' encoding = 'UTF-8'?>
<FKIndexAssociation class="oracle.dbtools.crest.model.design.relational.FKIndexAssociation" directorySegmentName="seg_0" id="6C21A790-3B8A-9290-DFD2-F15FC38DA587" containerWithKeyObject="99CAA8F2-B57A-B066-B8B2-5A960ACCD86D" localFKIndex="D57394A2-8D37-9A60-5260-57A4E4335529" name="atencion_medico_FK">
<createdBy>Maximiliano</createdBy>
<createdTime>2025-09-12 03:22:30 UTC</createdTime>
<generatorID>57B1DC1A-2FAA-5B45-7DB7-5CC67C4A5559</generatorID>
<ownerDesignName>hospital_universitario</ownerDesignName>
<referredTableLongName>medico</referredTableLongName>
<deleteRule>NO ACTION</deleteRule>
<referredTableID>2E20E54A-348B-10E3-6B4F-4520F3B7A662</referredTableID>
<keyObject>6E0DCC6A-847A-974B-2AE8-CC9C4445A3B6</keyObject>
<referredKeyID>6E0DCC6A-847A-974B-2AE8-CC9C4445A3B6</referredKeyID>
<mandatory>true</mandatory>
<refColNames>id_medico</refColNames>
<transferable>true</transferable>
<rely>false</rely>
<columnDependencyConstraintGenerateInDDL>true</columnDependencyConstraintGenerateInDDL>
</FKIndexAssociation>