<?xml version = '1.0' encoding = 'UTF-8'?>
<FKIndexAssociation class="oracle.dbtools.crest.model.design.relational.FKIndexAssociation" directorySegmentName="seg_0" id="7A5A94DC-4395-7B41-53BE-127DF3DA957E" containerWithKeyObject="FF2C5EA9-2CA4-C1FD-B316-EE7A269EF3B1" localFKIndex="6D031BF3-F04B-BADB-948A-8F0077D5A6EF" name="detalle_solicitud_FK">
<createdBy>Maximiliano</createdBy>
<createdTime>2025-09-12 03:22:30 UTC</createdTime>
<generatorID>C4DF2116-595D-0430-14E3-F3A647E5F2FD</generatorID>
<ownerDesignName>hospital_universitario</ownerDesignName>
<referredTableLongName>solicitud_examen</referredTableLongName>
<deleteRule>NO ACTION</deleteRule>
<referredTableID>B6086567-A633-27AB-E7CF-BE3A1944AEBF</referredTableID>
<keyObject>A07303B5-7492-0932-C450-6F4A71CFEA83</keyObject>
<referredKeyID>A07303B5-7492-0932-C450-6F4A71CFEA83</referredKeyID>
<mandatory>true</mandatory>
<refColNames>id_solicitud</refColNames>
<transferable>true</transferable>
<rely>false</rely>
<columnDependencyConstraintGenerateInDDL>true</columnDependencyConstraintGenerateInDDL>
</FKIndexAssociation>