<?xml version = '1.0' encoding = 'UTF-8'?>
<FKIndexAssociation class="oracle.dbtools.crest.model.design.relational.FKIndexAssociation" directorySegmentName="seg_0" id="7CF88AF4-5BBA-DF43-AE89-1DC26C2019C8" containerWithKeyObject="B6086567-A633-27AB-E7CF-BE3A1944AEBF" localFKIndex="7ECAF799-7BB3-2D52-2E2B-C6C785D86D08" name="solicitud_examen_atencion_FK">
<createdBy>Maximiliano</createdBy>
<createdTime>2025-09-12 03:22:30 UTC</createdTime>
<generatorID>FCCCBFCE-45B0-2623-EB1D-09C932DA1AAE</generatorID>
<ownerDesignName>hospital_universitario</ownerDesignName>
<referredTableLongName>atencion</referredTableLongName>
<deleteRule>NO ACTION</deleteRule>
<referredTableID>99CAA8F2-B57A-B066-B8B2-5A960ACCD86D</referredTableID>
<keyObject>6594BF21-BF71-5E18-7915-08F922242968</keyObject>
<referredKeyID>6594BF21-BF71-5E18-7915-08F922242968</referredKeyID>
<mandatory>true</mandatory>
<refColNames>id_atencion</refColNames>
<transferable>true</transferable>
<rely>false</rely>
<columnDependencyConstraintGenerateInDDL>true</columnDependencyConstraintGenerateInDDL>
</FKIndexAssociation>