<?xml version = '1.0' encoding = 'UTF-8'?>
<FKIndexAssociation class="oracle.dbtools.crest.model.design.relational.FKIndexAssociation" directorySegmentName="seg_0" id="88B5CA20-FDEC-7281-DF3A-FD730A79E6FE" containerWithKeyObject="2E20E54A-348B-10E3-6B4F-4520F3B7A662" localFKIndex="02F3A01F-686C-3723-08A9-1CF09B628A2E" name="medico_afp_FK">
<createdBy>Maximiliano</createdBy>
<createdTime>2025-09-12 03:22:30 UTC</createdTime>
<generatorID>A3A9DF94-C121-7BA4-E77E-92CA13DAF42E</generatorID>
<ownerDesignName>hospital_universitario</ownerDesignName>
<referredTableLongName>afp</referredTableLongName>
<deleteRule>NO ACTION</deleteRule>
<referredTableID>3ED9CA6D-448C-C369-3C07-0E16F0231740</referredTableID>
<keyObject>84A360B5-90D8-FA70-E5F2-C606FA494151</keyObject>
<referredKeyID>84A360B5-90D8-FA70-E5F2-C606FA494151</referredKeyID>
<mandatory>true</mandatory>
<refColNames>id_afp</refColNames>
<transferable>true</transferable>
<rely>false</rely>
<columnDependencyConstraintGenerateInDDL>true</columnDependencyConstraintGenerateInDDL>
</FKIndexAssociation>