<?xml version = '1.0' encoding = 'UTF-8'?>
<FKIndexAssociation class="oracle.dbtools.crest.model.design.relational.FKIndexAssociation" directorySegmentName="seg_0" id="A1ED516C-C904-0901-5472-65F60A474F24" containerWithKeyObject="6558FF01-B8D2-ED5C-087C-B425A14FD128" localFKIndex="2A25CF62-2598-F8CA-FE49-515F280C3AA3" name="pago_atencion_FK">
<createdBy>Maximiliano</createdBy>
<createdTime>2025-09-12 03:22:30 UTC</createdTime>
<generatorID>72C5BEF4-F86A-8DFE-F288-004C7A061CFA</generatorID>
<ownerDesignName>hospital_universitario</ownerDesignName>
<referredTableLongName>atencion</referredTableLongName>
<deleteRule>NO ACTION</deleteRule>
<referredTableID>99CAA8F2-B57A-B066-B8B2-5A960ACCD86D</referredTableID>
<keyObject>6594BF21-BF71-5E18-7915-08F922242968</keyObject>
<referredKeyID>6594BF21-BF71-5E18-7915-08F922242968</referredKeyID>
<mandatory>true</mandatory>
<refColNames>id_atencion</refColNames>
<transferable>true</transferable>
<rely>false</rely>
<columnDependencyConstraintGenerateInDDL>true</columnDependencyConstraintGenerateInDDL>
</FKIndexAssociation>