<?xml version = '1.0' encoding = 'UTF-8'?>
<FKIndexAssociation class="oracle.dbtools.crest.model.design.relational.FKIndexAssociation" directorySegmentName="seg_0" id="B1CAB8F4-3AA7-FFF3-9BCB-EA65FAD685BE" containerWithKeyObject="6C144458-2833-6C09-2623-365402498335" localFKIndex="4849DEBB-0346-6D8A-4659-46465C6B2CCB" name="especialidad_unidad_FK">
<createdBy>Maximiliano</createdBy>
<createdTime>2025-09-12 03:22:30 UTC</createdTime>
<generatorID>802F0C7A-1164-4377-4CFD-50BE0AE86708</generatorID>
<ownerDesignName>hospital_universitario</ownerDesignName>
<referredTableLongName>unidad</referredTableLongName>
<deleteRule>NO ACTION</deleteRule>
<referredTableID>D37524B6-B6AC-0072-403E-FE848188F6D7</referredTableID>
<keyObject>B98BC571-470A-559F-BFED-D30EFD19F307</keyObject>
<referredKeyID>B98BC571-470A-559F-BFED-D30EFD19F307</referredKeyID>
<mandatory>false</mandatory>
<refColNames>id_unidad</refColNames>
<transferable>true</transferable>
<rely>false</rely>
<columnDependencyConstraintGenerateInDDL>true</columnDependencyConstraintGenerateInDDL>
</FKIndexAssociation>