<?xml version = '1.0' encoding = 'UTF-8'?>
<FKIndexAssociation class="oracle.dbtools.crest.model.design.relational.FKIndexAssociation" directorySegmentName="seg_0" id="B36DBD62-2C0F-EB5B-E62B-E4C5B5F9798A" containerWithKeyObject="FF2C5EA9-2CA4-C1FD-B316-EE7A269EF3B1" localFKIndex="FBCB26A1-C98D-B491-A6E6-3A313AF7A4EF" name="detalle_solicitud_examen_FK">
<createdBy>Maximiliano</createdBy>
<createdTime>2025-09-12 03:22:30 UTC</createdTime>
<generatorID>45B53DFB-47DD-9E5A-01B7-34DCCB91ABCD</generatorID>
<ownerDesignName>hospital_universitario</ownerDesignName>
<referredTableLongName>examen</referredTableLongName>
<deleteRule>NO ACTION</deleteRule>
<referredTableID>BB7C2979-FCD2-70F5-21BD-DF3E3A3C4C49</referredTableID>
<keyObject>61FC356A-E815-8A8E-C947-D9EE3DE3EDC2</keyObject>
<referredKeyID>61FC356A-E815-8A8E-C947-D9EE3DE3EDC2</referredKeyID>
<mandatory>true</mandatory>
<refColNames>id_examen</refColNames>
<transferable>true</transferable>
<rely>false</rely>
<columnDependencyConstraintGenerateInDDL>true</columnDependencyConstraintGenerateInDDL>
</FKIndexAssociation>