<?xml version = '1.0' encoding = 'UTF-8'?>
<FKIndexAssociation class="oracle.dbtools.crest.model.design.relational.FKIndexAssociation" directorySegmentName="seg_0" id="B3A891A7-7A10-9F1E-3817-0745E2BACDA2" containerWithKeyObject="54DBE87B-D1E5-FDC7-66AF-D95BDAEB1908" localFKIndex="886956C3-3DA2-B392-2DC6-BE271C435720" name="paciente_estudiante_FK">
<createdBy>Maximiliano</createdBy>
<createdTime>2025-09-12 03:22:30 UTC</createdTime>
<generatorID>CE327D3D-ABDC-FB29-2ACB-02D5DCDE2260</generatorID>
<ownerDesignName>hospital_universitario</ownerDesignName>
<referredTableLongName>paciente</referredTableLongName>
<arc>35D9FEDA-3E56-CE9E-7323-C5EAA2D156AE</arc>
<deleteRule>NO ACTION</deleteRule>
<referredTableID>C818F833-973F-994B-1953-3FD9FF00F255</referredTableID>
<keyObject>0F958175-D790-E35C-09AB-6C1055567695</keyObject>
<referredKeyID>0F958175-D790-E35C-09AB-6C1055567695</referredKeyID>
<mandatory>true</mandatory>
<refColNames>id_paciente</refColNames>
<transferable>true</transferable>
<rely>false</rely>
<columnDependencyConstraintGenerateInDDL>true</columnDependencyConstraintGenerateInDDL>
</FKIndexAssociation>