<?xml version = '1.0' encoding = 'UTF-8'?>
<FKIndexAssociation class="oracle.dbtools.crest.model.design.relational.FKIndexAssociation" directorySegmentName="seg_0" id="B48DB128-98FE-E486-EEB1-17A612858F25" containerWithKeyObject="0D5DFA33-E58D-A890-AFD0-37C2B973CE31" localFKIndex="B0FC61AC-765D-08E5-49A0-206C3FF52219" name="supervision_supervisor_FK">
<createdBy>Maximiliano</createdBy>
<createdTime>2025-09-12 03:22:30 UTC</createdTime>
<generatorID>A328CEDC-3C3C-4AE4-E518-2D6EE6DC854D</generatorID>
<ownerDesignName>hospital_universitario</ownerDesignName>
<referredTableLongName>medico</referredTableLongName>
<deleteRule>NO ACTION</deleteRule>
<referredTableID>2E20E54A-348B-10E3-6B4F-4520F3B7A662</referredTableID>
<keyObject>6E0DCC6A-847A-974B-2AE8-CC9C4445A3B6</keyObject>
<referredKeyID>6E0DCC6A-847A-974B-2AE8-CC9C4445A3B6</referredKeyID>
<mandatory>true</mandatory>
<refColNames>id_medico</refColNames>
<transferable>true</transferable>
<rely>false</rely>
<columnDependencyConstraintGenerateInDDL>true</columnDependencyConstraintGenerateInDDL>
</FKIndexAssociation>