<?xml version = '1.0' encoding = 'UTF-8'?>
<FKIndexAssociation class="oracle.dbtools.crest.model.design.relational.FKIndexAssociation" directorySegmentName="seg_0" id="D541C168-A2A9-D1D3-02BE-508AD3F7D100" containerWithKeyObject="2E20E54A-348B-10E3-6B4F-4520F3B7A662" localFKIndex="B30EAA2D-51C5-0F16-0AC5-B5A3B7250884" name="medico_unidad_FK">
<createdBy>Maximiliano</createdBy>
<createdTime>2025-09-12 03:22:30 UTC</createdTime>
<generatorID>23768B3E-6DA3-08D8-08D7-18918E82FE2C</generatorID>
<ownerDesignName>hospital_universitario</ownerDesignName>
<referredTableLongName>unidad</referredTableLongName>
<deleteRule>NO ACTION</deleteRule>
<referredTableID>D37524B6-B6AC-0072-403E-FE848188F6D7</referredTableID>
<keyObject>B98BC571-470A-559F-BFED-D30EFD19F307</keyObject>
<referredKeyID>B98BC571-470A-559F-BFED-D30EFD19F307</referredKeyID>
<mandatory>true</mandatory>
<refColNames>id_unidad</refColNames>
<transferable>true</transferable>
<rely>false</rely>
<columnDependencyConstraintGenerateInDDL>true</columnDependencyConstraintGenerateInDDL>
</FKIndexAssociation>