<?xml version = '1.0' encoding = 'UTF-8'?>
<FKIndexAssociation class="oracle.dbtools.crest.model.design.relational.FKIndexAssociation" directorySegmentName="seg_0" id="D63268C7-1D7B-4DB3-B4E4-7E81B9E977B2" containerWithKeyObject="0F267E1D-2964-8D7F-B22F-81FACF14A88B" localFKIndex="F6E0F68E-9558-7B41-0E2D-AA3D3D5DD9A5" name="paciente_externo_FK">
<createdBy>Maximiliano</createdBy>
<createdTime>2025-09-12 03:22:30 UTC</createdTime>
<generatorID>D08B67BF-530A-3F77-DFE4-21501D410641</generatorID>
<ownerDesignName>hospital_universitario</ownerDesignName>
<referredTableLongName>paciente</referredTableLongName>
<arc>35D9FEDA-3E56-CE9E-7323-C5EAA2D156AE</arc>
<deleteRule>NO ACTION</deleteRule>
<referredTableID>C818F833-973F-994B-1953-3FD9FF00F255</referredTableID>
<keyObject>0F958175-D790-E35C-09AB-6C1055567695</keyObject>
<referredKeyID>0F958175-D790-E35C-09AB-6C1055567695</referredKeyID>
<mandatory>true</mandatory>
<refColNames>id_paciente</refColNames>
<transferable>true</transferable>
<rely>false</rely>
<columnDependencyConstraintGenerateInDDL>true</columnDependencyConstraintGenerateInDDL>
</FKIndexAssociation>