<?xml version = '1.0' encoding = 'UTF-8'?>
<FKIndexAssociation class="oracle.dbtools.crest.model.design.relational.FKIndexAssociation" directorySegmentName="seg_0" id="E348B89F-FC7E-8AA0-1C1F-259DE484C73D" containerWithKeyObject="B6086567-A633-27AB-E7CF-BE3A1944AEBF" localFKIndex="C4AE597B-C923-39B5-8714-1EC674087C4A" name="solicitud_examen_medico_FK">
<createdBy>Maximiliano</createdBy>
<createdTime>2025-09-12 03:22:30 UTC</createdTime>
<generatorID>2731C22B-E061-B979-C056-DD92193F0F26</generatorID>
<ownerDesignName>hospital_universitario</ownerDesignName>
<referredTableLongName>medico</referredTableLongName>
<deleteRule>NO ACTION</deleteRule>
<referredTableID>2E20E54A-348B-10E3-6B4F-4520F3B7A662</referredTableID>
<keyObject>6E0DCC6A-847A-974B-2AE8-CC9C4445A3B6</keyObject>
<referredKeyID>6E0DCC6A-847A-974B-2AE8-CC9C4445A3B6</referredKeyID>
<mandatory>false</mandatory>
<refColNames>id_medico</refColNames>
<transferable>true</transferable>
<rely>false</rely>
<columnDependencyConstraintGenerateInDDL>true</columnDependencyConstraintGenerateInDDL>
</FKIndexAssociation>