<?xml version = '1.0' encoding = 'UTF-8'?>
<FKIndexAssociation class="oracle.dbtools.crest.model.design.relational.FKIndexAssociation" directorySegmentName="seg_0" id="E870EA60-5FAD-3438-CE8F-EFC0D2361D32" containerWithKeyObject="D48AEACA-F627-1231-8625-5FCE9550BEE1" localFKIndex="4E0A815A-7D3D-A0E8-80A4-88266DF3E3B2" name="paciente_funcionario_FK">
<createdBy>Maximiliano</createdBy>
<createdTime>2025-09-12 03:22:30 UTC</createdTime>
<generatorID>189F8484-4CB4-0887-34D8-92120994F853</generatorID>
<ownerDesignName>hospital_universitario</ownerDesignName>
<referredTableLongName>paciente</referredTableLongName>
<arc>35D9FEDA-3E56-CE9E-7323-C5EAA2D156AE</arc>
<deleteRule>NO ACTION</deleteRule>
<referredTableID>C818F833-973F-994B-1953-3FD9FF00F255</referredTableID>
<keyObject>0F958175-D790-E35C-09AB-6C1055567695</keyObject>
<referredKeyID>0F958175-D790-E35C-09AB-6C1055567695</referredKeyID>
<mandatory>true</mandatory>
<refColNames>id_paciente</refColNames>
<transferable>true</transferable>
<rely>false</rely>
<columnDependencyConstraintGenerateInDDL>true</columnDependencyConstraintGenerateInDDL>
</FKIndexAssociation>