<?xml version = '1.0' encoding = 'UTF-8'?>
<FKIndexAssociation class="oracle.dbtools.crest.model.design.relational.FKIndexAssociation" directorySegmentName="seg_0" id="E92F306E-51C9-1A3A-EBCF-D7C39AD26EAF" containerWithKeyObject="2E20E54A-348B-10E3-6B4F-4520F3B7A662" localFKIndex="0468548B-CA2F-69B2-6648-3FA34F6DF615" name="medico_institucion_salud_FK">
<createdBy>Maximiliano</createdBy>
<createdTime>2025-09-12 03:22:30 UTC</createdTime>
<generatorID>243E6956-B0DF-D197-4109-ECD080C63D19</generatorID>
<ownerDesignName>hospital_universitario</ownerDesignName>
<referredTableLongName>institucion_salud</referredTableLongName>
<deleteRule>NO ACTION</deleteRule>
<referredTableID>5E7DF041-0FA7-80C6-5D4A-671ABCE0B0D4</referredTableID>
<keyObject>5C4BC52E-89D8-3930-DCF6-D4C848ED407F</keyObject>
<referredKeyID>5C4BC52E-89D8-3930-DCF6-D4C848ED407F</referredKeyID>
<mandatory>true</mandatory>
<refColNames>id_salud</refColNames>
<transferable>true</transferable>
<rely>false</rely>
<columnDependencyConstraintGenerateInDDL>true</columnDependencyConstraintGenerateInDDL>
</FKIndexAssociation>