<?xml version = '1.0' encoding = 'UTF-8'?>
<FKIndexAssociation class="oracle.dbtools.crest.model.design.relational.FKIndexAssociation" directorySegmentName="seg_0" id="FFCAC5F0-6291-BD7C-0760-73F8D29B87A4" containerWithKeyObject="C818F833-973F-994B-1953-3FD9FF00F255" localFKIndex="82927E0A-44B5-CDB4-CCF7-A271EAB2677D" name="paciente_comuna_FK">
<createdBy>Maximiliano</createdBy>
<createdTime>2025-09-12 03:22:30 UTC</createdTime>
<generatorID>41129814-B120-97B0-612E-1808482F6AB7</generatorID>
<ownerDesignName>hospital_universitario</ownerDesignName>
<referredTableLongName>comuna</referredTableLongName>
<deleteRule>NO ACTION</deleteRule>
<referredTableID>AA8A4D03-BDC8-0087-C91C-676D5AC290CD</referredTableID>
<keyObject>45F10EA7-7297-FA9D-60D4-30210AACB006</keyObject>
<referredKeyID>45F10EA7-7297-FA9D-60D4-30210AACB006</referredKeyID>
<mandatory>true</mandatory>
<refColNames>id_comuna</refColNames>
<transferable>true</transferable>
<rely>false</rely>
<columnDependencyConstraintGenerateInDDL>true</columnDependencyConstraintGenerateInDDL>
</FKIndexAssociation>