<?xml version = '1.0' encoding = 'UTF-8'?>
<Relation class="oracle.dbtools.crest.model.design.logical.InheritanceRelation" name="Hierarchy_3" directorySegmentName="seg_0" id="CD2B70E0-A1E3-AD6F-75E1-AB94039BB8C4">
<createdBy>Maximiliano</createdBy>
<createdTime>2025-09-09 00:01:41 UTC</createdTime>
<ownerDesignName>semana4</ownerDesignName>
<engineerTo>
<item key="45D0255D-F063-176C-EED8-7DD5FD745194" value="true"/>
<item key="E57BD047-9CE9-0765-5951-289D17232533" value="true"/>
</engineerTo>
<arc>FEAACA38-6FE6-2B6C-AAE5-EB1EA36E59EE</arc>
<identifying>false</identifying>
<nameOnSource>Super Type</nameOnSource>
<nameOnTarget>Sub Type</nameOnTarget>
<optionalSource>true</optionalSource>
<optionalTarget>true</optionalTarget>
<sourceEntity>5D9D06C0-E220-22E5-7D61-E72DEE971FED</sourceEntity>
<targetEntity>434C6262-1FAE-C8DB-195A-71A9B17E1299</targetEntity>
<transferable>true</transferable>
<deleteRule>NO ACTION</deleteRule>
</Relation>