<?xml version = '1.0' encoding = 'UTF-8'?>
<Table class="oracle.dbtools.crest.model.design.relational.Table" directorySegmentName="seg_0" id="024B3051-728F-C5C1-1D0F-4424EA764D30" name="Reserva">
<sourceDDLFile>aeropuerto.sql</sourceDDLFile>
<createdBy>Maximiliano</createdBy>
<createdTime>2025-08-18 01:56:11 UTC</createdTime>
<ownerDesignName>BT&amp;Airways</ownerDesignName>
<importedID>80556FCC-39D3-E5C0-FFFD-EA686106C8B2</importedID>
<allowColumnReorder>false</allowColumnReorder>
<existDependencyGenerateInDDl>true</existDependencyGenerateInDDl>
<parsed>true</parsed>
<columns itemClass="oracle.dbtools.crest.model.design.relational.Column">
<Column name="reserva_id" id="A8BCDF4B-4596-79EC-524D-21A0FD6847D9">
<sourceDDLFile>aeropuerto.sql</sourceDDLFile>
<createdBy>Maximiliano</createdBy>
<createdTime>2025-08-18 01:56:11 UTC</createdTime>
<ownerDesignName>BT&amp;Airways</ownerDesignName>
<importedID>9E25ABDD-4425-ADE2-C8DD-4A1634E8AAE6</importedID>
<use>0</use>
<ownDataTypeParameters>,,</ownDataTypeParameters>
<autoIncrementCycle>false</autoIncrementCycle>
</Column>
<Column name="numero_reserva" id="E27F5E75-5CCC-B6BA-E5BA-B5F170BE6EC9">
<sourceDDLFile>aeropuerto.sql</sourceDDLFile>
<createdBy>Maximiliano</createdBy>
<createdTime>2025-08-18 01:56:11 UTC</createdTime>
<ownerDesignName>BT&amp;Airways</ownerDesignName>
<importedID>A61588C7-C0D1-4804-F1D2-B712FA2448C9</importedID>
<use>0</use>
<logicalDatatype>LOGDT024</logicalDatatype>
<domain>6D67A967-A32C-B403-8606-5BC71DA493BD</domain>
<ownDataTypeParameters>,,</ownDataTypeParameters>
<autoIncrementCycle>false</autoIncrementCycle>
</Column>
<Column name="fecha_reserva" id="72A14B67-3928-8BBB-6987-58AC2D9BCF49">
<sourceDDLFile>aeropuerto.sql</sourceDDLFile>
<createdBy>Maximiliano</createdBy>
<createdTime>2025-08-18 01:56:11 UTC</createdTime>
<ownerDesignName>BT&amp;Airways</ownerDesignName>
<importedID>FCA0C77A-5DE5-B90E-7525-C5FB16E6551B</importedID>
<nullsAllowed>true</nullsAllowed>
<use>0</use>
<logicalDatatype>LOGDT015</logicalDatatype>
<domain>5C299411-9773-1682-4169-2693295922E3</domain>
<defaultValue>NOW()</defaultValue>
<ownDataTypeParameters>,,</ownDataTypeParameters>
<autoIncrementCycle>false</autoIncrementCycle>
</Column>
<Column name="fecha_viaje" id="C86A9405-6F94-76D7-E76A-F5F7ADB72728">
<sourceDDLFile>aeropuerto.sql</sourceDDLFile>
<createdBy>Maximiliano</createdBy>
<createdTime>2025-08-18 01:56:11 UTC</createdTime>
<ownerDesignName>BT&amp;Airways</ownerDesignName>
<importedID>A5CA67C6-4ED0-45B6-4694-83876D59ED58</importedID>
<use>0</use>
<logicalDatatype>LOGDT007</logicalDatatype>
<domain>833FC26E-7158-E8B5-D3F3-EFCBBA0EBF15</domain>
<ownDataTypeParameters>,,</ownDataTypeParameters>
<autoIncrementCycle>false</autoIncrementCycle>
</Column>
<Column name="estado" id="4944BF90-BF54-822E-3AED-D2118E7C29CF">
<sourceDDLFile>aeropuerto.sql</sourceDDLFile>
<createdBy>Maximiliano</createdBy>
<createdTime>2025-08-18 01:56:11 UTC</createdTime>
<ownerDesignName>BT&amp;Airways</ownerDesignName>
<importedID>DCFC41D7-72BC-31FC-C18F-4CD4D159891F</importedID>
<useDomainConstraints>false</useDomainConstraints>
<use>0</use>
<logicalDatatype>LOGDT024</logicalDatatype>
<domain>90221198-4B2C-9C08-1F82-74CE7F01E21F</domain>
<listOfValues>
<valueDef value="CONFIRMADO" description=""/>
<valueDef value="NULA" description=""/>
</listOfValues>
<ownDataTypeParameters>,,</ownDataTypeParameters>
<autoIncrementCycle>false</autoIncrementCycle>
</Column>
<Column name="pasajero_id" id="9E602AE7-9263-886D-3056-8BBE35AA8329">
<sourceDDLFile>aeropuerto.sql</sourceDDLFile>
<createdBy>Maximiliano</createdBy>
<createdTime>2025-08-18 01:56:11 UTC</createdTime>
<ownerDesignName>BT&amp;Airways</ownerDesignName>
<importedID>4194114C-D4CB-5D5B-F341-F58953089EDB</importedID>
<use>0</use>
<ownDataTypeParameters>,,</ownDataTypeParameters>
<autoIncrementCycle>false</autoIncrementCycle>
<associations>
<colAssociation fkAssociation="579983D8-7E3E-5DF1-9134-28188ECAC2AD" referredColumn="DFE49E9B-BF77-C17C-7F6A-2B549E153865"/>
</associations>
</Column>
<Column name="empleado_id" id="F6D2FDE7-2D64-CC21-C47A-D8CC869C0DD3">
<sourceDDLFile>aeropuerto.sql</sourceDDLFile>
<createdBy>Maximiliano</createdBy>
<createdTime>2025-08-18 01:56:11 UTC</createdTime>
<ownerDesignName>BT&amp;Airways</ownerDesignName>
<importedID>C0E1CF39-D529-68BA-4F17-DE0D3B42F025</importedID>
<use>0</use>
<ownDataTypeParameters>,,</ownDataTypeParameters>
<autoIncrementCycle>false</autoIncrementCycle>
<associations>
<colAssociation fkAssociation="D5E5F173-2A63-A1AE-F0A4-331F20AAA9E7" referredColumn="38C64AEF-410E-AB82-58AB-2706BF408EA0"/>
</associations>
</Column>
<Column name="vuelo_id" id="D1D355C9-A40F-4A83-5A23-5093A575E48B">
<sourceDDLFile>aeropuerto.sql</sourceDDLFile>
<createdBy>Maximiliano</createdBy>
<createdTime>2025-08-18 01:56:11 UTC</createdTime>
<ownerDesignName>BT&amp;Airways</ownerDesignName>
<importedID>FECD1CC6-B87A-17CB-D407-EFA57A401258</importedID>
<use>0</use>
<ownDataTypeParameters>,,</ownDataTypeParameters>
<autoIncrementCycle>false</autoIncrementCycle>
<associations>
<colAssociation fkAssociation="8E9FF82A-B723-73DF-11D1-03FD4D1F5071" referredColumn="7BFD5136-9527-F274-EAE1-F747442AD21A"/>
</associations>
</Column>
</columns>
<indexes itemClass="oracle.dbtools.crest.model.design.relational.Index">
<ind_PK_UK id="9CF89293-30CA-3ADF-9F99-46E3373C1DF7" name="reserva_PK">
<sourceDDLFile>aeropuerto.sql</sourceDDLFile>
<createdBy>Maximiliano</createdBy>
<createdTime>2025-08-18 01:56:11 UTC</createdTime>
<ownerDesignName>BT&amp;Airways</ownerDesignName>
<importedID>69232B27-2531-4F8A-E0FC-54708683BF81</importedID>
<pk>true</pk>
<indexState>Primary Constraint</indexState>
<isSurrogateKey>false</isSurrogateKey>
<indexColumnUsage>
<colUsage columnID="A8BCDF4B-4596-79EC-524D-21A0FD6847D9"/>
</indexColumnUsage>
</ind_PK_UK>
<ind_PK_UK id="2B67F9E8-FDCD-8224-4719-EC786EC1CB89" name="INDEX_1v2">
<sourceDDLFile>aeropuerto.sql</sourceDDLFile>
<createdBy>Maximiliano</createdBy>
<createdTime>2025-08-18 01:56:11 UTC</createdTime>
<ownerDesignName>BT&amp;Airways</ownerDesignName>
<importedID>764DF4C5-8724-5FC9-CBAC-3C80DA2A6A1D</importedID>
<indexState>Unique Constraint</indexState>
<isSurrogateKey>false</isSurrogateKey>
<indexColumnUsage>
<colUsage columnID="E27F5E75-5CCC-B6BA-E5BA-B5F170BE6EC9"/>
</indexColumnUsage>
</ind_PK_UK>
<ind_PK_UK id="6EDAA14D-6562-61A6-599F-038AC0877C24" name="idx_reserva_pasajero">
<sourceDDLFile>aeropuerto.sql</sourceDDLFile>
<createdBy>Maximiliano</createdBy>
<createdTime>2025-08-18 01:56:11 UTC</createdTime>
<ownerDesignName>BT&amp;Airways</ownerDesignName>
<importedID>9B0D78FB-7B81-9BC5-56FF-0332E8EE782E</importedID>
<isSurrogateKey>false</isSurrogateKey>
<indexColumnUsage>
<colUsage columnID="9E602AE7-9263-886D-3056-8BBE35AA8329"/>
</indexColumnUsage>
</ind_PK_UK>
<ind_PK_UK id="3FD0CD04-00A5-2EE0-BB7B-F38191702032" name="idx_reserva_vuelo">
<sourceDDLFile>aeropuerto.sql</sourceDDLFile>
<createdBy>Maximiliano</createdBy>
<createdTime>2025-08-18 01:56:11 UTC</createdTime>
<ownerDesignName>BT&amp;Airways</ownerDesignName>
<importedID>12E94156-971F-C3A6-B749-B3A30D5F4E81</importedID>
<isSurrogateKey>false</isSurrogateKey>
<indexColumnUsage>
<colUsage columnID="D1D355C9-A40F-4A83-5A23-5093A575E48B"/>
</indexColumnUsage>
</ind_PK_UK>
<ind_PK_UK id="60CD68B1-2D15-BC50-0C68-6FE147BCED74" name="idx_reserva_estado">
<sourceDDLFile>aeropuerto.sql</sourceDDLFile>
<createdBy>Maximiliano</createdBy>
<createdTime>2025-08-18 01:56:11 UTC</createdTime>
<ownerDesignName>BT&amp;Airways</ownerDesignName>
<importedID>1FEDB6E4-4A8E-96C9-6724-14DA153ADE3F</importedID>
<isSurrogateKey>false</isSurrogateKey>
<indexColumnUsage>
<colUsage columnID="4944BF90-BF54-822E-3AED-D2118E7C29CF"/>
</indexColumnUsage>
</ind_PK_UK>
<ind_PK_UK id="5714C1CE-7441-EF9D-ABC0-C17C90D1D7F7" name="reserva_empleado_FK">
<createdBy>Maximiliano</createdBy>
<createdTime>2025-08-18 01:56:11 UTC</createdTime>
<ownerDesignName>BT&amp;Airways</ownerDesignName>
<indexState>Foreign Key</indexState>
<isSurrogateKey>false</isSurrogateKey>
<indexColumnUsage>
<colUsage columnID="F6D2FDE7-2D64-CC21-C47A-D8CC869C0DD3"/>
</indexColumnUsage>
</ind_PK_UK>
<ind_PK_UK id="90D247A1-CC03-F0FC-17C3-EC7444B5081F" name="reserva_pasajero_FK">
<createdBy>Maximiliano</createdBy>
<createdTime>2025-08-18 01:56:11 UTC</createdTime>
<ownerDesignName>BT&amp;Airways</ownerDesignName>
<indexState>Foreign Key</indexState>
<isSurrogateKey>false</isSurrogateKey>
<indexColumnUsage>
<colUsage columnID="9E602AE7-9263-886D-3056-8BBE35AA8329"/>
</indexColumnUsage>
</ind_PK_UK>
<ind_PK_UK id="D2F3E08D-9F7C-E88B-A6CB-AA5B946CC587" name="reserva_vuelo_FK">
<createdBy>Maximiliano</createdBy>
<createdTime>2025-08-18 01:56:11 UTC</createdTime>
<ownerDesignName>BT&amp;Airways</ownerDesignName>
<indexState>Foreign Key</indexState>
<isSurrogateKey>false</isSurrogateKey>
<indexColumnUsage>
<colUsage columnID="D1D355C9-A40F-4A83-5A23-5093A575E48B"/>
</indexColumnUsage>
</ind_PK_UK>
</indexes>
<tableCheckConstraints itemClass="oracle.dbtools.crest.model.design.constraint.TableLevelConstraint">
<tableCheckConstraint name="chk_fecha_reserva_viaje" directorySegmentName="seg_0" id="1AF702E4-7FAD-C144-224E-D6F8D9F07866">
<sourceDDLFile>aeropuerto.sql</sourceDDLFile>
<createdBy>Maximiliano</createdBy>
<createdTime>2025-08-18 01:56:11 UTC</createdTime>
<ownerDesignName>aeropuerto</ownerDesignName>
<importedID>41653DE8-410B-E655-5EBE-D4B69BAFC3B2</importedID>
<rule><![CDATA[fecha_viaje >= DATE(fecha_reserva)]]></rule>
</tableCheckConstraint>
</tableCheckConstraints>
</Table>