<?xml version = '1.0' encoding = 'UTF-8'?>
<Table class="oracle.dbtools.crest.model.design.relational.Table" directorySegmentName="seg_0" id="7D88A64B-EC80-DAF3-6136-DD760A16D063" name="Aeropuerto">
<sourceDDLFile>aeropuerto.sql</sourceDDLFile>
<createdBy>Maximiliano</createdBy>
<createdTime>2025-08-18 01:56:11 UTC</createdTime>
<ownerDesignName>BT&amp;Airways</ownerDesignName>
<importedID>D67B3F1F-AC3F-9A70-1903-6BD2D484B8C6</importedID>
<allowColumnReorder>false</allowColumnReorder>
<existDependencyGenerateInDDl>true</existDependencyGenerateInDDl>
<parsed>true</parsed>
<columns itemClass="oracle.dbtools.crest.model.design.relational.Column">
<Column name="aeropuerto_id" id="C9EDD1C3-6CFF-A550-2080-8B57FE308E6D">
<sourceDDLFile>aeropuerto.sql</sourceDDLFile>
<createdBy>Maximiliano</createdBy>
<createdTime>2025-08-18 01:56:11 UTC</createdTime>
<ownerDesignName>BT&amp;Airways</ownerDesignName>
<importedID>3DCE2C3E-2FBD-DED1-7807-F5EF515D22EB</importedID>
<use>0</use>
<ownDataTypeParameters>,,</ownDataTypeParameters>
<autoIncrementCycle>false</autoIncrementCycle>
</Column>
<Column name="codigo_iata" id="3E368BE7-F633-18AB-049F-A757523190BD">
<sourceDDLFile>aeropuerto.sql</sourceDDLFile>
<createdBy>Maximiliano</createdBy>
<createdTime>2025-08-18 01:56:11 UTC</createdTime>
<ownerDesignName>BT&amp;Airways</ownerDesignName>
<importedID>D65865CF-EAD2-3E03-6EAB-BA72A607F7E0</importedID>
<use>0</use>
<logicalDatatype>LOGDT025</logicalDatatype>
<domain>DAA620C6-935D-A68C-0C38-9EA9AEE8127D</domain>
<ownDataTypeParameters>,,</ownDataTypeParameters>
<autoIncrementCycle>false</autoIncrementCycle>
</Column>
<Column name="nombre" id="71822AA2-74E8-B693-D17E-25F795D56F86">
<sourceDDLFile>aeropuerto.sql</sourceDDLFile>
<createdBy>Maximiliano</createdBy>
<createdTime>2025-08-18 01:56:11 UTC</createdTime>
<ownerDesignName>BT&amp;Airways</ownerDesignName>
<importedID>5F9732FC-EE58-24F3-912E-5C5B7F2FE609</importedID>
<use>0</use>
<logicalDatatype>LOGDT024</logicalDatatype>
<domain>BA17AFEA-EAC2-4706-F241-86CC45324B62</domain>
<ownDataTypeParameters>,,</ownDataTypeParameters>
<autoIncrementCycle>false</autoIncrementCycle>
</Column>
<Column name="ciudad" id="5351D61E-E152-C263-E7DD-458C19CCA1C0">
<sourceDDLFile>aeropuerto.sql</sourceDDLFile>
<createdBy>Maximiliano</createdBy>
<createdTime>2025-08-18 01:56:11 UTC</createdTime>
<ownerDesignName>BT&amp;Airways</ownerDesignName>
<importedID>113DCA8A-DC1F-6EE4-C256-8BD89553F6D8</importedID>
<nullsAllowed>true</nullsAllowed>
<use>0</use>
<logicalDatatype>LOGDT024</logicalDatatype>
<domain>3213DADA-3C9C-5670-0DF6-5B87EE643DAA</domain>
<ownDataTypeParameters>,,</ownDataTypeParameters>
<autoIncrementCycle>false</autoIncrementCycle>
</Column>
<Column name="pais" id="D07B38BF-934D-67C0-0D60-86ABF1273D87">
<sourceDDLFile>aeropuerto.sql</sourceDDLFile>
<createdBy>Maximiliano</createdBy>
<createdTime>2025-08-18 01:56:11 UTC</createdTime>
<ownerDesignName>BT&amp;Airways</ownerDesignName>
<importedID>2357CE8A-7F7E-1C6E-19A3-EF3E3B472625</importedID>
<use>0</use>
<logicalDatatype>LOGDT024</logicalDatatype>
<domain>3213DADA-3C9C-5670-0DF6-5B87EE643DAA</domain>
<ownDataTypeParameters>,,</ownDataTypeParameters>
<autoIncrementCycle>false</autoIncrementCycle>
</Column>
</columns>
<indexes itemClass="oracle.dbtools.crest.model.design.relational.Index">
<ind_PK_UK id="C0D4D736-E015-685C-F502-E0885064D854" name="aeropuerto_PK">
<sourceDDLFile>aeropuerto.sql</sourceDDLFile>
<createdBy>Maximiliano</createdBy>
<createdTime>2025-08-18 01:56:11 UTC</createdTime>
<ownerDesignName>BT&amp;Airways</ownerDesignName>
<importedID>3A47EBC1-A4D4-A707-BF50-FB825782A09E</importedID>
<pk>true</pk>
<indexState>Primary Constraint</indexState>
<isSurrogateKey>false</isSurrogateKey>
<indexColumnUsage>
<colUsage columnID="C9EDD1C3-6CFF-A550-2080-8B57FE308E6D"/>
</indexColumnUsage>
</ind_PK_UK>
<ind_PK_UK id="52A5C532-88C1-AE3E-1066-A322494B420B" name="INDEX_1">
<sourceDDLFile>aeropuerto.sql</sourceDDLFile>
<createdBy>Maximiliano</createdBy>
<createdTime>2025-08-18 01:56:11 UTC</createdTime>
<ownerDesignName>BT&amp;Airways</ownerDesignName>
<importedID>97A215AC-F348-2F84-7DEE-19CD0E29C44E</importedID>
<indexState>Unique Constraint</indexState>
<isSurrogateKey>false</isSurrogateKey>
<indexColumnUsage>
<colUsage columnID="3E368BE7-F633-18AB-049F-A757523190BD"/>
</indexColumnUsage>
</ind_PK_UK>
</indexes>
</Table>