<?xml version = '1.0' encoding = 'UTF-8'?>
<Table class="oracle.dbtools.crest.model.design.relational.Table" directorySegmentName="seg_0" id="82079065-B55B-C462-EC43-B3D0CE07B18D" name="Pasajero">
<sourceDDLFile>aeropuerto.sql</sourceDDLFile>
<createdBy>Maximiliano</createdBy>
<createdTime>2025-08-18 01:56:11 UTC</createdTime>
<ownerDesignName>BT&amp;Airways</ownerDesignName>
<importedID>0916613C-49C8-1E8B-1B97-1D29C958D46F</importedID>
<allowColumnReorder>false</allowColumnReorder>
<existDependencyGenerateInDDl>true</existDependencyGenerateInDDl>
<parsed>true</parsed>
<columns itemClass="oracle.dbtools.crest.model.design.relational.Column">
<Column name="pasajero_id" id="DFE49E9B-BF77-C17C-7F6A-2B549E153865">
<sourceDDLFile>aeropuerto.sql</sourceDDLFile>
<createdBy>Maximiliano</createdBy>
<createdTime>2025-08-18 01:56:11 UTC</createdTime>
<ownerDesignName>BT&amp;Airways</ownerDesignName>
<importedID>8E37AAA5-6CD3-7528-8B39-F2D834E5FB4E</importedID>
<use>0</use>
<ownDataTypeParameters>,,</ownDataTypeParameters>
<autoIncrementCycle>false</autoIncrementCycle>
</Column>
<Column name="doc_tipo" id="3BBB47A1-AB14-CA83-D5AD-478A54D54872">
<sourceDDLFile>aeropuerto.sql</sourceDDLFile>
<createdBy>Maximiliano</createdBy>
<createdTime>2025-08-18 01:56:11 UTC</createdTime>
<ownerDesignName>BT&amp;Airways</ownerDesignName>
<importedID>BDE01600-4F56-ACCD-5C57-C012F9F01C91</importedID>
<useDomainConstraints>false</useDomainConstraints>
<use>0</use>
<logicalDatatype>LOGDT024</logicalDatatype>
<domain>6D67A967-A32C-B403-8606-5BC71DA493BD</domain>
<listOfValues>
<valueDef value="CEDULA" description=""/>
<valueDef value="PASAPORTE" description=""/>
</listOfValues>
<ownDataTypeParameters>,,</ownDataTypeParameters>
<autoIncrementCycle>false</autoIncrementCycle>
</Column>
<Column name="doc_numero" id="46FDECB8-2079-0567-25C6-48E96B6E18DF">
<sourceDDLFile>aeropuerto.sql</sourceDDLFile>
<createdBy>Maximiliano</createdBy>
<createdTime>2025-08-18 01:56:11 UTC</createdTime>
<ownerDesignName>BT&amp;Airways</ownerDesignName>
<importedID>F392EE9F-496E-54B5-2752-BAE918AC4AC3</importedID>
<use>0</use>
<logicalDatatype>LOGDT024</logicalDatatype>
<domain>0C7644F9-2B70-8145-72EE-890F07C351FF</domain>
<ownDataTypeParameters>,,</ownDataTypeParameters>
<autoIncrementCycle>false</autoIncrementCycle>
</Column>
<Column name="nombre_completo" id="9290EDCE-ABB0-BCB7-6D67-423FE59449B5">
<sourceDDLFile>aeropuerto.sql</sourceDDLFile>
<createdBy>Maximiliano</createdBy>
<createdTime>2025-08-18 01:56:11 UTC</createdTime>
<ownerDesignName>BT&amp;Airways</ownerDesignName>
<importedID>2000D588-2BC0-03EE-A619-1970BA90BCE7</importedID>
<use>0</use>
<logicalDatatype>LOGDT024</logicalDatatype>
<domain>BA17AFEA-EAC2-4706-F241-86CC45324B62</domain>
<ownDataTypeParameters>,,</ownDataTypeParameters>
<autoIncrementCycle>false</autoIncrementCycle>
</Column>
<Column name="fecha_nacimiento" id="07AEF383-2E7C-4FBC-98FC-568CF9D9FEBD">
<sourceDDLFile>aeropuerto.sql</sourceDDLFile>
<createdBy>Maximiliano</createdBy>
<createdTime>2025-08-18 01:56:11 UTC</createdTime>
<ownerDesignName>BT&amp;Airways</ownerDesignName>
<importedID>BE0D9F90-4F22-6253-535E-DB49D142CB48</importedID>
<use>0</use>
<logicalDatatype>LOGDT007</logicalDatatype>
<domain>833FC26E-7158-E8B5-D3F3-EFCBBA0EBF15</domain>
<ownDataTypeParameters>,,</ownDataTypeParameters>
<autoIncrementCycle>false</autoIncrementCycle>
</Column>
<Column name="nacionalidad" id="493412DB-270D-174B-D951-4F91EDD46F04">
<sourceDDLFile>aeropuerto.sql</sourceDDLFile>
<createdBy>Maximiliano</createdBy>
<createdTime>2025-08-18 01:56:11 UTC</createdTime>
<ownerDesignName>BT&amp;Airways</ownerDesignName>
<importedID>85329ED6-32C3-558A-FFA9-813E3CA2484E</importedID>
<use>0</use>
<logicalDatatype>LOGDT024</logicalDatatype>
<domain>A11B8211-1A0E-51E2-E59D-080AB3EA8E7F</domain>
<ownDataTypeParameters>,,</ownDataTypeParameters>
<autoIncrementCycle>false</autoIncrementCycle>
</Column>
<Column name="telefono_contacto" id="B7B58E0C-C870-FCE1-03AE-3B3262EBC2B3">
<sourceDDLFile>aeropuerto.sql</sourceDDLFile>
<createdBy>Maximiliano</createdBy>
<createdTime>2025-08-18 01:56:11 UTC</createdTime>
<ownerDesignName>BT&amp;Airways</ownerDesignName>
<importedID>AD2696F1-F35D-3DFB-53BE-BD6BFD731544</importedID>
<nullsAllowed>true</nullsAllowed>
<use>0</use>
<logicalDatatype>LOGDT024</logicalDatatype>
<domain>0C7644F9-2B70-8145-72EE-890F07C351FF</domain>
<ownDataTypeParameters>,,</ownDataTypeParameters>
<autoIncrementCycle>false</autoIncrementCycle>
</Column>
<Column name="email_contacto" id="BCFFCC6A-F8E0-DAC3-7255-790377896607">
<sourceDDLFile>aeropuerto.sql</sourceDDLFile>
<createdBy>Maximiliano</createdBy>
<createdTime>2025-08-18 01:56:11 UTC</createdTime>
<ownerDesignName>BT&amp;Airways</ownerDesignName>
<importedID>149C5F42-7966-0DAC-D991-1E89F2BA7F26</importedID>
<nullsAllowed>true</nullsAllowed>
<use>0</use>
<logicalDatatype>LOGDT024</logicalDatatype>
<domain>BA17AFEA-EAC2-4706-F241-86CC45324B62</domain>
<ownDataTypeParameters>,,</ownDataTypeParameters>
<autoIncrementCycle>false</autoIncrementCycle>
</Column>
</columns>
<indexes itemClass="oracle.dbtools.crest.model.design.relational.Index">
<ind_PK_UK id="1496DE6C-A786-A86B-E05F-CFAC7F3F277F" name="pasajero_PK">
<sourceDDLFile>aeropuerto.sql</sourceDDLFile>
<createdBy>Maximiliano</createdBy>
<createdTime>2025-08-18 01:56:11 UTC</createdTime>
<ownerDesignName>BT&amp;Airways</ownerDesignName>
<importedID>8866BBAC-8515-E20E-1C9B-6C1DDEA0A4BF</importedID>
<pk>true</pk>
<indexState>Primary Constraint</indexState>
<isSurrogateKey>false</isSurrogateKey>
<indexColumnUsage>
<colUsage columnID="DFE49E9B-BF77-C17C-7F6A-2B549E153865"/>
</indexColumnUsage>
</ind_PK_UK>
<ind_PK_UK id="8BE4D305-7E24-B3B3-7ED1-EF98F6FC6F13" name="uq_pasajero_doc">
<sourceDDLFile>aeropuerto.sql</sourceDDLFile>
<createdBy>Maximiliano</createdBy>
<createdTime>2025-08-18 01:56:11 UTC</createdTime>
<ownerDesignName>BT&amp;Airways</ownerDesignName>
<importedID>4CF2DFD8-7715-641F-A4B4-F7D2D8FB624B</importedID>
<indexState>Unique Constraint</indexState>
<isSurrogateKey>false</isSurrogateKey>
<indexColumnUsage>
<colUsage columnID="3BBB47A1-AB14-CA83-D5AD-478A54D54872"/>
<colUsage columnID="46FDECB8-2079-0567-25C6-48E96B6E18DF"/>
</indexColumnUsage>
</ind_PK_UK>
</indexes>
<tableCheckConstraints itemClass="oracle.dbtools.crest.model.design.constraint.TableLevelConstraint">
<tableCheckConstraint name="chk_contacto_pasajero" directorySegmentName="seg_0" id="70DBF850-A51D-AF8C-E571-CC83B8783112">
<sourceDDLFile>aeropuerto.sql</sourceDDLFile>
<createdBy>Maximiliano</createdBy>
<createdTime>2025-08-18 01:56:11 UTC</createdTime>
<ownerDesignName>aeropuerto</ownerDesignName>
<importedID>751518CB-A549-8736-C1BC-ABFCD258B3A8</importedID>
<rule><![CDATA[telefono_contacto IS NOT NULL OR email_contacto IS NOT NULL]]></rule>
</tableCheckConstraint>
</tableCheckConstraints>
</Table>