<?xml version = '1.0' encoding = 'UTF-8'?>
<Table class="oracle.dbtools.crest.model.design.relational.Table" directorySegmentName="seg_0" id="8E90B4E7-9CDF-B48B-2388-04B1131711B9" name="Vuelo">
<sourceDDLFile>aeropuerto.sql</sourceDDLFile>
<createdBy>Maximiliano</createdBy>
<createdTime>2025-08-18 01:56:11 UTC</createdTime>
<ownerDesignName>BT&amp;Airways</ownerDesignName>
<importedID>EF2979CC-525D-4341-77E4-86CAA1DFB87C</importedID>
<allowColumnReorder>false</allowColumnReorder>
<existDependencyGenerateInDDl>true</existDependencyGenerateInDDl>
<parsed>true</parsed>
<columns itemClass="oracle.dbtools.crest.model.design.relational.Column">
<Column name="vuelo_id" id="7BFD5136-9527-F274-EAE1-F747442AD21A">
<sourceDDLFile>aeropuerto.sql</sourceDDLFile>
<createdBy>Maximiliano</createdBy>
<createdTime>2025-08-18 01:56:11 UTC</createdTime>
<ownerDesignName>BT&amp;Airways</ownerDesignName>
<importedID>56319E19-B377-80A4-D665-4FB14B0E0C8D</importedID>
<use>0</use>
<ownDataTypeParameters>,,</ownDataTypeParameters>
<autoIncrementCycle>false</autoIncrementCycle>
</Column>
<Column name="numero_vuelo" id="2C6B5776-FB3B-E256-EFA1-3C37639993B9">
<sourceDDLFile>aeropuerto.sql</sourceDDLFile>
<createdBy>Maximiliano</createdBy>
<createdTime>2025-08-18 01:56:11 UTC</createdTime>
<ownerDesignName>BT&amp;Airways</ownerDesignName>
<importedID>4E8F2075-8A1C-4312-CB4D-1441E6B7E200</importedID>
<use>0</use>
<logicalDatatype>LOGDT024</logicalDatatype>
<domain>90221198-4B2C-9C08-1F82-74CE7F01E21F</domain>
<ownDataTypeParameters>,,</ownDataTypeParameters>
<autoIncrementCycle>false</autoIncrementCycle>
</Column>
<Column name="aeropuerto_origen_id" id="977781B1-F770-A34C-9F29-09D78AF51127">
<sourceDDLFile>aeropuerto.sql</sourceDDLFile>
<createdBy>Maximiliano</createdBy>
<createdTime>2025-08-18 01:56:11 UTC</createdTime>
<ownerDesignName>BT&amp;Airways</ownerDesignName>
<importedID>EC039070-9979-BBE4-1C57-68E4BD783B00</importedID>
<use>0</use>
<ownDataTypeParameters>,,</ownDataTypeParameters>
<autoIncrementCycle>false</autoIncrementCycle>
<associations>
<colAssociation fkAssociation="D39523B2-85B8-C6BB-6CCC-0AD6B0CB8356" referredColumn="C9EDD1C3-6CFF-A550-2080-8B57FE308E6D"/>
</associations>
</Column>
<Column name="aeropuerto_destino_id" id="89C617B5-E8CE-0110-D7BA-E6C0FFA6D944">
<sourceDDLFile>aeropuerto.sql</sourceDDLFile>
<createdBy>Maximiliano</createdBy>
<createdTime>2025-08-18 01:56:11 UTC</createdTime>
<ownerDesignName>BT&amp;Airways</ownerDesignName>
<importedID>48CF3167-8540-8920-03AA-3F589830BCE8</importedID>
<use>0</use>
<ownDataTypeParameters>,,</ownDataTypeParameters>
<autoIncrementCycle>false</autoIncrementCycle>
<associations>
<colAssociation fkAssociation="2BDFCB1C-7C9C-CD22-60E6-BA8917CBE030" referredColumn="C9EDD1C3-6CFF-A550-2080-8B57FE308E6D"/>
</associations>
</Column>
<Column name="fecha_despegue" id="FE340CB2-411C-122E-E3DC-9635FD593F9C">
<sourceDDLFile>aeropuerto.sql</sourceDDLFile>
<createdBy>Maximiliano</createdBy>
<createdTime>2025-08-18 01:56:11 UTC</createdTime>
<ownerDesignName>BT&amp;Airways</ownerDesignName>
<importedID>DF67A6C5-4BEC-BCE1-40C6-2404B07C440A</importedID>
<use>0</use>
<logicalDatatype>LOGDT007</logicalDatatype>
<domain>833FC26E-7158-E8B5-D3F3-EFCBBA0EBF15</domain>
<ownDataTypeParameters>,,</ownDataTypeParameters>
<autoIncrementCycle>false</autoIncrementCycle>
</Column>
<Column name="fecha_llegada" id="81D56547-07A4-80A5-4D45-50E928249249">
<sourceDDLFile>aeropuerto.sql</sourceDDLFile>
<createdBy>Maximiliano</createdBy>
<createdTime>2025-08-18 01:56:11 UTC</createdTime>
<ownerDesignName>BT&amp;Airways</ownerDesignName>
<importedID>D6611D6E-CE77-69D4-2D80-011F5E46137B</importedID>
<use>0</use>
<logicalDatatype>LOGDT007</logicalDatatype>
<domain>833FC26E-7158-E8B5-D3F3-EFCBBA0EBF15</domain>
<ownDataTypeParameters>,,</ownDataTypeParameters>
<autoIncrementCycle>false</autoIncrementCycle>
</Column>
<Column name="hora_salida" id="03F3034A-C4DE-E2C7-142D-75852C1FCD1B">
<sourceDDLFile>aeropuerto.sql</sourceDDLFile>
<createdBy>Maximiliano</createdBy>
<createdTime>2025-08-18 01:56:11 UTC</createdTime>
<ownerDesignName>BT&amp;Airways</ownerDesignName>
<importedID>EC0D6C92-607C-6FE8-30FD-9CFCAC86D9AB</importedID>
<use>0</use>
<ownDataTypeParameters>,,</ownDataTypeParameters>
<autoIncrementCycle>false</autoIncrementCycle>
</Column>
</columns>
<indexes itemClass="oracle.dbtools.crest.model.design.relational.Index">
<ind_PK_UK id="1C1F7644-0A7F-86BD-541F-725A856B69DA" name="vuelo_PK">
<sourceDDLFile>aeropuerto.sql</sourceDDLFile>
<createdBy>Maximiliano</createdBy>
<createdTime>2025-08-18 01:56:11 UTC</createdTime>
<ownerDesignName>BT&amp;Airways</ownerDesignName>
<importedID>331C9214-C8EE-91A1-E1AD-44C0ED01BD39</importedID>
<pk>true</pk>
<indexState>Primary Constraint</indexState>
<isSurrogateKey>false</isSurrogateKey>
<indexColumnUsage>
<colUsage columnID="7BFD5136-9527-F274-EAE1-F747442AD21A"/>
</indexColumnUsage>
</ind_PK_UK>
<ind_PK_UK id="F28FBF8D-36A2-FD4B-95B5-DD6D722CFE53" name="uq_vuelo_numero_fecha">
<sourceDDLFile>aeropuerto.sql</sourceDDLFile>
<createdBy>Maximiliano</createdBy>
<createdTime>2025-08-18 01:56:11 UTC</createdTime>
<ownerDesignName>BT&amp;Airways</ownerDesignName>
<importedID>D9F27D82-51AD-E39B-2664-DE78008AB3E2</importedID>
<indexState>Unique Constraint</indexState>
<isSurrogateKey>false</isSurrogateKey>
<indexColumnUsage>
<colUsage columnID="2C6B5776-FB3B-E256-EFA1-3C37639993B9"/>
<colUsage columnID="FE340CB2-411C-122E-E3DC-9635FD593F9C"/>
</indexColumnUsage>
</ind_PK_UK>
<ind_PK_UK id="0E36F4E2-FF2E-1DB2-A67D-C0098581FDD8" name="idx_vuelo_numero">
<sourceDDLFile>aeropuerto.sql</sourceDDLFile>
<createdBy>Maximiliano</createdBy>
<createdTime>2025-08-18 01:56:11 UTC</createdTime>
<ownerDesignName>BT&amp;Airways</ownerDesignName>
<importedID>072BE198-A374-BB56-C990-CE37EEA6255B</importedID>
<isSurrogateKey>false</isSurrogateKey>
<indexColumnUsage>
<colUsage columnID="2C6B5776-FB3B-E256-EFA1-3C37639993B9"/>
</indexColumnUsage>
</ind_PK_UK>
<ind_PK_UK id="C46BD998-CD83-E1C6-EEB9-2189CF5F4181" name="vuelo_aeropuerto_FK">
<createdBy>Maximiliano</createdBy>
<createdTime>2025-08-18 01:56:11 UTC</createdTime>
<ownerDesignName>BT&amp;Airways</ownerDesignName>
<indexState>Foreign Key</indexState>
<isSurrogateKey>false</isSurrogateKey>
<indexColumnUsage>
<colUsage columnID="977781B1-F770-A34C-9F29-09D78AF51127"/>
</indexColumnUsage>
</ind_PK_UK>
<ind_PK_UK id="A8C408BB-7A1F-70E0-F81F-554436E2D318" name="vuelo_aeropuerto_FKv1">
<createdBy>Maximiliano</createdBy>
<createdTime>2025-08-18 01:56:11 UTC</createdTime>
<ownerDesignName>BT&amp;Airways</ownerDesignName>
<indexState>Foreign Key</indexState>
<isSurrogateKey>false</isSurrogateKey>
<indexColumnUsage>
<colUsage columnID="89C617B5-E8CE-0110-D7BA-E6C0FFA6D944"/>
</indexColumnUsage>
</ind_PK_UK>
</indexes>
<tableCheckConstraints itemClass="oracle.dbtools.crest.model.design.constraint.TableLevelConstraint">
<tableCheckConstraint name="chk_fechas_vuelo" directorySegmentName="seg_0" id="1611FEC0-829E-D4D9-174D-355BA89EC10A">
<sourceDDLFile>aeropuerto.sql</sourceDDLFile>
<createdBy>Maximiliano</createdBy>
<createdTime>2025-08-18 01:56:11 UTC</createdTime>
<ownerDesignName>aeropuerto</ownerDesignName>
<importedID>0866B87D-6156-BC38-7CDC-6FC192B3EF14</importedID>
<rule><![CDATA[fecha_llegada >= fecha_despegue]]></rule>
</tableCheckConstraint>
<tableCheckConstraint name="chk_aeropuertos_distintos" directorySegmentName="seg_0" id="3B8F5A91-8314-B87C-16C2-31E1BAABF168">
<sourceDDLFile>aeropuerto.sql</sourceDDLFile>
<createdBy>Maximiliano</createdBy>
<createdTime>2025-08-18 01:56:11 UTC</createdTime>
<ownerDesignName>aeropuerto</ownerDesignName>
<importedID>08356FF9-A49B-B192-BABF-F9EDC10FD0E7</importedID>
<rule><![CDATA[aeropuerto_origen_id <> aeropuerto_destino_id]]></rule>
</tableCheckConstraint>
</tableCheckConstraints>
</Table>