<?xml version = '1.0' encoding = 'UTF-8'?>
<Table class="oracle.dbtools.crest.model.design.relational.Table" directorySegmentName="seg_0" id="DC11A911-ADF3-6F78-9762-D7D360B867AB" name="Empleado">
<sourceDDLFile>aeropuerto.sql</sourceDDLFile>
<createdBy>Maximiliano</createdBy>
<createdTime>2025-08-18 01:56:11 UTC</createdTime>
<ownerDesignName>BT&amp;Airways</ownerDesignName>
<importedID>87D9A05C-F951-B9DB-BCDD-FC27DB2BF320</importedID>
<allowColumnReorder>false</allowColumnReorder>
<existDependencyGenerateInDDl>true</existDependencyGenerateInDDl>
<parsed>true</parsed>
<columns itemClass="oracle.dbtools.crest.model.design.relational.Column">
<Column name="empleado_id" id="38C64AEF-410E-AB82-58AB-2706BF408EA0">
<sourceDDLFile>aeropuerto.sql</sourceDDLFile>
<createdBy>Maximiliano</createdBy>
<createdTime>2025-08-18 01:56:11 UTC</createdTime>
<ownerDesignName>BT&amp;Airways</ownerDesignName>
<importedID>0D70CBAA-FAC4-071B-1468-9857360A30D3</importedID>
<use>0</use>
<ownDataTypeParameters>,,</ownDataTypeParameters>
<autoIncrementCycle>false</autoIncrementCycle>
</Column>
<Column name="rut" id="F9B167CB-E044-290F-28B9-A0079D63C2C4">
<sourceDDLFile>aeropuerto.sql</sourceDDLFile>
<createdBy>Maximiliano</createdBy>
<createdTime>2025-08-18 01:56:11 UTC</createdTime>
<ownerDesignName>BT&amp;Airways</ownerDesignName>
<importedID>CDF4E8BF-0EDE-E46A-A60F-A0525B2B6C3E</importedID>
<use>0</use>
<logicalDatatype>LOGDT024</logicalDatatype>
<domain>23EF3548-B119-1121-8EBC-5ED7199A2C73</domain>
<ownDataTypeParameters>,,</ownDataTypeParameters>
<autoIncrementCycle>false</autoIncrementCycle>
</Column>
<Column name="nombre_completo" id="5585AB91-A2AE-54F9-0489-DB9160BDAF71">
<sourceDDLFile>aeropuerto.sql</sourceDDLFile>
<createdBy>Maximiliano</createdBy>
<createdTime>2025-08-18 01:56:11 UTC</createdTime>
<ownerDesignName>BT&amp;Airways</ownerDesignName>
<importedID>1BE4DDA5-7165-D969-8F43-3665A7C6FC58</importedID>
<use>0</use>
<logicalDatatype>LOGDT024</logicalDatatype>
<domain>BA17AFEA-EAC2-4706-F241-86CC45324B62</domain>
<ownDataTypeParameters>,,</ownDataTypeParameters>
<autoIncrementCycle>false</autoIncrementCycle>
</Column>
<Column name="direccion" id="897DDC7C-8A6B-FB94-C3F4-867550BEA4FB">
<sourceDDLFile>aeropuerto.sql</sourceDDLFile>
<createdBy>Maximiliano</createdBy>
<createdTime>2025-08-18 01:56:11 UTC</createdTime>
<ownerDesignName>BT&amp;Airways</ownerDesignName>
<importedID>3CD2DF95-12C1-9903-494F-ED636C39967D</importedID>
<nullsAllowed>true</nullsAllowed>
<use>0</use>
<logicalDatatype>LOGDT024</logicalDatatype>
<domain>5A7DE02D-AFA4-A150-F12D-D983974F3360</domain>
<ownDataTypeParameters>,,</ownDataTypeParameters>
<autoIncrementCycle>false</autoIncrementCycle>
</Column>
<Column name="sueldo_base" id="8EDC9E76-D60D-6255-90F5-68B70D406474">
<sourceDDLFile>aeropuerto.sql</sourceDDLFile>
<createdBy>Maximiliano</createdBy>
<createdTime>2025-08-18 01:56:11 UTC</createdTime>
<ownerDesignName>BT&amp;Airways</ownerDesignName>
<importedID>61AED9A0-3ABF-0E12-CA07-3850368C88E0</importedID>
<useDomainConstraints>false</useDomainConstraints>
<use>0</use>
<logicalDatatype>LOGDT019</logicalDatatype>
<domain>588F7690-A895-10CF-3F75-F0AE5DC63C33</domain>
<checkConstraint>
<implementationDef dbType="Oracle Database 21c" definition="sueldo_base &gt;= 0"/>
</checkConstraint>
<ownDataTypeParameters>,,</ownDataTypeParameters>
<autoIncrementCycle>false</autoIncrementCycle>
</Column>
<Column name="fecha_ingreso" id="CD8A2E87-9F3E-AC43-D403-9500B1CBBC99">
<sourceDDLFile>aeropuerto.sql</sourceDDLFile>
<createdBy>Maximiliano</createdBy>
<createdTime>2025-08-18 01:56:11 UTC</createdTime>
<ownerDesignName>BT&amp;Airways</ownerDesignName>
<importedID>2326C11F-799E-FCB2-C240-609410179C4D</importedID>
<use>0</use>
<logicalDatatype>LOGDT007</logicalDatatype>
<domain>833FC26E-7158-E8B5-D3F3-EFCBBA0EBF15</domain>
<ownDataTypeParameters>,,</ownDataTypeParameters>
<autoIncrementCycle>false</autoIncrementCycle>
</Column>
<Column name="genero" id="05C0CEC5-0603-A12B-D09A-F794FD64FAD6">
<sourceDDLFile>aeropuerto.sql</sourceDDLFile>
<createdBy>Maximiliano</createdBy>
<createdTime>2025-08-18 01:56:11 UTC</createdTime>
<ownerDesignName>BT&amp;Airways</ownerDesignName>
<importedID>E406A381-D6F3-59F8-CDC7-772C3A91392A</importedID>
<useDomainConstraints>false</useDomainConstraints>
<use>0</use>
<logicalDatatype>LOGDT024</logicalDatatype>
<domain>90221198-4B2C-9C08-1F82-74CE7F01E21F</domain>
<listOfValues>
<valueDef value="FEMENINO" description=""/>
<valueDef value="MASCULINO" description=""/>
<valueDef value="OTRO" description=""/>
</listOfValues>
<ownDataTypeParameters>,,</ownDataTypeParameters>
<autoIncrementCycle>false</autoIncrementCycle>
</Column>
<Column name="telefono_movil" id="F59E035E-6D8B-1A56-7DC9-A120041B8341">
<sourceDDLFile>aeropuerto.sql</sourceDDLFile>
<createdBy>Maximiliano</createdBy>
<createdTime>2025-08-18 01:56:11 UTC</createdTime>
<ownerDesignName>BT&amp;Airways</ownerDesignName>
<importedID>381E619D-183E-ED7D-32A2-F443E8D62374</importedID>
<use>0</use>
<logicalDatatype>LOGDT024</logicalDatatype>
<domain>0C7644F9-2B70-8145-72EE-890F07C351FF</domain>
<ownDataTypeParameters>,,</ownDataTypeParameters>
<autoIncrementCycle>false</autoIncrementCycle>
</Column>
<Column name="telefono_contacto" id="E69F6B0D-304D-06CE-C7BF-02CAD835D00D">
<sourceDDLFile>aeropuerto.sql</sourceDDLFile>
<createdBy>Maximiliano</createdBy>
<createdTime>2025-08-18 01:56:11 UTC</createdTime>
<ownerDesignName>BT&amp;Airways</ownerDesignName>
<importedID>62FFEF7F-9154-EC4B-4ADD-9D39FD6FA671</importedID>
<nullsAllowed>true</nullsAllowed>
<use>0</use>
<logicalDatatype>LOGDT024</logicalDatatype>
<domain>0C7644F9-2B70-8145-72EE-890F07C351FF</domain>
<ownDataTypeParameters>,,</ownDataTypeParameters>
<autoIncrementCycle>false</autoIncrementCycle>
</Column>
</columns>
<indexes itemClass="oracle.dbtools.crest.model.design.relational.Index">
<ind_PK_UK id="7C3C8F7F-CDDD-A4B4-F2C7-C2FD1F009EE6" name="empleado_PK">
<sourceDDLFile>aeropuerto.sql</sourceDDLFile>
<createdBy>Maximiliano</createdBy>
<createdTime>2025-08-18 01:56:11 UTC</createdTime>
<ownerDesignName>BT&amp;Airways</ownerDesignName>
<importedID>1F75548F-F6E9-C065-2400-A4176AA1E2C7</importedID>
<pk>true</pk>
<indexState>Primary Constraint</indexState>
<isSurrogateKey>false</isSurrogateKey>
<indexColumnUsage>
<colUsage columnID="38C64AEF-410E-AB82-58AB-2706BF408EA0"/>
</indexColumnUsage>
</ind_PK_UK>
<ind_PK_UK id="A9D2BEB4-6B23-496C-9CCE-9ABE12CFCEBF" name="INDEX_1v1">
<sourceDDLFile>aeropuerto.sql</sourceDDLFile>
<createdBy>Maximiliano</createdBy>
<createdTime>2025-08-18 01:56:11 UTC</createdTime>
<ownerDesignName>BT&amp;Airways</ownerDesignName>
<importedID>85197C70-D306-7BCA-E20A-7ED529CC83B3</importedID>
<indexState>Unique Constraint</indexState>
<isSurrogateKey>false</isSurrogateKey>
<indexColumnUsage>
<colUsage columnID="F9B167CB-E044-290F-28B9-A0079D63C2C4"/>
</indexColumnUsage>
</ind_PK_UK>
</indexes>
</Table>