<?xml version = '1.0' encoding = 'UTF-8'?>
<Entity class="oracle.dbtools.crest.model.design.logical.Entity" directorySegmentName="seg_0" id="249189EC-8EB0-EE66-53B6-97327FD7DEC0" name="JEFE TURNO">
<createdBy>Maximiliano</createdBy>
<createdTime>2025-10-09 01:05:10 UTC</createdTime>
<generatorID>E5B8D7EF-B22C-C484-344B-EBB40D17EB1B</generatorID>
<ownerDesignName>EFT_S9</ownerDesignName>
<engineerTo>
<item key="5276146F-A2C0-1904-4958-B00E54809284" value="true"/>
</engineerTo>
<adequatelyNormalized>NO</adequatelyNormalized>
<expectedVolumes>0</expectedVolumes>
<fwdEngineeringStrategyName>Single Table</fwdEngineeringStrategyName>
<growthPercent>0</growthPercent>
<growthType>Year</growthType>
<hierarchicalParent>52CDD02E-B8AD-D6E3-F27C-4D7660ABDECB</hierarchicalParent>
<maxVolumes>9999999</maxVolumes>
<minVolumes>0</minVolumes>
<normalForm>Third</normalForm>
<attributes itemClass="oracle.dbtools.crest.model.design.logical.Attribute">
<Attribute name="area responsabilidad" id="75D7E8DD-1FE6-E8F9-FCFD-CEA0A37C6A05">
<createdBy>Maximiliano</createdBy>
<createdTime>2025-10-09 01:05:10 UTC</createdTime>
<generatorID>FF5C779A-0D5F-E41D-C1CF-411A8D74B569</generatorID>
<ownerDesignName>EFT_S9</ownerDesignName>
<engineerTo>
<item key="5276146F-A2C0-1904-4958-B00E54809284" value="true"/>
</engineerTo>
<use>0</use>
<logicalDatatype>LOGDT024</logicalDatatype>
<domain>526F199C-2393-4F76-AC40-18BB5E3ABA4E</domain>
<ownDataTypeParameters>,,</ownDataTypeParameters>
</Attribute>
<Attribute name="max operarios" id="8176C68A-1BD2-6524-8940-67A1985B8F29">
<createdBy>Maximiliano</createdBy>
<createdTime>2025-10-09 01:05:10 UTC</createdTime>
<generatorID>7CAE3DA8-1A11-AB1B-37FB-9508E9FC7519</generatorID>
<ownerDesignName>EFT_S9</ownerDesignName>
<engineerTo>
<item key="5276146F-A2C0-1904-4958-B00E54809284" value="true"/>
</engineerTo>
<use>0</use>
<logicalDatatype>LOGDT019</logicalDatatype>
<domain>8E11A3B8-071E-8162-A9FF-1AE586026A4A</domain>
<ownDataTypeParameters>,,</ownDataTypeParameters>
</Attribute>
<Attribute name="id empleado" id="4F99A820-9D10-D2E9-123F-4884C449E697">
<createdBy>Maximiliano</createdBy>
<createdTime>2025-10-13 00:24:37 UTC</createdTime>
<generatorID>59C5F041-7256-496E-1D8B-278E1B88BC4E</generatorID>
<ownerDesignName>EFT_S9</ownerDesignName>
<engineerTo>
<item key="5276146F-A2C0-1904-4958-B00E54809284" value="true"/>
</engineerTo>
<referedAttribute>F5CDC75A-02AF-6437-6AF9-BF6AFFCE0831</referedAttribute>
<use>0</use>
<logicalDatatype>LOGDT019</logicalDatatype>
<domain>9BCFED1C-894D-30AA-C384-7861D579DB5B</domain>
<ownDataTypeParameters>,,</ownDataTypeParameters>
</Attribute>
</attributes>
<identifiers itemClass="oracle.dbtools.crest.model.design.logical.CandidateKey">
<identifier id="3DB8C048-1B80-89BA-C659-0BBF29E3BE6A" name="JEFE TURNO PK">
<createdBy>Maximiliano</createdBy>
<createdTime>2025-10-09 01:05:10 UTC</createdTime>
<generatorID>C27B0046-AB3C-F8E4-AF3B-B7B87195A5CF</generatorID>
<ownerDesignName>EFT_S9</ownerDesignName>
<engineerTo>
<item key="5276146F-A2C0-1904-4958-B00E54809284" value="true"/>
</engineerTo>
<pk>true</pk>
<usedAttributes>
<attributeRef>4F99A820-9D10-D2E9-123F-4884C449E697</attributeRef>
</usedAttributes>
</identifier>
</identifiers>
</Entity>