<?xml version = '1.0' encoding = 'UTF-8'?>
<Entity class="oracle.dbtools.crest.model.design.logical.Entity" directorySegmentName="seg_0" id="557F29AB-D245-937F-3246-2B8D40AF4CE6" name="MAQUINA">
<createdBy>Maximiliano</createdBy>
<createdTime>2025-10-09 01:05:10 UTC</createdTime>
<generatorID>52EABF94-1246-8A55-1142-6F2F1D475C1F</generatorID>
<ownerDesignName>EFT_S9</ownerDesignName>
<engineerTo>
<item key="5276146F-A2C0-1904-4958-B00E54809284" value="true"/>
</engineerTo>
<adequatelyNormalized>NO</adequatelyNormalized>
<expectedVolumes>0</expectedVolumes>
<fwdEngineeringStrategyName>Single Table</fwdEngineeringStrategyName>
<growthPercent>0</growthPercent>
<growthType>Year</growthType>
<maxVolumes>9999999</maxVolumes>
<minVolumes>0</minVolumes>
<normalForm>Third</normalForm>
<attributes itemClass="oracle.dbtools.crest.model.design.logical.Attribute">
<Attribute name="numero maquina" id="2FAF3EE9-EAF5-EEA3-D0B9-ACD022357C7D">
<createdBy>Maximiliano</createdBy>
<createdTime>2025-10-09 01:05:10 UTC</createdTime>
<generatorID>32DE47B6-A5F0-F52B-9F39-8722E3007B82</generatorID>
<ownerDesignName>EFT_S9</ownerDesignName>
<engineerTo>
<item key="5276146F-A2C0-1904-4958-B00E54809284" value="true"/>
</engineerTo>
<use>0</use>
<logicalDatatype>LOGDT019</logicalDatatype>
<domain>6B3BE57C-D900-3863-A8E2-7728A60F2D95</domain>
<ownDataTypeParameters>,,</ownDataTypeParameters>
</Attribute>
<Attribute name="PLANTA id planta" id="439FA54B-51EF-1730-7874-9373F0ED6EF2">
<createdBy>Maximiliano</createdBy>
<createdTime>2025-10-09 01:05:10 UTC</createdTime>
<generatorID>F0538FE4-F5A0-27D8-F1A8-EF28D1011DF2</generatorID>
<ownerDesignName>EFT_S9</ownerDesignName>
<engineerTo>
<item key="5276146F-A2C0-1904-4958-B00E54809284" value="true"/>
</engineerTo>
<referedAttribute>2D6F8C70-B45C-365B-6F5C-22074C359F16</referedAttribute>
<use>0</use>
<logicalDatatype>LOGDT019</logicalDatatype>
<domain>6B3BE57C-D900-3863-A8E2-7728A60F2D95</domain>
<ownDataTypeParameters>,,</ownDataTypeParameters>
</Attribute>
<Attribute name="nombre" id="E032F16D-78D6-EFF6-A8E9-5C3DCB0DF8A0">
<createdBy>Maximiliano</createdBy>
<createdTime>2025-10-09 01:05:10 UTC</createdTime>
<generatorID>39A33895-049C-EF20-F83F-2C5CBBBAE9FB</generatorID>
<ownerDesignName>EFT_S9</ownerDesignName>
<engineerTo>
<item key="5276146F-A2C0-1904-4958-B00E54809284" value="true"/>
</engineerTo>
<use>0</use>
<logicalDatatype>LOGDT024</logicalDatatype>
<domain>526F199C-2393-4F76-AC40-18BB5E3ABA4E</domain>
<ownDataTypeParameters>,,</ownDataTypeParameters>
</Attribute>
<Attribute name="activo" id="248D6199-5AAC-6C0A-28B1-5C2C7B7ADA16">
<createdBy>Maximiliano</createdBy>
<createdTime>2025-10-09 01:05:10 UTC</createdTime>
<generatorID>FD99226F-CDC1-4E87-EDEA-8DF3B4B6728A</generatorID>
<ownerDesignName>EFT_S9</ownerDesignName>
<engineerTo>
<item key="5276146F-A2C0-1904-4958-B00E54809284" value="true"/>
</engineerTo>
<use>0</use>
<logicalDatatype>LOGDT025</logicalDatatype>
<domain>493625CC-1852-1A1A-7FBC-C6631C8E3DBD</domain>
<defaultValue>&apos;S&apos;</defaultValue>
<ownDataTypeParameters>,,</ownDataTypeParameters>
</Attribute>
<Attribute name="TIPO MAQUINA id tipo maquina" id="87A7A0C5-7D5E-4CD7-A5AD-5CA609B66688">
<createdBy>Maximiliano</createdBy>
<createdTime>2025-10-09 01:05:10 UTC</createdTime>
<generatorID>CBAB4A55-5A29-3313-C7B2-E32934954A56</generatorID>
<ownerDesignName>EFT_S9</ownerDesignName>
<engineerTo>
<item key="5276146F-A2C0-1904-4958-B00E54809284" value="true"/>
</engineerTo>
<referedAttribute>98AA5510-D9FD-6247-8600-5F82E2E4B91B</referedAttribute>
<use>0</use>
<logicalDatatype>LOGDT019</logicalDatatype>
<domain>8E11A3B8-071E-8162-A9FF-1AE586026A4A</domain>
<ownDataTypeParameters>,,</ownDataTypeParameters>
</Attribute>
</attributes>
<identifiers itemClass="oracle.dbtools.crest.model.design.logical.CandidateKey">
<identifier id="D5383E68-92BD-0067-AD85-1B5AB9727A93" name="MAQUINA_PK">
<createdBy>Maximiliano</createdBy>
<createdTime>2025-10-09 01:05:10 UTC</createdTime>
<generatorID>2A13E225-7273-DE76-BF7C-EB31E1EEB64B</generatorID>
<ownerDesignName>EFT_S9</ownerDesignName>
<engineerTo>
<item key="5276146F-A2C0-1904-4958-B00E54809284" value="true"/>
</engineerTo>
<pk>true</pk>
<usedAttributes>
<attributeRef>2FAF3EE9-EAF5-EEA3-D0B9-ACD022357C7D</attributeRef>
<attributeRef>439FA54B-51EF-1730-7874-9373F0ED6EF2</attributeRef>
</usedAttributes>
</identifier>
</identifiers>
</Entity>