<?xml version = '1.0' encoding = 'UTF-8'?>
<Entity class="oracle.dbtools.crest.model.design.logical.Entity" directorySegmentName="seg_0" id="60E94142-D6F9-A75D-8C69-DF2195D8C496" name="COMUNA">
<createdBy>Maximiliano</createdBy>
<createdTime>2025-10-09 01:05:10 UTC</createdTime>
<generatorID>5668D6B3-B211-1AD5-8A3F-1A7CE950F533</generatorID>
<ownerDesignName>EFT_S9</ownerDesignName>
<engineerTo>
<item key="5276146F-A2C0-1904-4958-B00E54809284" value="true"/>
</engineerTo>
<adequatelyNormalized>NO</adequatelyNormalized>
<expectedVolumes>0</expectedVolumes>
<fwdEngineeringStrategyName>Single Table</fwdEngineeringStrategyName>
<growthPercent>0</growthPercent>
<growthType>Year</growthType>
<maxVolumes>9999999</maxVolumes>
<minVolumes>0</minVolumes>
<normalForm>Third</normalForm>
<attributes itemClass="oracle.dbtools.crest.model.design.logical.Attribute">
<Attribute name="id comuna" id="DA81759C-CAE5-2E71-F4CA-0C410975D17C">
<createdBy>Maximiliano</createdBy>
<createdTime>2025-10-09 01:05:10 UTC</createdTime>
<generatorID>51699C20-CAD9-5660-DCBD-8FABF8054A77</generatorID>
<ownerDesignName>EFT_S9</ownerDesignName>
<engineerTo>
<item key="5276146F-A2C0-1904-4958-B00E54809284" value="true"/>
</engineerTo>
<use>0</use>
<logicalDatatype>LOGDT019</logicalDatatype>
<domain>6B3BE57C-D900-3863-A8E2-7728A60F2D95</domain>
<ownDataTypeParameters>,,</ownDataTypeParameters>
</Attribute>
<Attribute name="nombre" id="244A0A69-442C-F61B-53AC-D07B6480D70C">
<createdBy>Maximiliano</createdBy>
<createdTime>2025-10-09 01:05:10 UTC</createdTime>
<generatorID>4E73CB7E-2443-8AF8-0205-33F376991F65</generatorID>
<ownerDesignName>EFT_S9</ownerDesignName>
<engineerTo>
<item key="5276146F-A2C0-1904-4958-B00E54809284" value="true"/>
</engineerTo>
<use>0</use>
<logicalDatatype>LOGDT024</logicalDatatype>
<domain>70348752-3BCF-7564-5F42-9CBA97E881CF</domain>
<ownDataTypeParameters>,,</ownDataTypeParameters>
</Attribute>
<Attribute name="REGION id region" id="D406D0C3-EFA3-4783-B339-7CF0C13EAB84">
<createdBy>Maximiliano</createdBy>
<createdTime>2025-10-09 01:05:10 UTC</createdTime>
<generatorID>339A2342-E4B2-B521-AC00-E24E0F59CBD9</generatorID>
<ownerDesignName>EFT_S9</ownerDesignName>
<engineerTo>
<item key="5276146F-A2C0-1904-4958-B00E54809284" value="true"/>
</engineerTo>
<referedAttribute>DE3F1AEB-9730-1F70-BFE1-FB70C78D4B3D</referedAttribute>
<use>0</use>
<logicalDatatype>LOGDT019</logicalDatatype>
<domain>8E11A3B8-071E-8162-A9FF-1AE586026A4A</domain>
<ownDataTypeParameters>,,</ownDataTypeParameters>
</Attribute>
</attributes>
<identifiers itemClass="oracle.dbtools.crest.model.design.logical.CandidateKey">
<identifier id="E92D1664-C083-C3C5-60D4-E87352427A30" name="COMUNA PK">
<createdBy>Maximiliano</createdBy>
<createdTime>2025-10-09 01:05:10 UTC</createdTime>
<generatorID>3D337586-66F0-CAE9-7D5D-7E16EC902F6C</generatorID>
<ownerDesignName>EFT_S9</ownerDesignName>
<shouldEngineer>false</shouldEngineer>
<engineerTo>
<item key="5276146F-A2C0-1904-4958-B00E54809284" value="false"/>
</engineerTo>
<pk>true</pk>
<usedAttributes>
<attributeRef>DA81759C-CAE5-2E71-F4CA-0C410975D17C</attributeRef>
</usedAttributes>
</identifier>
</identifiers>
</Entity>