<?xml version = '1.0' encoding = 'UTF-8'?>
<Entity class="oracle.dbtools.crest.model.design.logical.Entity" directorySegmentName="seg_0" id="B4F69F13-B0B4-C690-C0EA-E6F784D0FA89" name="ORDEN MANTENCION">
<createdBy>Maximiliano</createdBy>
<createdTime>2025-10-09 01:05:10 UTC</createdTime>
<generatorID>59BF9A13-63AD-A935-F6D2-8F1DA01B7D7D</generatorID>
<ownerDesignName>EFT_S9</ownerDesignName>
<engineerTo>
<item key="5276146F-A2C0-1904-4958-B00E54809284" value="true"/>
</engineerTo>
<adequatelyNormalized>NO</adequatelyNormalized>
<expectedVolumes>0</expectedVolumes>
<fwdEngineeringStrategyName>Single Table</fwdEngineeringStrategyName>
<growthPercent>0</growthPercent>
<growthType>Year</growthType>
<maxVolumes>9999999</maxVolumes>
<minVolumes>0</minVolumes>
<normalForm>Third</normalForm>
<attributes itemClass="oracle.dbtools.crest.model.design.logical.Attribute">
<Attribute name="id orden" id="ACE0C3CA-13B8-0084-2484-C4427A90BBA1">
<createdBy>Maximiliano</createdBy>
<createdTime>2025-10-09 01:05:10 UTC</createdTime>
<generatorID>E50B46E8-19C5-414F-4128-D9634E079955</generatorID>
<ownerDesignName>EFT_S9</ownerDesignName>
<engineerTo>
<item key="5276146F-A2C0-1904-4958-B00E54809284" value="true"/>
</engineerTo>
<use>0</use>
<logicalDatatype>LOGDT019</logicalDatatype>
<domain>D1DBF729-555C-82B9-D7FF-99E6072141D6</domain>
<ownDataTypeParameters>,,</ownDataTypeParameters>
</Attribute>
<Attribute name="MAQUINA numero maquina" id="6971644B-8614-BBBD-59C6-1FBBC2D58F8E">
<createdBy>Maximiliano</createdBy>
<createdTime>2025-10-09 01:05:10 UTC</createdTime>
<generatorID>CABAFED5-9965-001E-2FF9-F3439D90E8B8</generatorID>
<ownerDesignName>EFT_S9</ownerDesignName>
<engineerTo>
<item key="5276146F-A2C0-1904-4958-B00E54809284" value="true"/>
</engineerTo>
<referedAttribute>2FAF3EE9-EAF5-EEA3-D0B9-ACD022357C7D</referedAttribute>
<use>0</use>
<logicalDatatype>LOGDT019</logicalDatatype>
<domain>6B3BE57C-D900-3863-A8E2-7728A60F2D95</domain>
<ownDataTypeParameters>,,</ownDataTypeParameters>
</Attribute>
<Attribute name="MAQUINA id planta" id="C66AF4E6-3107-5B5E-BD30-616E89CC9F62">
<createdBy>Maximiliano</createdBy>
<createdTime>2025-10-09 01:05:10 UTC</createdTime>
<generatorID>CABAFED5-9965-001E-2FF9-F3439D90E8B8</generatorID>
<ownerDesignName>EFT_S9</ownerDesignName>
<engineerTo>
<item key="5276146F-A2C0-1904-4958-B00E54809284" value="true"/>
</engineerTo>
<referedAttribute>439FA54B-51EF-1730-7874-9373F0ED6EF2</referedAttribute>
<use>0</use>
<logicalDatatype>LOGDT019</logicalDatatype>
<domain>6B3BE57C-D900-3863-A8E2-7728A60F2D95</domain>
<ownDataTypeParameters>,,</ownDataTypeParameters>
</Attribute>
<Attribute name="fecha programada" id="FF69D026-73C1-45B2-A28E-F2177F0F3180">
<createdBy>Maximiliano</createdBy>
<createdTime>2025-10-09 01:05:10 UTC</createdTime>
<generatorID>96268B4B-C73F-2632-F46C-E9F6C50EA5F7</generatorID>
<ownerDesignName>EFT_S9</ownerDesignName>
<engineerTo>
<item key="5276146F-A2C0-1904-4958-B00E54809284" value="true"/>
</engineerTo>
<use>0</use>
<logicalDatatype>LOGDT007</logicalDatatype>
<domain>F0C02C58-7BDC-AD59-F1B2-07CBFAFEADDC</domain>
<ownDataTypeParameters>,,</ownDataTypeParameters>
</Attribute>
<Attribute name="fecha ejecucion" id="1E8E4ADD-6ACC-EBF9-25E7-DFCE3194AA7E">
<createdBy>Maximiliano</createdBy>
<createdTime>2025-10-09 01:05:10 UTC</createdTime>
<generatorID>10E8D824-A862-2447-F7A8-388007E98BFB</generatorID>
<ownerDesignName>EFT_S9</ownerDesignName>
<engineerTo>
<item key="5276146F-A2C0-1904-4958-B00E54809284" value="true"/>
</engineerTo>
<nullsAllowed>true</nullsAllowed>
<use>0</use>
<logicalDatatype>LOGDT007</logicalDatatype>
<domain>F0C02C58-7BDC-AD59-F1B2-07CBFAFEADDC</domain>
<ownDataTypeParameters>,,</ownDataTypeParameters>
</Attribute>
<Attribute name="descripcion" id="1EA449F9-65B9-48ED-18FB-F0973F7685A9">
<createdBy>Maximiliano</createdBy>
<createdTime>2025-10-09 01:05:10 UTC</createdTime>
<generatorID>72A4254C-6915-591E-8E46-2BA8CA058D52</generatorID>
<ownerDesignName>EFT_S9</ownerDesignName>
<engineerTo>
<item key="5276146F-A2C0-1904-4958-B00E54809284" value="true"/>
</engineerTo>
<nullsAllowed>true</nullsAllowed>
<use>0</use>
<logicalDatatype>LOGDT024</logicalDatatype>
<domain>3209B058-8103-0AC0-6A7C-1AD8D715C5A5</domain>
<ownDataTypeParameters>,,</ownDataTypeParameters>
</Attribute>
<Attribute name="id tecnico" id="90FC830C-C19F-2A39-D1F4-8CD3F81F2E73">
<createdBy>Maximiliano</createdBy>
<createdTime>2025-10-13 00:24:37 UTC</createdTime>
<generatorID>DAA8CF0F-287A-5E34-E664-1A0F842FA50F</generatorID>
<ownerDesignName>EFT_S9</ownerDesignName>
<engineerTo>
<item key="5276146F-A2C0-1904-4958-B00E54809284" value="true"/>
</engineerTo>
<use>0</use>
<logicalDatatype>LOGDT019</logicalDatatype>
<domain>9BCFED1C-894D-30AA-C384-7861D579DB5B</domain>
<ownDataTypeParameters>,,</ownDataTypeParameters>
</Attribute>
<Attribute name="id empleado" id="0C7A3AEC-0979-1781-D5E3-0F5F89191107">
<createdBy>Maximiliano</createdBy>
<createdTime>2025-10-13 00:24:37 UTC</createdTime>
<generatorID>E8234B5A-6B44-1B78-EBC8-7F61F0C0F2E4</generatorID>
<ownerDesignName>EFT_S9</ownerDesignName>
<engineerTo>
<item key="5276146F-A2C0-1904-4958-B00E54809284" value="true"/>
</engineerTo>
<referedAttribute>DA93E6EB-7235-9694-821A-AE454BE284CC</referedAttribute>
<use>0</use>
<logicalDatatype>LOGDT019</logicalDatatype>
<domain>9BCFED1C-894D-30AA-C384-7861D579DB5B</domain>
<ownDataTypeParameters>,,</ownDataTypeParameters>
</Attribute>
</attributes>
<identifiers itemClass="oracle.dbtools.crest.model.design.logical.CandidateKey">
<identifier id="8BC45046-D69B-CCD1-CB82-E837A480E05F" name="ORDEN MANTENCION PK">
<createdBy>Maximiliano</createdBy>
<createdTime>2025-10-09 01:05:10 UTC</createdTime>
<generatorID>E3363984-CFBB-324E-BC57-3AE106BC4D3F</generatorID>
<ownerDesignName>EFT_S9</ownerDesignName>
<shouldEngineer>false</shouldEngineer>
<engineerTo>
<item key="5276146F-A2C0-1904-4958-B00E54809284" value="false"/>
</engineerTo>
<pk>true</pk>
<usedAttributes>
<attributeRef>ACE0C3CA-13B8-0084-2484-C4427A90BBA1</attributeRef>
</usedAttributes>
</identifier>
</identifiers>
</Entity>