<?xml version = '1.0' encoding = 'UTF-8'?>
<Entity class="oracle.dbtools.crest.model.design.logical.Entity" directorySegmentName="seg_0" id="B8B539C4-406F-4912-D75D-30AA4FB28CB8" name="SISTEMA SALUD">
<createdBy>Maximiliano</createdBy>
<createdTime>2025-10-09 01:05:10 UTC</createdTime>
<generatorID>4DC8CEA8-8DCC-6F0C-955B-6AE7A58B4607</generatorID>
<ownerDesignName>EFT_S9</ownerDesignName>
<engineerTo>
<item key="5276146F-A2C0-1904-4958-B00E54809284" value="true"/>
</engineerTo>
<adequatelyNormalized>NO</adequatelyNormalized>
<expectedVolumes>0</expectedVolumes>
<fwdEngineeringStrategyName>Single Table</fwdEngineeringStrategyName>
<growthPercent>0</growthPercent>
<growthType>Year</growthType>
<maxVolumes>9999999</maxVolumes>
<minVolumes>0</minVolumes>
<normalForm>Third</normalForm>
<attributes itemClass="oracle.dbtools.crest.model.design.logical.Attribute">
<Attribute name="id salud" id="0650556A-A7B2-B9F5-298A-EDF4F3C19773">
<createdBy>Maximiliano</createdBy>
<createdTime>2025-10-09 01:05:10 UTC</createdTime>
<generatorID>88377846-F33C-4F92-B5F9-AAF2F7D0AB73</generatorID>
<ownerDesignName>EFT_S9</ownerDesignName>
<engineerTo>
<item key="5276146F-A2C0-1904-4958-B00E54809284" value="true"/>
</engineerTo>
<use>0</use>
<logicalDatatype>LOGDT019</logicalDatatype>
<domain>8E11A3B8-071E-8162-A9FF-1AE586026A4A</domain>
<ownDataTypeParameters>,,</ownDataTypeParameters>
</Attribute>
<Attribute name="nombre" id="90CB7CF9-256B-4E9A-3D7C-81B89C1B19C0">
<createdBy>Maximiliano</createdBy>
<createdTime>2025-10-09 01:05:10 UTC</createdTime>
<generatorID>0DD9340A-9579-8B0C-A2A2-9D5E86171BFC</generatorID>
<ownerDesignName>EFT_S9</ownerDesignName>
<engineerTo>
<item key="5276146F-A2C0-1904-4958-B00E54809284" value="true"/>
</engineerTo>
<use>0</use>
<logicalDatatype>LOGDT024</logicalDatatype>
<domain>A74B5801-15A9-7FC7-9637-F763C37299C7</domain>
<ownDataTypeParameters>,,</ownDataTypeParameters>
</Attribute>
</attributes>
<identifiers itemClass="oracle.dbtools.crest.model.design.logical.CandidateKey">
<identifier id="EE5FD32E-94E0-3C6D-556F-57DCA4AE2F0F" name="SISTEMA SALUD PK">
<createdBy>Maximiliano</createdBy>
<createdTime>2025-10-09 01:05:10 UTC</createdTime>
<generatorID>901D9188-7D81-B684-1ECE-FD642979560A</generatorID>
<ownerDesignName>EFT_S9</ownerDesignName>
<shouldEngineer>false</shouldEngineer>
<engineerTo>
<item key="5276146F-A2C0-1904-4958-B00E54809284" value="false"/>
</engineerTo>
<pk>true</pk>
<usedAttributes>
<attributeRef>0650556A-A7B2-B9F5-298A-EDF4F3C19773</attributeRef>
</usedAttributes>
</identifier>
<identifier id="165E4254-CA58-3AC0-E625-1A077FF82382" name="SISTEMA_SALUD_nombre_UN">
<createdBy>Maximiliano</createdBy>
<createdTime>2025-10-09 01:05:10 UTC</createdTime>
<generatorID>0D07351E-101B-2B7B-F509-38BC89E2600C</generatorID>
<ownerDesignName>EFT_S9</ownerDesignName>
<engineerTo>
<item key="5276146F-A2C0-1904-4958-B00E54809284" value="true"/>
</engineerTo>
<usedAttributes>
<attributeRef>90CB7CF9-256B-4E9A-3D7C-81B89C1B19C0</attributeRef>
</usedAttributes>
</identifier>
</identifiers>
</Entity>