<?xml version = '1.0' encoding = 'UTF-8'?>
<Entity class="oracle.dbtools.crest.model.design.logical.Entity" directorySegmentName="seg_0" id="CAB37D9B-DFC9-9E34-95E9-A991B89D04B5" name="TIPO MAQUINA">
<createdBy>Maximiliano</createdBy>
<createdTime>2025-10-09 01:05:10 UTC</createdTime>
<generatorID>B3D8A5EF-EE12-2584-B117-46CED9EA0177</generatorID>
<ownerDesignName>EFT_S9</ownerDesignName>
<engineerTo>
<item key="5276146F-A2C0-1904-4958-B00E54809284" value="true"/>
</engineerTo>
<adequatelyNormalized>NO</adequatelyNormalized>
<expectedVolumes>0</expectedVolumes>
<fwdEngineeringStrategyName>Single Table</fwdEngineeringStrategyName>
<growthPercent>0</growthPercent>
<growthType>Year</growthType>
<maxVolumes>9999999</maxVolumes>
<minVolumes>0</minVolumes>
<normalForm>Third</normalForm>
<attributes itemClass="oracle.dbtools.crest.model.design.logical.Attribute">
<Attribute name="id tipo maquina" id="98AA5510-D9FD-6247-8600-5F82E2E4B91B">
<createdBy>Maximiliano</createdBy>
<createdTime>2025-10-09 01:05:10 UTC</createdTime>
<generatorID>7B09B3F8-7FE7-F0C3-9890-4E65256A41ED</generatorID>
<ownerDesignName>EFT_S9</ownerDesignName>
<engineerTo>
<item key="5276146F-A2C0-1904-4958-B00E54809284" value="true"/>
</engineerTo>
<use>0</use>
<logicalDatatype>LOGDT019</logicalDatatype>
<domain>8E11A3B8-071E-8162-A9FF-1AE586026A4A</domain>
<ownDataTypeParameters>,,</ownDataTypeParameters>
</Attribute>
<Attribute name="nombre" id="383B7E0B-078D-7EF6-4253-D3A879D3EBF3">
<createdBy>Maximiliano</createdBy>
<createdTime>2025-10-09 01:05:10 UTC</createdTime>
<generatorID>EFDCEDBF-2886-E8D7-8F27-66F4226D0535</generatorID>
<ownerDesignName>EFT_S9</ownerDesignName>
<engineerTo>
<item key="5276146F-A2C0-1904-4958-B00E54809284" value="true"/>
</engineerTo>
<use>0</use>
<logicalDatatype>LOGDT024</logicalDatatype>
<domain>04C001D4-54E1-A65F-3113-37C663DEADD2</domain>
<ownDataTypeParameters>,,</ownDataTypeParameters>
</Attribute>
</attributes>
<identifiers itemClass="oracle.dbtools.crest.model.design.logical.CandidateKey">
<identifier id="F43B6CE1-9C41-2D67-C059-AB0264E230BB" name="TIPO MAQUINA PK">
<createdBy>Maximiliano</createdBy>
<createdTime>2025-10-09 01:05:10 UTC</createdTime>
<generatorID>6304EBA0-E9ED-AC56-F4CF-55FD15D4344E</generatorID>
<ownerDesignName>EFT_S9</ownerDesignName>
<shouldEngineer>false</shouldEngineer>
<engineerTo>
<item key="5276146F-A2C0-1904-4958-B00E54809284" value="false"/>
</engineerTo>
<pk>true</pk>
<usedAttributes>
<attributeRef>98AA5510-D9FD-6247-8600-5F82E2E4B91B</attributeRef>
</usedAttributes>
</identifier>
<identifier id="0F709820-A3F4-6AA5-2BA7-C8B1952787F8" name="TIPO_MAQUINA_nombre_UN">
<createdBy>Maximiliano</createdBy>
<createdTime>2025-10-09 01:05:10 UTC</createdTime>
<generatorID>5E225176-D3A0-23DC-1173-98EF1F80E4A5</generatorID>
<ownerDesignName>EFT_S9</ownerDesignName>
<engineerTo>
<item key="5276146F-A2C0-1904-4958-B00E54809284" value="true"/>
</engineerTo>
<usedAttributes>
<attributeRef>383B7E0B-078D-7EF6-4253-D3A879D3EBF3</attributeRef>
</usedAttributes>
</identifier>
</identifiers>
</Entity>