<?xml version = '1.0' encoding = 'UTF-8'?>
<Entity class="oracle.dbtools.crest.model.design.logical.Entity" directorySegmentName="seg_0" id="F6021772-0F2B-3CD0-4C07-2AC4CAD4EDDE" name="AFP">
<createdBy>Maximiliano</createdBy>
<createdTime>2025-10-09 01:05:10 UTC</createdTime>
<generatorID>E332DE2D-CFE9-13DC-259A-ABB7B826D203</generatorID>
<ownerDesignName>EFT_S9</ownerDesignName>
<engineerTo>
<item key="5276146F-A2C0-1904-4958-B00E54809284" value="true"/>
</engineerTo>
<adequatelyNormalized>NO</adequatelyNormalized>
<expectedVolumes>0</expectedVolumes>
<fwdEngineeringStrategyName>Single Table</fwdEngineeringStrategyName>
<growthPercent>0</growthPercent>
<growthType>Year</growthType>
<maxVolumes>9999999</maxVolumes>
<minVolumes>0</minVolumes>
<normalForm>Third</normalForm>
<attributes itemClass="oracle.dbtools.crest.model.design.logical.Attribute">
<Attribute name="id afp" id="DD783D71-E998-AA14-BB09-6AB08702E3B1">
<createdBy>Maximiliano</createdBy>
<createdTime>2025-10-09 01:05:10 UTC</createdTime>
<generatorID>249F03B9-7770-EB8D-ECA6-765914C33B49</generatorID>
<ownerDesignName>EFT_S9</ownerDesignName>
<engineerTo>
<item key="5276146F-A2C0-1904-4958-B00E54809284" value="true"/>
</engineerTo>
<use>0</use>
<logicalDatatype>LOGDT019</logicalDatatype>
<domain>8E11A3B8-071E-8162-A9FF-1AE586026A4A</domain>
<ownDataTypeParameters>,,</ownDataTypeParameters>
</Attribute>
<Attribute name="nombre" id="BFF9E3A1-EA0B-48D3-981C-B69E3675B1B7">
<createdBy>Maximiliano</createdBy>
<createdTime>2025-10-09 01:05:10 UTC</createdTime>
<generatorID>2C4D6752-9DAC-56A9-E0FF-34AE4E0DFEA7</generatorID>
<ownerDesignName>EFT_S9</ownerDesignName>
<engineerTo>
<item key="5276146F-A2C0-1904-4958-B00E54809284" value="true"/>
</engineerTo>
<use>0</use>
<logicalDatatype>LOGDT024</logicalDatatype>
<domain>A74B5801-15A9-7FC7-9637-F763C37299C7</domain>
<ownDataTypeParameters>,,</ownDataTypeParameters>
</Attribute>
</attributes>
<identifiers itemClass="oracle.dbtools.crest.model.design.logical.CandidateKey">
<identifier id="60B936BC-B9A0-BD4D-D316-2A65547FAC97" name="AFP PK">
<createdBy>Maximiliano</createdBy>
<createdTime>2025-10-09 01:05:10 UTC</createdTime>
<generatorID>DB290780-3F8B-49FA-0663-605B7D90345A</generatorID>
<ownerDesignName>EFT_S9</ownerDesignName>
<shouldEngineer>false</shouldEngineer>
<engineerTo>
<item key="5276146F-A2C0-1904-4958-B00E54809284" value="false"/>
</engineerTo>
<pk>true</pk>
<usedAttributes>
<attributeRef>DD783D71-E998-AA14-BB09-6AB08702E3B1</attributeRef>
</usedAttributes>
</identifier>
<identifier id="C7649B04-F33F-E34A-8E2A-2E391F77D33C" name="AFP_nombre_UN">
<createdBy>Maximiliano</createdBy>
<createdTime>2025-10-09 01:05:10 UTC</createdTime>
<generatorID>DD693A76-2954-813D-4CC5-0B5E0385F3C6</generatorID>
<ownerDesignName>EFT_S9</ownerDesignName>
<engineerTo>
<item key="5276146F-A2C0-1904-4958-B00E54809284" value="true"/>
</engineerTo>
<usedAttributes>
<attributeRef>BFF9E3A1-EA0B-48D3-981C-B69E3675B1B7</attributeRef>
</usedAttributes>
</identifier>
</identifiers>
</Entity>