<?xml version = '1.0' encoding = 'UTF-8'?>
<relationalModel class="oracle.dbtools.crest.model.design.relational.RelationalDesign" name="Relational_1" id="2A1F1061-4E6E-13C8-2A50-934EF980C1BA" mainViewID="45497D70-8978-9C65-E6C2-3DA4C5FB0259">
<createdBy>Maximiliano</createdBy>
<createdTime>2025-08-28 04:19:15 UTC</createdTime>
<ownerDesignName>vivir_mejor</ownerDesignName>
<shouldBeOpen>true</shouldBeOpen>
<selectedRDBMSSite>32076570-2523-435C-2E92-BF29817DFF70</selectedRDBMSSite>
</relationalModel>