<?xml version = '1.0' encoding = 'UTF-8'?>
<relationalModel class="oracle.dbtools.crest.model.design.relational.RelationalDesign" name="Relational_1" id="3BA96587-0676-1345-450D-4C3848D4E3DD" mainViewID="A842DC76-E0A6-EF40-625B-EA3C2743E383">
<createdBy>Maximiliano</createdBy>
<createdTime>2025-08-18 01:51:53 UTC</createdTime>
<ownerDesignName>aeropuerto</ownerDesignName>
<shouldBeOpen>true</shouldBeOpen>
<selectedRDBMSSite>01F6E6D1-21D0-CFBD-ABDD-3988D1813575</selectedRDBMSSite>
<importDDLFileStamps>
<importDDLFileStamp class="oracle.dbtools.crest.imports.DDLFileStamp">
<fileName>aeropuerto.sql</fileName>
<pathName>C:\Users\Maximiliano\Desktop\base de datos</pathName>
<dbType>17</dbType>
</importDDLFileStamp>
</importDDLFileStamps>
</relationalModel>