<?xml version = '1.0' encoding = 'UTF-8'?>
<Relation class="oracle.dbtools.crest.model.design.logical.Relation" name="Relation_6" directorySegmentName="seg_0" id="20C9A536-E75A-A956-9C37-2276671B366D">
<createdBy>Maximiliano</createdBy>
<createdTime>2025-08-25 03:09:23 UTC</createdTime>
<ownerDesignName>aeropuerto_semana_2</ownerDesignName>
<engineerTo>
<item key="B3BEE821-A88E-8514-4924-309F96FB4B4E" value="true"/>
</engineerTo>
<sourcePk>1BC71731-003D-330C-16B7-72A7D64A6AA7</sourcePk>
<identifying>false</identifying>
<optionalSource>false</optionalSource>
<optionalTarget>false</optionalTarget>
<sourceCardinality>1</sourceCardinality>
<sourceEntity>0B04A531-39E0-4FEA-0C70-C4BF316DE0F0</sourceEntity>
<targetCardinalityString>*</targetCardinalityString>
<targetEntity>C938C6CE-C23B-5A94-C63F-4416B6CE1C5A</targetEntity>
<transferable>true</transferable>
<deleteRule>NO ACTION</deleteRule>
</Relation>