<?xml version = '1.0' encoding = 'UTF-8'?>
<Relation class="oracle.dbtools.crest.model.design.logical.Relation" name="Relation_10" directorySegmentName="seg_0" id="24D91733-D624-0828-A8F7-B2119534167C">
<createdBy>Maximiliano</createdBy>
<createdTime>2025-08-25 04:20:20 UTC</createdTime>
<ownerDesignName>aeropuerto_semana_2</ownerDesignName>
<engineerTo>
<item key="B3BEE821-A88E-8514-4924-309F96FB4B4E" value="true"/>
</engineerTo>
<sourcePk>ACEC7009-C739-6F90-9185-CFF4CAF9FEAC</sourcePk>
<identifying>false</identifying>
<optionalSource>false</optionalSource>
<optionalTarget>true</optionalTarget>
<sourceCardinality>1</sourceCardinality>
<sourceEntity>645B0C92-241C-8755-5C87-1D9EA1AB7CD7</sourceEntity>
<targetCardinalityString>*</targetCardinalityString>
<targetEntity>EEC77ED5-150C-A9AD-4F9F-D5A2D299BB16</targetEntity>
<transferable>true</transferable>
<deleteRule>NO ACTION</deleteRule>
</Relation>