<?xml version = '1.0' encoding = 'UTF-8'?>
<Relation class="oracle.dbtools.crest.model.design.logical.Relation" name="Relation_12" directorySegmentName="seg_0" id="5A105EC8-8780-8A6F-6FD0-F2330BEBC050">
<createdBy>Maximiliano</createdBy>
<createdTime>2025-08-26 00:33:45 UTC</createdTime>
<ownerDesignName>aeropuerto_semana_2</ownerDesignName>
<engineerTo>
<item key="B3BEE821-A88E-8514-4924-309F96FB4B4E" value="true"/>
</engineerTo>
<sourcePk>DF0D6ED9-39C1-EFA7-F2CF-C71F3D3FF90B</sourcePk>
<identifying>false</identifying>
<optionalSource>false</optionalSource>
<optionalTarget>true</optionalTarget>
<sourceCardinality>1</sourceCardinality>
<sourceEntity>FCB7BE84-3172-E376-F3F2-FBEDD7C74A15</sourceEntity>
<targetCardinalityString>*</targetCardinalityString>
<targetEntity>EEC77ED5-150C-A9AD-4F9F-D5A2D299BB16</targetEntity>
<transferable>true</transferable>
<deleteRule>NO ACTION</deleteRule>
</Relation>