<?xml version = '1.0' encoding = 'UTF-8'?>
<Relation class="oracle.dbtools.crest.model.design.logical.Relation" name="Relation_9" directorySegmentName="seg_0" id="C52352EB-3F28-81A7-2AB4-498FB5EDF179">
<createdBy>Maximiliano</createdBy>
<createdTime>2025-08-25 04:17:36 UTC</createdTime>
<ownerDesignName>aeropuerto_semana_2</ownerDesignName>
<engineerTo>
<item key="B3BEE821-A88E-8514-4924-309F96FB4B4E" value="true"/>
</engineerTo>
<sourcePk>96FA2879-D40A-64BD-5A16-483E27BC3150</sourcePk>
<identifying>false</identifying>
<optionalSource>true</optionalSource>
<optionalTarget>false</optionalTarget>
<sourceCardinality>1</sourceCardinality>
<sourceEntity>C938C6CE-C23B-5A94-C63F-4416B6CE1C5A</sourceEntity>
<targetCardinalityString>*</targetCardinalityString>
<targetEntity>EEC77ED5-150C-A9AD-4F9F-D5A2D299BB16</targetEntity>
<transferable>true</transferable>
<deleteRule>NO ACTION</deleteRule>
</Relation>