<?xml version = '1.0' encoding = 'UTF-8'?>
<Relation class="oracle.dbtools.crest.model.design.logical.Relation" name="Relation_8" directorySegmentName="seg_0" id="FA429FBF-61E5-4E49-9D98-D234E33732F0">
<createdBy>Maximiliano</createdBy>
<createdTime>2025-08-25 03:51:21 UTC</createdTime>
<ownerDesignName>aeropuerto_semana_2</ownerDesignName>
<engineerTo>
<item key="B3BEE821-A88E-8514-4924-309F96FB4B4E" value="true"/>
</engineerTo>
<sourcePk>7E1E6213-949B-2B37-FFD8-0CE58B87D9CB</sourcePk>
<identifying>false</identifying>
<optionalSource>false</optionalSource>
<optionalTarget>false</optionalTarget>
<sourceCardinality>1</sourceCardinality>
<sourceEntity>0ECE8AAB-7336-CA8E-2D8A-5777FD24DD28</sourceEntity>
<targetCardinalityString>*</targetCardinalityString>
<targetEntity>FCB7BE84-3172-E376-F3F2-FBEDD7C74A15</targetEntity>
<transferable>true</transferable>
<deleteRule>NO ACTION</deleteRule>
</Relation>