<?xml version = '1.0' encoding = 'UTF-8'?>
<FKArc class="oracle.dbtools.crest.model.design.relational.FKArc" directorySegmentName="seg_0" id="35D9FEDA-3E56-CE9E-7323-C5EAA2D156AE" name="Arc_1">
<createdBy>Maximiliano</createdBy>
<createdTime>2025-09-12 03:22:30 UTC</createdTime>
<ownerDesignName>sumativa semana 4 </ownerDesignName>
<mandatory>false</mandatory>
<reverseArc>true</reverseArc>
<table>C818F833-973F-994B-1953-3FD9FF00F255</table>
<fkeys>
<fkeyID>E870EA60-5FAD-3438-CE8F-EFC0D2361D32</fkeyID>
<fkeyID>D63268C7-1D7B-4DB3-B4E4-7E81B9E977B2</fkeyID>
<fkeyID>B3A891A7-7A10-9F1E-3817-0745E2BACDA2</fkeyID>
</fkeys>
</FKArc>