<?xml version = '1.0' encoding = 'UTF-8'?>
<Entity class="oracle.dbtools.crest.model.design.logical.Entity" directorySegmentName="seg_0" id="37AEB6F3-A1F2-A5BC-CED3-4EE3E5FABDFE" name="Vuelo">
<createdBy>Maximiliano</createdBy>
<createdTime>2025-08-18 17:28:30 UTC</createdTime>
<ownerDesignName>BT&amp;Airways</ownerDesignName>
<engineerTo>
<item key="3BA96587-0676-1345-450D-4C3848D4E3DD" value="true"/>
</engineerTo>
<adequatelyNormalized>NO</adequatelyNormalized>
<expectedVolumes>0</expectedVolumes>
<fwdEngineeringStrategyName>Single Table</fwdEngineeringStrategyName>
<growthPercent>0</growthPercent>
<growthType>Year</growthType>
<maxVolumes>9999999</maxVolumes>
<minVolumes>0</minVolumes>
<normalForm>Third</normalForm>
<attributes itemClass="oracle.dbtools.crest.model.design.logical.Attribute">
<Attribute name="vuelo_id" id="DAEE43AC-CF10-1DE0-7E1C-5086551CE6EF">
<createdBy>Maximiliano</createdBy>
<createdTime>2025-08-18 17:28:39 UTC</createdTime>
<ownerDesignName>BT&amp;Airways</ownerDesignName>
<engineerTo>
<item key="3BA96587-0676-1345-450D-4C3848D4E3DD" value="true"/>
</engineerTo>
<useDomainConstraints>false</useDomainConstraints>
<use>1</use>
<ownDataTypeParameters>,,</ownDataTypeParameters>
</Attribute>
<Attribute name="numero_vuelo" id="110FC5DC-AB97-62AF-ED10-8BEF83C97CCC">
<createdBy>Maximiliano</createdBy>
<createdTime>2025-08-18 17:29:00 UTC</createdTime>
<ownerDesignName>BT&amp;Airways</ownerDesignName>
<engineerTo>
<item key="3BA96587-0676-1345-450D-4C3848D4E3DD" value="true"/>
</engineerTo>
<useDomainConstraints>false</useDomainConstraints>
<use>1</use>
<logicalDatatype>LOGDT024</logicalDatatype>
<dataTypeSize>10</dataTypeSize>
<ownDataTypeParameters>10,,</ownDataTypeParameters>
</Attribute>
<Attribute name="aeropuero_origen_id" id="9FB2635C-127A-EF64-A59F-3AEBA6D6B949">
<createdBy>Maximiliano</createdBy>
<createdTime>2025-08-18 17:29:42 UTC</createdTime>
<ownerDesignName>BT&amp;Airways</ownerDesignName>
<engineerTo>
<item key="3BA96587-0676-1345-450D-4C3848D4E3DD" value="true"/>
</engineerTo>
<useDomainConstraints>false</useDomainConstraints>
<use>1</use>
<ownDataTypeParameters>,,</ownDataTypeParameters>
</Attribute>
<Attribute name="aeropuerto_destino_id" id="C5A3367F-6C42-FA5B-7663-2AAFFE01D455">
<createdBy>Maximiliano</createdBy>
<createdTime>2025-08-18 17:30:04 UTC</createdTime>
<ownerDesignName>BT&amp;Airways</ownerDesignName>
<engineerTo>
<item key="3BA96587-0676-1345-450D-4C3848D4E3DD" value="true"/>
</engineerTo>
<use>0</use>
<ownDataTypeParameters>,,</ownDataTypeParameters>
</Attribute>
<Attribute name="fecha_despegue" id="2B5574B4-1903-67EE-A077-EC1303318EE2">
<createdBy>Maximiliano</createdBy>
<createdTime>2025-08-18 17:30:35 UTC</createdTime>
<ownerDesignName>BT&amp;Airways</ownerDesignName>
<engineerTo>
<item key="3BA96587-0676-1345-450D-4C3848D4E3DD" value="true"/>
</engineerTo>
<useDomainConstraints>false</useDomainConstraints>
<use>1</use>
<logicalDatatype>LOGDT007</logicalDatatype>
<ownDataTypeParameters>,,</ownDataTypeParameters>
</Attribute>
<Attribute name="fecha_llegada" id="4859C020-0A16-1A9C-9D12-29FA5A4AD6B2">
<createdBy>Maximiliano</createdBy>
<createdTime>2025-08-18 17:30:54 UTC</createdTime>
<ownerDesignName>BT&amp;Airways</ownerDesignName>
<engineerTo>
<item key="3BA96587-0676-1345-450D-4C3848D4E3DD" value="true"/>
</engineerTo>
<useDomainConstraints>false</useDomainConstraints>
<use>1</use>
<logicalDatatype>LOGDT007</logicalDatatype>
<ownDataTypeParameters>,,</ownDataTypeParameters>
</Attribute>
<Attribute name="hora_salida" id="9E1031B1-C548-D72C-6CD3-6AA656A920FA">
<createdBy>Maximiliano</createdBy>
<createdTime>2025-08-18 17:31:11 UTC</createdTime>
<ownerDesignName>BT&amp;Airways</ownerDesignName>
<engineerTo>
<item key="3BA96587-0676-1345-450D-4C3848D4E3DD" value="true"/>
</engineerTo>
<useDomainConstraints>false</useDomainConstraints>
<use>1</use>
<ownDataTypeParameters>,,</ownDataTypeParameters>
</Attribute>
<Attribute name="aeropuerto_id" id="A8C1D489-2186-1B72-B0F5-6870CF081485">
<createdBy>Maximiliano</createdBy>
<createdTime>2025-08-18 19:37:57 UTC</createdTime>
<generatorID>E3D2641F-25D1-F999-0B5E-992FA3A9B80E</generatorID>
<ownerDesignName>BT&amp;Airways</ownerDesignName>
<engineerTo>
<item key="3BA96587-0676-1345-450D-4C3848D4E3DD" value="true"/>
</engineerTo>
<referedAttribute>678D3D23-9D30-54EE-C8F9-B725F1418376</referedAttribute>
<use>0</use>
<ownDataTypeParameters>,,</ownDataTypeParameters>
</Attribute>
<Attribute name="aeropuerto_id1" id="EE7DC210-B9DC-2437-CD94-59C667D21068">
<createdBy>Maximiliano</createdBy>
<createdTime>2025-08-18 19:37:57 UTC</createdTime>
<generatorID>E96D1D45-E586-5789-5831-EAD4DC4C7FA2</generatorID>
<ownerDesignName>BT&amp;Airways</ownerDesignName>
<engineerTo>
<item key="3BA96587-0676-1345-450D-4C3848D4E3DD" value="true"/>
</engineerTo>
<referedAttribute>678D3D23-9D30-54EE-C8F9-B725F1418376</referedAttribute>
<use>0</use>
<ownDataTypeParameters>,,</ownDataTypeParameters>
</Attribute>
</attributes>
<identifiers itemClass="oracle.dbtools.crest.model.design.logical.CandidateKey">
<identifier id="342EBA8A-80FE-4DBD-278F-B0D153FDB8ED" name="Vuelo PK">
<createdBy>Maximiliano</createdBy>
<createdTime>2025-08-18 19:37:22 UTC</createdTime>
<ownerDesignName>BT&amp;Airways</ownerDesignName>
<engineerTo>
<item key="3BA96587-0676-1345-450D-4C3848D4E3DD" value="true"/>
</engineerTo>
<pk>true</pk>
<usedAttributes>
<attributeRef>DAEE43AC-CF10-1DE0-7E1C-5086551CE6EF</attributeRef>
<attributeRef>EE7DC210-B9DC-2437-CD94-59C667D21068</attributeRef>
</usedAttributes>
</identifier>
</identifiers>
</Entity>