<?xml version = '1.0' encoding = 'UTF-8'?>
<Entity class="oracle.dbtools.crest.model.design.logical.Entity" directorySegmentName="seg_0" id="46AA9323-816E-71F9-0C54-B5BE9C7B24FE" name="Pasajero">
<createdBy>Maximiliano</createdBy>
<createdTime>2025-08-18 16:55:10 UTC</createdTime>
<ownerDesignName>BT&amp;Airways</ownerDesignName>
<engineerTo>
<item key="3BA96587-0676-1345-450D-4C3848D4E3DD" value="true"/>
</engineerTo>
<adequatelyNormalized>NO</adequatelyNormalized>
<expectedVolumes>0</expectedVolumes>
<fwdEngineeringStrategyName>Single Table</fwdEngineeringStrategyName>
<growthPercent>0</growthPercent>
<growthType>Year</growthType>
<maxVolumes>9999999</maxVolumes>
<minVolumes>0</minVolumes>
<normalForm>Third</normalForm>
<attributes itemClass="oracle.dbtools.crest.model.design.logical.Attribute">
<Attribute name="pasajero id" id="4D5D3966-DACA-2C67-6EBC-840E42834410">
<createdBy>Maximiliano</createdBy>
<createdTime>2025-08-18 16:55:31 UTC</createdTime>
<ownerDesignName>BT&amp;Airways</ownerDesignName>
<engineerTo>
<item key="3BA96587-0676-1345-450D-4C3848D4E3DD" value="true"/>
</engineerTo>
<useDomainConstraints>false</useDomainConstraints>
<use>1</use>
<ownDataTypeParameters>,,</ownDataTypeParameters>
</Attribute>
<Attribute name="doc_tiop " id="AF5A7E4C-1D4D-CB7B-3B6E-F89A654E8C7B">
<createdBy>Maximiliano</createdBy>
<createdTime>2025-08-18 16:59:55 UTC</createdTime>
<ownerDesignName>BT&amp;Airways</ownerDesignName>
<engineerTo>
<item key="3BA96587-0676-1345-450D-4C3848D4E3DD" value="true"/>
</engineerTo>
<useDomainConstraints>false</useDomainConstraints>
<use>1</use>
<logicalDatatype>LOGDT024</logicalDatatype>
<dataTypeSize>20 BYTE</dataTypeSize>
<ownDataTypeParameters>20 BYTE,,</ownDataTypeParameters>
</Attribute>
<Attribute name="doc_numero" id="730F67D5-7256-C259-5FDA-3CFEE81E7539">
<createdBy>Maximiliano</createdBy>
<createdTime>2025-08-18 17:00:23 UTC</createdTime>
<ownerDesignName>BT&amp;Airways</ownerDesignName>
<engineerTo>
<item key="3BA96587-0676-1345-450D-4C3848D4E3DD" value="true"/>
</engineerTo>
<useDomainConstraints>false</useDomainConstraints>
<use>1</use>
<logicalDatatype>LOGDT024</logicalDatatype>
<dataTypeSize>30 BYTE</dataTypeSize>
<ownDataTypeParameters>30 BYTE,,</ownDataTypeParameters>
</Attribute>
<Attribute name="nombre_completo" id="D55760C2-66D3-8A84-FF7D-C94B6242AAD6">
<createdBy>Maximiliano</createdBy>
<createdTime>2025-08-18 17:01:09 UTC</createdTime>
<ownerDesignName>BT&amp;Airways</ownerDesignName>
<engineerTo>
<item key="3BA96587-0676-1345-450D-4C3848D4E3DD" value="true"/>
</engineerTo>
<useDomainConstraints>false</useDomainConstraints>
<use>1</use>
<logicalDatatype>LOGDT024</logicalDatatype>
<dataTypeSize>120 CHAR</dataTypeSize>
<ownDataTypeParameters>120 CHAR,,</ownDataTypeParameters>
</Attribute>
<Attribute name="nacionalidad" id="349F59D9-274B-329A-CA04-C7C9D09EAD51">
<createdBy>Maximiliano</createdBy>
<createdTime>2025-08-18 17:07:00 UTC</createdTime>
<ownerDesignName>BT&amp;Airways</ownerDesignName>
<engineerTo>
<item key="3BA96587-0676-1345-450D-4C3848D4E3DD" value="true"/>
</engineerTo>
<useDomainConstraints>false</useDomainConstraints>
<use>1</use>
<logicalDatatype>LOGDT024</logicalDatatype>
<dataTypeSize>60 CHAR</dataTypeSize>
<ownDataTypeParameters>60 CHAR,,</ownDataTypeParameters>
</Attribute>
<Attribute name="telefono_contacto" id="FADE0FAC-58A0-5506-9942-C4D9AB669ED7">
<createdBy>Maximiliano</createdBy>
<createdTime>2025-08-18 17:11:52 UTC</createdTime>
<ownerDesignName>BT&amp;Airways</ownerDesignName>
<engineerTo>
<item key="3BA96587-0676-1345-450D-4C3848D4E3DD" value="true"/>
</engineerTo>
<nullsAllowed>true</nullsAllowed>
<useDomainConstraints>false</useDomainConstraints>
<use>1</use>
<logicalDatatype>LOGDT024</logicalDatatype>
<dataTypeSize>30 BYTE</dataTypeSize>
<ownDataTypeParameters>30 BYTE,,</ownDataTypeParameters>
</Attribute>
<Attribute name="email_contacto" id="B4C6F4C4-95F6-EF45-5ADA-9A145142E15D">
<createdBy>Maximiliano</createdBy>
<createdTime>2025-08-18 17:12:31 UTC</createdTime>
<ownerDesignName>BT&amp;Airways</ownerDesignName>
<engineerTo>
<item key="3BA96587-0676-1345-450D-4C3848D4E3DD" value="true"/>
</engineerTo>
<nullsAllowed>true</nullsAllowed>
<useDomainConstraints>false</useDomainConstraints>
<use>1</use>
<logicalDatatype>LOGDT024</logicalDatatype>
<dataTypeSize>120 BYTE</dataTypeSize>
<ownDataTypeParameters>120 BYTE,,</ownDataTypeParameters>
</Attribute>
</attributes>
<identifiers itemClass="oracle.dbtools.crest.model.design.logical.CandidateKey">
<identifier id="8FFD9DC7-9E85-9B87-3446-B53E68AB9BCE" name="Pasajero PK">
<createdBy>Maximiliano</createdBy>
<createdTime>2025-08-18 17:34:18 UTC</createdTime>
<ownerDesignName>BT&amp;Airways</ownerDesignName>
<engineerTo>
<item key="3BA96587-0676-1345-450D-4C3848D4E3DD" value="true"/>
</engineerTo>
<pk>true</pk>
<usedAttributes>
<attributeRef>4D5D3966-DACA-2C67-6EBC-840E42834410</attributeRef>
</usedAttributes>
</identifier>
</identifiers>
</Entity>