<?xml version = '1.0' encoding = 'UTF-8'?>
<Entity class="oracle.dbtools.crest.model.design.logical.Entity" directorySegmentName="seg_0" id="9CE2A3BB-6F91-F719-21DA-945492F542DC" name="Reserva">
<createdBy>Maximiliano</createdBy>
<createdTime>2025-08-18 16:40:47 UTC</createdTime>
<ownerDesignName>BT&amp;Airways</ownerDesignName>
<engineerTo>
<item key="3BA96587-0676-1345-450D-4C3848D4E3DD" value="true"/>
</engineerTo>
<adequatelyNormalized>NO</adequatelyNormalized>
<expectedVolumes>0</expectedVolumes>
<fwdEngineeringStrategyName>Single Table</fwdEngineeringStrategyName>
<growthPercent>0</growthPercent>
<growthType>Year</growthType>
<maxVolumes>9999999</maxVolumes>
<minVolumes>0</minVolumes>
<normalForm>Third</normalForm>
<attributes itemClass="oracle.dbtools.crest.model.design.logical.Attribute">
<Attribute name="reserva_id" id="ACC9D5AD-38C2-6084-4437-C836D46F9166">
<createdBy>Maximiliano</createdBy>
<createdTime>2025-08-18 16:43:29 UTC</createdTime>
<ownerDesignName>BT&amp;Airways</ownerDesignName>
<engineerTo>
<item key="3BA96587-0676-1345-450D-4C3848D4E3DD" value="true"/>
</engineerTo>
<use>0</use>
<ownDataTypeParameters>,,</ownDataTypeParameters>
</Attribute>
<Attribute name="numero_reserva" id="39895938-F4D9-7D11-5A73-DAC2E7F1B076">
<createdBy>Maximiliano</createdBy>
<createdTime>2025-08-18 16:44:09 UTC</createdTime>
<ownerDesignName>BT&amp;Airways</ownerDesignName>
<engineerTo>
<item key="3BA96587-0676-1345-450D-4C3848D4E3DD" value="true"/>
</engineerTo>
<useDomainConstraints>false</useDomainConstraints>
<use>1</use>
<logicalDatatype>LOGDT024</logicalDatatype>
<dataTypeSize>20</dataTypeSize>
<ownDataTypeParameters>20,,</ownDataTypeParameters>
</Attribute>
<Attribute name="fecha_reserva" id="89202185-4956-5E74-5527-E04BD7BD50AD">
<createdBy>Maximiliano</createdBy>
<createdTime>2025-08-18 16:44:50 UTC</createdTime>
<ownerDesignName>BT&amp;Airways</ownerDesignName>
<engineerTo>
<item key="3BA96587-0676-1345-450D-4C3848D4E3DD" value="true"/>
</engineerTo>
<nullsAllowed>true</nullsAllowed>
<useDomainConstraints>false</useDomainConstraints>
<use>1</use>
<logicalDatatype>LOGDT047</logicalDatatype>
<ownDataTypeParameters>,,</ownDataTypeParameters>
</Attribute>
<Attribute name="fecha_viaje" id="0B6EE4BA-C754-DC59-80EE-4CE19E58025F">
<createdBy>Maximiliano</createdBy>
<createdTime>2025-08-18 16:51:17 UTC</createdTime>
<ownerDesignName>BT&amp;Airways</ownerDesignName>
<engineerTo>
<item key="3BA96587-0676-1345-450D-4C3848D4E3DD" value="true"/>
</engineerTo>
<useDomainConstraints>false</useDomainConstraints>
<use>1</use>
<logicalDatatype>LOGDT007</logicalDatatype>
<ownDataTypeParameters>,,</ownDataTypeParameters>
</Attribute>
<Attribute name="estado " id="18EA793A-C958-1328-2D81-0F320A65939B">
<createdBy>Maximiliano</createdBy>
<createdTime>2025-08-18 16:51:55 UTC</createdTime>
<ownerDesignName>BT&amp;Airways</ownerDesignName>
<engineerTo>
<item key="3BA96587-0676-1345-450D-4C3848D4E3DD" value="true"/>
</engineerTo>
<useDomainConstraints>false</useDomainConstraints>
<use>1</use>
<logicalDatatype>LOGDT024</logicalDatatype>
<dataTypeSize>10 CHAR</dataTypeSize>
<ownDataTypeParameters>10 CHAR,,</ownDataTypeParameters>
</Attribute>
<Attribute name="pasajero_id" id="FF850995-FDB2-68FE-D72A-29AAE0D792EC">
<createdBy>Maximiliano</createdBy>
<createdTime>2025-08-18 16:53:02 UTC</createdTime>
<ownerDesignName>BT&amp;Airways</ownerDesignName>
<engineerTo>
<item key="3BA96587-0676-1345-450D-4C3848D4E3DD" value="true"/>
</engineerTo>
<useDomainConstraints>false</useDomainConstraints>
<use>1</use>
<ownDataTypeParameters>,,</ownDataTypeParameters>
</Attribute>
<Attribute name="empleado_id" id="F3577283-A998-F33A-9265-4D79CC91B340">
<createdBy>Maximiliano</createdBy>
<createdTime>2025-08-18 16:53:31 UTC</createdTime>
<ownerDesignName>BT&amp;Airways</ownerDesignName>
<engineerTo>
<item key="3BA96587-0676-1345-450D-4C3848D4E3DD" value="true"/>
</engineerTo>
<useDomainConstraints>false</useDomainConstraints>
<use>1</use>
<ownDataTypeParameters>,,</ownDataTypeParameters>
</Attribute>
<Attribute name="vuelo_id" id="A670A99B-946C-E20D-B02B-69B10E6E9127">
<createdBy>Maximiliano</createdBy>
<createdTime>2025-08-18 16:53:54 UTC</createdTime>
<ownerDesignName>BT&amp;Airways</ownerDesignName>
<engineerTo>
<item key="3BA96587-0676-1345-450D-4C3848D4E3DD" value="true"/>
</engineerTo>
<useDomainConstraints>false</useDomainConstraints>
<use>1</use>
<ownDataTypeParameters>,,</ownDataTypeParameters>
</Attribute>
<Attribute name="pasajero id" id="F3F1B6A6-1B62-D989-645B-409DEB86A554">
<createdBy>Maximiliano</createdBy>
<createdTime>2025-08-18 19:34:46 UTC</createdTime>
<generatorID>8FA96C17-4E7D-E24A-D6B8-63BC5DC0C4CE</generatorID>
<ownerDesignName>BT&amp;Airways</ownerDesignName>
<engineerTo>
<item key="3BA96587-0676-1345-450D-4C3848D4E3DD" value="true"/>
</engineerTo>
<referedAttribute>4D5D3966-DACA-2C67-6EBC-840E42834410</referedAttribute>
<useDomainConstraints>false</useDomainConstraints>
<use>1</use>
<ownDataTypeParameters>,,</ownDataTypeParameters>
</Attribute>
<Attribute name="empleado id" id="836E0265-C4DF-F1DF-7ABC-972165670706">
<createdBy>Maximiliano</createdBy>
<createdTime>2025-08-18 19:36:01 UTC</createdTime>
<generatorID>88D22C12-4D48-98C9-CEA1-F49A20445225</generatorID>
<ownerDesignName>BT&amp;Airways</ownerDesignName>
<engineerTo>
<item key="3BA96587-0676-1345-450D-4C3848D4E3DD" value="true"/>
</engineerTo>
<referedAttribute>8DCC2E24-B5C2-A98F-DFD1-98CDEED69D68</referedAttribute>
<useDomainConstraints>false</useDomainConstraints>
<use>1</use>
<ownDataTypeParameters>,,</ownDataTypeParameters>
</Attribute>
<Attribute name="vuelo_id1" id="2BD5CF39-2D7B-0941-B306-54BD6F6D61AE">
<createdBy>Maximiliano</createdBy>
<createdTime>2025-08-18 19:37:35 UTC</createdTime>
<generatorID>63A5CC33-12E7-AD87-70C6-547661E9291A</generatorID>
<ownerDesignName>BT&amp;Airways</ownerDesignName>
<engineerTo>
<item key="3BA96587-0676-1345-450D-4C3848D4E3DD" value="true"/>
</engineerTo>
<referedAttribute>DAEE43AC-CF10-1DE0-7E1C-5086551CE6EF</referedAttribute>
<useDomainConstraints>false</useDomainConstraints>
<use>1</use>
<ownDataTypeParameters>,,</ownDataTypeParameters>
</Attribute>
<Attribute name="aeropuerto_id1" id="65CA6367-A2D3-990A-881C-5C894D66D45B">
<createdBy>Maximiliano</createdBy>
<createdTime>2025-08-18 19:37:57 UTC</createdTime>
<generatorID>63A5CC33-12E7-AD87-70C6-547661E9291A</generatorID>
<ownerDesignName>BT&amp;Airways</ownerDesignName>
<engineerTo>
<item key="3BA96587-0676-1345-450D-4C3848D4E3DD" value="true"/>
</engineerTo>
<referedAttribute>EE7DC210-B9DC-2437-CD94-59C667D21068</referedAttribute>
<use>0</use>
<ownDataTypeParameters>,,</ownDataTypeParameters>
</Attribute>
</attributes>
<identifiers itemClass="oracle.dbtools.crest.model.design.logical.CandidateKey">
<identifier id="0F371D2A-E298-C57D-DC60-00036A8911C7" name="Reserva PK">
<createdBy>Maximiliano</createdBy>
<createdTime>2025-08-18 16:48:57 UTC</createdTime>
<ownerDesignName>BT&amp;Airways</ownerDesignName>
<engineerTo>
<item key="3BA96587-0676-1345-450D-4C3848D4E3DD" value="true"/>
</engineerTo>
<pk>true</pk>
<usedAttributes>
<attributeRef>ACC9D5AD-38C2-6084-4437-C836D46F9166</attributeRef>
</usedAttributes>
</identifier>
</identifiers>
</Entity>