<?xml version = '1.0' encoding = 'UTF-8'?>
<InheritanceRelation class="oracle.dbtools.crest.model.design.logical.InheritanceRelation" name="Hierarchy_2" directorySegmentName="seg_0" id="189F8484-4CB4-0887-34D8-92120994F853">
<createdBy>Maximiliano</createdBy>
<createdTime>2025-09-12 03:00:02 UTC</createdTime>
<ownerDesignName>sumativa semana 4 </ownerDesignName>
<engineerTo>
<item key="E358AC4B-4BBE-B3C1-6737-F33838CBA445" value="true"/>
</engineerTo>
<arc>FAE898A2-36A1-4D8E-D866-148EDC9CB49E</arc>
<identifying>false</identifying>
<nameOnSource>Super Type</nameOnSource>
<nameOnTarget>Sub Type</nameOnTarget>
<optionalSource>true</optionalSource>
<optionalTarget>true</optionalTarget>
<sourceEntity>F114218D-C6F7-B65D-6EF1-8018C66A3D8F</sourceEntity>
<targetEntity>70A7DC16-7A1B-59EE-95F8-9883D380C87F</targetEntity>
<transferable>true</transferable>
<deleteRule>NO ACTION</deleteRule>
</InheritanceRelation>