<?xml version = '1.0' encoding = 'UTF-8'?>
<InheritanceRelation class="oracle.dbtools.crest.model.design.logical.InheritanceRelation" name="Hierarchy_3" directorySegmentName="seg_0" id="CE327D3D-ABDC-FB29-2ACB-02D5DCDE2260">
<createdBy>Maximiliano</createdBy>
<createdTime>2025-09-12 03:00:12 UTC</createdTime>
<ownerDesignName>sumativa semana 4 </ownerDesignName>
<engineerTo>
<item key="E358AC4B-4BBE-B3C1-6737-F33838CBA445" value="true"/>
</engineerTo>
<arc>FAE898A2-36A1-4D8E-D866-148EDC9CB49E</arc>
<identifying>false</identifying>
<nameOnSource>Super Type</nameOnSource>
<nameOnTarget>Sub Type</nameOnTarget>
<optionalSource>true</optionalSource>
<optionalTarget>true</optionalTarget>
<sourceEntity>F114218D-C6F7-B65D-6EF1-8018C66A3D8F</sourceEntity>
<targetEntity>CC39DBDA-B65D-1C95-D57F-4FF9CF5BDF01</targetEntity>
<transferable>true</transferable>
<deleteRule>NO ACTION</deleteRule>
</InheritanceRelation>