<?xml version = '1.0' encoding = 'UTF-8'?>
<Table class="oracle.dbtools.crest.model.design.relational.Table" directorySegmentName="seg_0" id="20EFB0C9-57CA-2124-0563-4461DCB17BFA" name="ASIGNACION_TURNO">
<sourceDDLFile>probrando.SQL</sourceDDLFile>
<createdBy>Maximiliano</createdBy>
<createdTime>2025-10-09 00:49:50 UTC</createdTime>
<ownerDesignName>EFT_S9</ownerDesignName>
<importedID>499BAF6B-572C-B104-C6D1-62BE81F2DE2F</importedID>
<allowColumnReorder>false</allowColumnReorder>
<existDependencyGenerateInDDl>true</existDependencyGenerateInDDl>
<parsed>true</parsed>
<columns itemClass="oracle.dbtools.crest.model.design.relational.Column">
<Column name="id_asignacion" id="BA486A15-8BF1-6302-EF9D-455FE97A9236">
<sourceDDLFile>probrando.SQL</sourceDDLFile>
<createdBy>Maximiliano</createdBy>
<createdTime>2025-10-09 00:49:50 UTC</createdTime>
<ownerDesignName>EFT_S9</ownerDesignName>
<importedID>C504E803-D3A7-DF8F-8478-39BAB4D06C23</importedID>
<use>0</use>
<logicalDatatype>LOGDT019</logicalDatatype>
<domain>B8137D66-6A67-6E4B-04BB-46D9F38D11F1</domain>
<ownDataTypeParameters>,,</ownDataTypeParameters>
<autoIncrementCycle>false</autoIncrementCycle>
</Column>
<Column name="fecha" id="FD16BB74-E572-2758-D803-1C3EADC6531F">
<sourceDDLFile>probrando.SQL</sourceDDLFile>
<createdBy>Maximiliano</createdBy>
<createdTime>2025-10-09 00:49:50 UTC</createdTime>
<ownerDesignName>EFT_S9</ownerDesignName>
<importedID>BE10FEB9-29B9-7BD9-EAF8-D7EB30CF8D6E</importedID>
<use>0</use>
<logicalDatatype>LOGDT007</logicalDatatype>
<domain>F0C02C58-7BDC-AD59-F1B2-07CBFAFEADDC</domain>
<ownDataTypeParameters>,,</ownDataTypeParameters>
<autoIncrementCycle>false</autoIncrementCycle>
</Column>
<Column name="EMPLEADO_id_empleado" id="EB46C84B-0259-70DB-F5E0-56D98617972E">
<sourceDDLFile>probrando.SQL</sourceDDLFile>
<createdBy>Maximiliano</createdBy>
<createdTime>2025-10-09 00:49:50 UTC</createdTime>
<ownerDesignName>EFT_S9</ownerDesignName>
<importedID>9B931423-DDB2-87AF-5B58-C6A484C26C98</importedID>
<use>0</use>
<logicalDatatype>LOGDT019</logicalDatatype>
<domain>9BCFED1C-894D-30AA-C384-7861D579DB5B</domain>
<ownDataTypeParameters>,,</ownDataTypeParameters>
<autoIncrementCycle>false</autoIncrementCycle>
<associations>
<colAssociation fkAssociation="B2AEB4C7-0CF8-2C2B-320A-28ED8BA6D1EB" referredColumn="5BD2EA18-16E1-AAB7-F76C-112A97F59B02"/>
</associations>
</Column>
<Column name="TURNO_id_turno" id="C79F159F-0F69-B0DB-0B5B-3BE10FACD2E6">
<sourceDDLFile>probrando.SQL</sourceDDLFile>
<createdBy>Maximiliano</createdBy>
<createdTime>2025-10-09 00:49:50 UTC</createdTime>
<ownerDesignName>EFT_S9</ownerDesignName>
<importedID>83E0AF55-5BC4-310E-BA74-DBDDFA4070AE</importedID>
<use>0</use>
<logicalDatatype>LOGDT019</logicalDatatype>
<domain>8E11A3B8-071E-8162-A9FF-1AE586026A4A</domain>
<ownDataTypeParameters>,,</ownDataTypeParameters>
<autoIncrementCycle>false</autoIncrementCycle>
<associations>
<colAssociation fkAssociation="92B623CF-2BB5-2A48-66B9-35DD1E2649D6" referredColumn="9ADC1409-3C06-E4CC-C23E-8B17E16B6248"/>
</associations>
</Column>
<Column name="MAQUINA_numero_maquina" id="5A799C97-4A9B-5636-09ED-2B62DDD20D54">
<sourceDDLFile>probrando.SQL</sourceDDLFile>
<createdBy>Maximiliano</createdBy>
<createdTime>2025-10-09 00:49:50 UTC</createdTime>
<ownerDesignName>EFT_S9</ownerDesignName>
<importedID>77C016FB-61E8-1975-B7F8-7EA8A0E84A56</importedID>
<use>0</use>
<logicalDatatype>LOGDT019</logicalDatatype>
<domain>6B3BE57C-D900-3863-A8E2-7728A60F2D95</domain>
<ownDataTypeParameters>,,</ownDataTypeParameters>
<autoIncrementCycle>false</autoIncrementCycle>
<associations>
<colAssociation fkAssociation="99DACECE-0FBB-0221-6E0A-BF1DCA36A5D6" referredColumn="32DE47B6-A5F0-F52B-9F39-8722E3007B82"/>
</associations>
</Column>
<Column name="MAQUINA_id_planta" id="A4155E46-3B0C-B5F7-D2A2-8F1A4097BDFE">
<sourceDDLFile>probrando.SQL</sourceDDLFile>
<createdBy>Maximiliano</createdBy>
<createdTime>2025-10-09 00:49:50 UTC</createdTime>
<ownerDesignName>EFT_S9</ownerDesignName>
<importedID>D6C509FA-125B-0588-8B9D-C1E3498A881F</importedID>
<use>0</use>
<logicalDatatype>LOGDT019</logicalDatatype>
<domain>6B3BE57C-D900-3863-A8E2-7728A60F2D95</domain>
<ownDataTypeParameters>,,</ownDataTypeParameters>
<autoIncrementCycle>false</autoIncrementCycle>
<associations>
<colAssociation fkAssociation="99DACECE-0FBB-0221-6E0A-BF1DCA36A5D6" referredColumn="B1082206-6BDA-59B1-F854-6CC478406D95"/>
</associations>
</Column>
<Column name="rol_en_turno" id="1C1F1B30-ACB3-4C14-1285-574EB7E2D26B">
<sourceDDLFile>probrando.SQL</sourceDDLFile>
<createdBy>Maximiliano</createdBy>
<createdTime>2025-10-09 00:49:50 UTC</createdTime>
<ownerDesignName>EFT_S9</ownerDesignName>
<importedID>352D807E-E821-FB54-7E8F-E3F77576E152</importedID>
<nullsAllowed>true</nullsAllowed>
<use>0</use>
<logicalDatatype>LOGDT024</logicalDatatype>
<domain>A74B5801-15A9-7FC7-9637-F763C37299C7</domain>
<ownDataTypeParameters>,,</ownDataTypeParameters>
<autoIncrementCycle>false</autoIncrementCycle>
</Column>
</columns>
<indexes itemClass="oracle.dbtools.crest.model.design.relational.Index">
<ind_PK_UK id="7800736C-5D97-77A5-0AAB-856856CBEE46" name="ASIGNACION_TURNO_PK">
<sourceDDLFile>probrando.SQL</sourceDDLFile>
<createdBy>Maximiliano</createdBy>
<createdTime>2025-10-09 00:49:50 UTC</createdTime>
<ownerDesignName>EFT_S9</ownerDesignName>
<importedID>1D0E8BF9-ADA3-EAD7-70ED-ECC71B14414C</importedID>
<pk>true</pk>
<indexState>Primary Constraint</indexState>
<isSurrogateKey>false</isSurrogateKey>
<indexColumnUsage>
<colUsage columnID="BA486A15-8BF1-6302-EF9D-455FE97A9236"/>
</indexColumnUsage>
</ind_PK_UK>
<ind_PK_UK id="33FCAE8E-7081-E323-3DBB-96D6541BFE3C" name="ASIGNACION_TURNO_id_empleado_fecha_UN">
<sourceDDLFile>probrando.SQL</sourceDDLFile>
<createdBy>Maximiliano</createdBy>
<createdTime>2025-10-09 00:49:50 UTC</createdTime>
<ownerDesignName>EFT_S9</ownerDesignName>
<importedID>A2F2D855-BDB6-DC57-9F6C-467C5BE5E6F1</importedID>
<indexState>Unique Constraint</indexState>
<isSurrogateKey>false</isSurrogateKey>
<indexColumnUsage>
<colUsage columnID="EB46C84B-0259-70DB-F5E0-56D98617972E"/>
<colUsage columnID="FD16BB74-E572-2758-D803-1C3EADC6531F"/>
</indexColumnUsage>
</ind_PK_UK>
<ind_PK_UK id="6D66EA89-16A2-CDBF-DEDE-80E1FFDA08BE" name="ASIGNACION_TURNO_EMPLEADO_FK">
<createdBy>Maximiliano</createdBy>
<createdTime>2025-10-09 00:49:50 UTC</createdTime>
<ownerDesignName>EFT_S9</ownerDesignName>
<indexState>Foreign Key</indexState>
<isSurrogateKey>false</isSurrogateKey>
<indexColumnUsage>
<colUsage columnID="EB46C84B-0259-70DB-F5E0-56D98617972E"/>
</indexColumnUsage>
</ind_PK_UK>
<ind_PK_UK id="4FAD7A4F-A3AC-7725-5046-40E557CD7878" name="ASIGNACION_TURNO_MAQUINA_FK">
<createdBy>Maximiliano</createdBy>
<createdTime>2025-10-09 00:49:50 UTC</createdTime>
<ownerDesignName>EFT_S9</ownerDesignName>
<indexState>Foreign Key</indexState>
<isSurrogateKey>false</isSurrogateKey>
<indexColumnUsage>
<colUsage columnID="5A799C97-4A9B-5636-09ED-2B62DDD20D54"/>
<colUsage columnID="A4155E46-3B0C-B5F7-D2A2-8F1A4097BDFE"/>
</indexColumnUsage>
</ind_PK_UK>
<ind_PK_UK id="B8A4EDD3-8355-46D1-BCAE-4439E75AB32B" name="ASIGNACION_TURNO_TURNO_FK">
<createdBy>Maximiliano</createdBy>
<createdTime>2025-10-09 00:49:50 UTC</createdTime>
<ownerDesignName>EFT_S9</ownerDesignName>
<indexState>Foreign Key</indexState>
<isSurrogateKey>false</isSurrogateKey>
<indexColumnUsage>
<colUsage columnID="C79F159F-0F69-B0DB-0B5B-3BE10FACD2E6"/>
</indexColumnUsage>
</ind_PK_UK>
</indexes>
</Table>