<?xml version = '1.0' encoding = 'UTF-8'?>
<Table class="oracle.dbtools.crest.model.design.relational.Table" directorySegmentName="seg_0" id="397ACC84-480F-DE2E-7D87-D8B353A5B402" name="PLANTA">
<sourceDDLFile>probrando.SQL</sourceDDLFile>
<createdBy>Maximiliano</createdBy>
<createdTime>2025-10-09 00:49:50 UTC</createdTime>
<ownerDesignName>EFT_S9</ownerDesignName>
<importedID>799A8F8F-49B1-A020-2B6E-ABF158C92B39</importedID>
<allowColumnReorder>false</allowColumnReorder>
<existDependencyGenerateInDDl>true</existDependencyGenerateInDDl>
<parsed>true</parsed>
<columns itemClass="oracle.dbtools.crest.model.design.relational.Column">
<Column name="id_planta" id="8423FF56-3E94-5774-7031-557A08D72648">
<sourceDDLFile>probrando.SQL</sourceDDLFile>
<createdBy>Maximiliano</createdBy>
<createdTime>2025-10-09 00:49:50 UTC</createdTime>
<ownerDesignName>EFT_S9</ownerDesignName>
<importedID>310591F5-24A1-558B-3D09-37EB1DC72D8D</importedID>
<use>0</use>
<logicalDatatype>LOGDT019</logicalDatatype>
<domain>6B3BE57C-D900-3863-A8E2-7728A60F2D95</domain>
<ownDataTypeParameters>,,</ownDataTypeParameters>
<autoIncrementCycle>false</autoIncrementCycle>
</Column>
<Column name="nombre" id="1E5C5206-DDB2-1F5D-E551-A255379E8905">
<sourceDDLFile>probrando.SQL</sourceDDLFile>
<createdBy>Maximiliano</createdBy>
<createdTime>2025-10-09 00:49:50 UTC</createdTime>
<ownerDesignName>EFT_S9</ownerDesignName>
<importedID>4676B119-F4AC-318C-06FB-31DCCC7CCF46</importedID>
<use>0</use>
<logicalDatatype>LOGDT024</logicalDatatype>
<domain>526F199C-2393-4F76-AC40-18BB5E3ABA4E</domain>
<ownDataTypeParameters>,,</ownDataTypeParameters>
<autoIncrementCycle>false</autoIncrementCycle>
</Column>
<Column name="direccion" id="570B18B7-3798-92A2-203F-55C26CD10049">
<sourceDDLFile>probrando.SQL</sourceDDLFile>
<createdBy>Maximiliano</createdBy>
<createdTime>2025-10-09 00:49:50 UTC</createdTime>
<ownerDesignName>EFT_S9</ownerDesignName>
<importedID>BE50D003-DFBC-9029-2174-AB391C86776D</importedID>
<use>0</use>
<logicalDatatype>LOGDT024</logicalDatatype>
<domain>C2A98CDD-DC8F-4FE5-E845-AF29AE7DE035</domain>
<ownDataTypeParameters>,,</ownDataTypeParameters>
<autoIncrementCycle>false</autoIncrementCycle>
</Column>
<Column name="COMUNA_id_comuna" id="BA8A856D-6902-51F8-AD88-C1F2E89EA53C">
<sourceDDLFile>probrando.SQL</sourceDDLFile>
<createdBy>Maximiliano</createdBy>
<createdTime>2025-10-09 00:49:50 UTC</createdTime>
<ownerDesignName>EFT_S9</ownerDesignName>
<importedID>7644E335-E366-0DBF-4E5D-EE2D7FBD6EA7</importedID>
<use>0</use>
<logicalDatatype>LOGDT019</logicalDatatype>
<domain>6B3BE57C-D900-3863-A8E2-7728A60F2D95</domain>
<ownDataTypeParameters>,,</ownDataTypeParameters>
<autoIncrementCycle>false</autoIncrementCycle>
<associations>
<colAssociation fkAssociation="76D767DF-C5EA-2E41-699E-14595B431435" referredColumn="51699C20-CAD9-5660-DCBD-8FABF8054A77"/>
</associations>
</Column>
</columns>
<indexes itemClass="oracle.dbtools.crest.model.design.relational.Index">
<ind_PK_UK id="C998DEA0-0C48-8D3D-B3A8-9FEB65540C38" name="PLANTA_PK">
<sourceDDLFile>probrando.SQL</sourceDDLFile>
<createdBy>Maximiliano</createdBy>
<createdTime>2025-10-09 00:49:50 UTC</createdTime>
<ownerDesignName>EFT_S9</ownerDesignName>
<importedID>C1AEB817-940E-6E2C-151B-D8A58EF1DC11</importedID>
<pk>true</pk>
<indexState>Primary Constraint</indexState>
<isSurrogateKey>false</isSurrogateKey>
<indexColumnUsage>
<colUsage columnID="8423FF56-3E94-5774-7031-557A08D72648"/>
</indexColumnUsage>
</ind_PK_UK>
<ind_PK_UK id="9594479A-69BE-20A8-F9CA-E3F1AE05F955" name="PLANTA_nombre_UN">
<sourceDDLFile>probrando.SQL</sourceDDLFile>
<createdBy>Maximiliano</createdBy>
<createdTime>2025-10-09 00:49:50 UTC</createdTime>
<ownerDesignName>EFT_S9</ownerDesignName>
<importedID>2A24D0C5-9B51-6542-601E-4DFFC6A74CA6</importedID>
<indexState>Unique Constraint</indexState>
<isSurrogateKey>false</isSurrogateKey>
<indexColumnUsage>
<colUsage columnID="1E5C5206-DDB2-1F5D-E551-A255379E8905"/>
</indexColumnUsage>
</ind_PK_UK>
<ind_PK_UK id="782B69CF-891E-048A-F62E-D545994EE823" name="PLANTA_COMUNA_FK">
<createdBy>Maximiliano</createdBy>
<createdTime>2025-10-09 00:49:50 UTC</createdTime>
<ownerDesignName>EFT_S9</ownerDesignName>
<indexState>Foreign Key</indexState>
<isSurrogateKey>false</isSurrogateKey>
<indexColumnUsage>
<colUsage columnID="BA8A856D-6902-51F8-AD88-C1F2E89EA53C"/>
</indexColumnUsage>
</ind_PK_UK>
</indexes>
</Table>