<?xml version = '1.0' encoding = 'UTF-8'?>
<Table class="oracle.dbtools.crest.model.design.relational.Table" directorySegmentName="seg_0" id="52EABF94-1246-8A55-1142-6F2F1D475C1F" name="MAQUINA">
<sourceDDLFile>probrando.SQL</sourceDDLFile>
<createdBy>Maximiliano</createdBy>
<createdTime>2025-10-09 00:49:50 UTC</createdTime>
<ownerDesignName>EFT_S9</ownerDesignName>
<importedID>69835194-702A-BB17-B39C-00BFB4506800</importedID>
<allowColumnReorder>false</allowColumnReorder>
<existDependencyGenerateInDDl>true</existDependencyGenerateInDDl>
<parsed>true</parsed>
<columns itemClass="oracle.dbtools.crest.model.design.relational.Column">
<Column name="numero_maquina" id="32DE47B6-A5F0-F52B-9F39-8722E3007B82">
<sourceDDLFile>probrando.SQL</sourceDDLFile>
<createdBy>Maximiliano</createdBy>
<createdTime>2025-10-09 00:49:50 UTC</createdTime>
<ownerDesignName>EFT_S9</ownerDesignName>
<importedID>17542894-13B0-1225-6B01-17F71643BDCD</importedID>
<use>0</use>
<logicalDatatype>LOGDT019</logicalDatatype>
<domain>6B3BE57C-D900-3863-A8E2-7728A60F2D95</domain>
<ownDataTypeParameters>,,</ownDataTypeParameters>
<autoIncrementCycle>false</autoIncrementCycle>
</Column>
<Column name="PLANTA_id_planta" id="B1082206-6BDA-59B1-F854-6CC478406D95">
<sourceDDLFile>probrando.SQL</sourceDDLFile>
<createdBy>Maximiliano</createdBy>
<createdTime>2025-10-09 00:49:50 UTC</createdTime>
<ownerDesignName>EFT_S9</ownerDesignName>
<importedID>C42B30D6-2E4B-F27A-1FC9-0C929A4A479A</importedID>
<use>0</use>
<logicalDatatype>LOGDT019</logicalDatatype>
<domain>6B3BE57C-D900-3863-A8E2-7728A60F2D95</domain>
<ownDataTypeParameters>,,</ownDataTypeParameters>
<autoIncrementCycle>false</autoIncrementCycle>
<associations>
<colAssociation fkAssociation="0400611D-07AB-96D3-D99B-C761C2C9E135" referredColumn="8423FF56-3E94-5774-7031-557A08D72648"/>
</associations>
</Column>
<Column name="nombre" id="39A33895-049C-EF20-F83F-2C5CBBBAE9FB">
<sourceDDLFile>probrando.SQL</sourceDDLFile>
<createdBy>Maximiliano</createdBy>
<createdTime>2025-10-09 00:49:50 UTC</createdTime>
<ownerDesignName>EFT_S9</ownerDesignName>
<importedID>AE4C0B25-14B6-9D55-6E6C-029F1D04C417</importedID>
<use>0</use>
<logicalDatatype>LOGDT024</logicalDatatype>
<domain>526F199C-2393-4F76-AC40-18BB5E3ABA4E</domain>
<ownDataTypeParameters>,,</ownDataTypeParameters>
<autoIncrementCycle>false</autoIncrementCycle>
</Column>
<Column name="activo" id="FD99226F-CDC1-4E87-EDEA-8DF3B4B6728A">
<sourceDDLFile>probrando.SQL</sourceDDLFile>
<createdBy>Maximiliano</createdBy>
<createdTime>2025-10-09 00:49:50 UTC</createdTime>
<ownerDesignName>EFT_S9</ownerDesignName>
<importedID>0CE34BBF-6656-E09C-F15F-AF7BC5816226</importedID>
<use>0</use>
<logicalDatatype>LOGDT025</logicalDatatype>
<domain>493625CC-1852-1A1A-7FBC-C6631C8E3DBD</domain>
<defaultValue>&apos;S&apos;</defaultValue>
<ownDataTypeParameters>,,</ownDataTypeParameters>
<autoIncrementCycle>false</autoIncrementCycle>
</Column>
<Column name="TIPO_MAQUINA_id_tipo_maquina" id="5D1BBB22-4824-3C51-78B6-0BE3EFBB2FEA">
<sourceDDLFile>probrando.SQL</sourceDDLFile>
<createdBy>Maximiliano</createdBy>
<createdTime>2025-10-09 00:49:50 UTC</createdTime>
<ownerDesignName>EFT_S9</ownerDesignName>
<importedID>7A56EB5F-743F-2511-5420-783616F451E0</importedID>
<use>0</use>
<logicalDatatype>LOGDT019</logicalDatatype>
<domain>8E11A3B8-071E-8162-A9FF-1AE586026A4A</domain>
<ownDataTypeParameters>,,</ownDataTypeParameters>
<autoIncrementCycle>false</autoIncrementCycle>
<associations>
<colAssociation fkAssociation="58DFE0A1-4322-C5CC-07A8-045A3C5E825D" referredColumn="7B09B3F8-7FE7-F0C3-9890-4E65256A41ED"/>
</associations>
</Column>
</columns>
<indexes itemClass="oracle.dbtools.crest.model.design.relational.Index">
<ind_PK_UK id="2A13E225-7273-DE76-BF7C-EB31E1EEB64B" name="MAQUINA_PK">
<sourceDDLFile>probrando.SQL</sourceDDLFile>
<createdBy>Maximiliano</createdBy>
<createdTime>2025-10-09 00:49:50 UTC</createdTime>
<ownerDesignName>EFT_S9</ownerDesignName>
<importedID>E32032C6-399A-157B-1AAE-AA169DDF185D</importedID>
<pk>true</pk>
<indexState>Primary Constraint</indexState>
<isSurrogateKey>false</isSurrogateKey>
<indexColumnUsage>
<colUsage columnID="32DE47B6-A5F0-F52B-9F39-8722E3007B82"/>
<colUsage columnID="B1082206-6BDA-59B1-F854-6CC478406D95"/>
</indexColumnUsage>
</ind_PK_UK>
<ind_PK_UK id="11051DAB-767C-E50A-BAB2-1DEDE9669180" name="MAQUINA_PLANTA_FK">
<createdBy>Maximiliano</createdBy>
<createdTime>2025-10-09 00:49:50 UTC</createdTime>
<ownerDesignName>EFT_S9</ownerDesignName>
<indexState>Foreign Key</indexState>
<isSurrogateKey>false</isSurrogateKey>
<indexColumnUsage>
<colUsage columnID="B1082206-6BDA-59B1-F854-6CC478406D95"/>
</indexColumnUsage>
</ind_PK_UK>
<ind_PK_UK id="9920086B-CFE2-D743-6D66-BDA3B1DE1F0B" name="MAQUINA_TIPO_MAQUINA_FK">
<createdBy>Maximiliano</createdBy>
<createdTime>2025-10-09 00:49:50 UTC</createdTime>
<ownerDesignName>EFT_S9</ownerDesignName>
<indexState>Foreign Key</indexState>
<isSurrogateKey>false</isSurrogateKey>
<indexColumnUsage>
<colUsage columnID="5D1BBB22-4824-3C51-78B6-0BE3EFBB2FEA"/>
</indexColumnUsage>
</ind_PK_UK>
</indexes>
<tableCheckConstraints itemClass="oracle.dbtools.crest.model.design.constraint.TableLevelConstraint">
<tableCheckConstraint name="ck_maquina_activo" directorySegmentName="seg_0" id="0094EC33-D4CF-8FEA-D231-413B9A542FE5">
<sourceDDLFile>probrando.SQL</sourceDDLFile>
<createdBy>Maximiliano</createdBy>
<createdTime>2025-10-09 00:49:50 UTC</createdTime>
<ownerDesignName>EFT_S9_Maximiliano_Palasezze_Grupo_12</ownerDesignName>
<importedID>C0B137EE-5AB9-87AA-8423-15C9E4C3ED74</importedID>
<rule><![CDATA[activo IN ('S','N')]]></rule>
</tableCheckConstraint>
</tableCheckConstraints>
</Table>