<?xml version = '1.0' encoding = 'UTF-8'?>
<Table class="oracle.dbtools.crest.model.design.relational.Table" directorySegmentName="seg_0" id="5668D6B3-B211-1AD5-8A3F-1A7CE950F533" name="COMUNA">
<sourceDDLFile>probrando.SQL</sourceDDLFile>
<createdBy>Maximiliano</createdBy>
<createdTime>2025-10-09 00:49:50 UTC</createdTime>
<ownerDesignName>EFT_S9</ownerDesignName>
<importedID>28ECB31E-28E6-D13B-4AC4-DE1FD8C5BF3E</importedID>
<allowColumnReorder>false</allowColumnReorder>
<existDependencyGenerateInDDl>true</existDependencyGenerateInDDl>
<parsed>true</parsed>
<columns itemClass="oracle.dbtools.crest.model.design.relational.Column">
<Column name="id_comuna" id="51699C20-CAD9-5660-DCBD-8FABF8054A77">
<sourceDDLFile>probrando.SQL</sourceDDLFile>
<createdBy>Maximiliano</createdBy>
<createdTime>2025-10-09 00:49:50 UTC</createdTime>
<ownerDesignName>EFT_S9</ownerDesignName>
<importedID>9A0755EF-B44A-323B-5668-EDD5CFE72E41</importedID>
<use>0</use>
<logicalDatatype>LOGDT019</logicalDatatype>
<domain>6B3BE57C-D900-3863-A8E2-7728A60F2D95</domain>
<ownDataTypeParameters>,,</ownDataTypeParameters>
<autoIncrementColumn>true</autoIncrementColumn>
<identityColumn>true</identityColumn>
<autoIncrementGenerateAlways>true</autoIncrementGenerateAlways>
<autoIncrementStartWith>1050</autoIncrementStartWith>
<autoIncrementIncrementBy>5</autoIncrementIncrementBy>
<autoIncrementCycle>false</autoIncrementCycle>
<autoIncrementOrder>false</autoIncrementOrder>
</Column>
<Column name="nombre" id="4E73CB7E-2443-8AF8-0205-33F376991F65">
<sourceDDLFile>probrando.SQL</sourceDDLFile>
<createdBy>Maximiliano</createdBy>
<createdTime>2025-10-09 00:49:50 UTC</createdTime>
<ownerDesignName>EFT_S9</ownerDesignName>
<importedID>A3CB3573-F753-EDDA-683D-B5DFFEF9E763</importedID>
<use>0</use>
<logicalDatatype>LOGDT024</logicalDatatype>
<domain>70348752-3BCF-7564-5F42-9CBA97E881CF</domain>
<ownDataTypeParameters>,,</ownDataTypeParameters>
<autoIncrementCycle>false</autoIncrementCycle>
</Column>
<Column name="REGION_id_region" id="A8DC21F1-6401-48CE-CC36-545CF506D596">
<sourceDDLFile>probrando.SQL</sourceDDLFile>
<createdBy>Maximiliano</createdBy>
<createdTime>2025-10-09 00:49:50 UTC</createdTime>
<ownerDesignName>EFT_S9</ownerDesignName>
<importedID>8BD73294-B811-506F-3245-59DF4BDF8F5F</importedID>
<use>0</use>
<logicalDatatype>LOGDT019</logicalDatatype>
<domain>8E11A3B8-071E-8162-A9FF-1AE586026A4A</domain>
<ownDataTypeParameters>,,</ownDataTypeParameters>
<autoIncrementCycle>false</autoIncrementCycle>
<associations>
<colAssociation fkAssociation="A197DFCC-31FD-8956-72E9-3F8FF4105812" referredColumn="8F389FF6-6EB4-A1C4-B8D9-CF9F711DD3AD"/>
</associations>
</Column>
</columns>
<indexes itemClass="oracle.dbtools.crest.model.design.relational.Index">
<ind_PK_UK id="3D337586-66F0-CAE9-7D5D-7E16EC902F6C" name="COMUNA_PK">
<sourceDDLFile>probrando.SQL</sourceDDLFile>
<createdBy>Maximiliano</createdBy>
<createdTime>2025-10-09 00:49:50 UTC</createdTime>
<ownerDesignName>EFT_S9</ownerDesignName>
<importedID>E93A8FE5-35F8-521F-7EDC-390102C6B3C4</importedID>
<pk>true</pk>
<indexState>Primary Constraint</indexState>
<isSurrogateKey>false</isSurrogateKey>
<indexColumnUsage>
<colUsage columnID="51699C20-CAD9-5660-DCBD-8FABF8054A77"/>
</indexColumnUsage>
</ind_PK_UK>
<ind_PK_UK id="7B33090C-D526-7C9F-BE54-F32904D7C1A8" name="COMUNA_REGION_FK">
<createdBy>Maximiliano</createdBy>
<createdTime>2025-10-09 00:49:50 UTC</createdTime>
<ownerDesignName>EFT_S9</ownerDesignName>
<indexState>Foreign Key</indexState>
<isSurrogateKey>false</isSurrogateKey>
<indexColumnUsage>
<colUsage columnID="A8DC21F1-6401-48CE-CC36-545CF506D596"/>
</indexColumnUsage>
</ind_PK_UK>
</indexes>
</Table>