<?xml version = '1.0' encoding = 'UTF-8'?>
<Table class="oracle.dbtools.crest.model.design.relational.Table" directorySegmentName="seg_0" id="59BF9A13-63AD-A935-F6D2-8F1DA01B7D7D" name="ORDEN_MANTENCION">
<sourceDDLFile>probrando.SQL</sourceDDLFile>
<createdBy>Maximiliano</createdBy>
<createdTime>2025-10-09 00:49:50 UTC</createdTime>
<ownerDesignName>EFT_S9</ownerDesignName>
<importedID>0751AF04-FE99-5BC3-BBC7-8B56322A65E4</importedID>
<allowColumnReorder>false</allowColumnReorder>
<existDependencyGenerateInDDl>true</existDependencyGenerateInDDl>
<parsed>true</parsed>
<columns itemClass="oracle.dbtools.crest.model.design.relational.Column">
<Column name="id_orden" id="E50B46E8-19C5-414F-4128-D9634E079955">
<sourceDDLFile>probrando.SQL</sourceDDLFile>
<createdBy>Maximiliano</createdBy>
<createdTime>2025-10-09 00:49:50 UTC</createdTime>
<ownerDesignName>EFT_S9</ownerDesignName>
<importedID>EE916756-911E-E8C9-CD0F-FFB60ED4FB5C</importedID>
<use>0</use>
<logicalDatatype>LOGDT019</logicalDatatype>
<domain>D1DBF729-555C-82B9-D7FF-99E6072141D6</domain>
<ownDataTypeParameters>,,</ownDataTypeParameters>
<autoIncrementCycle>false</autoIncrementCycle>
</Column>
<Column name="MAQUINA_numero_maquina" id="A94F8B0A-39AD-6D4E-D204-893DC0CC5EC8">
<sourceDDLFile>probrando.SQL</sourceDDLFile>
<createdBy>Maximiliano</createdBy>
<createdTime>2025-10-09 00:49:50 UTC</createdTime>
<ownerDesignName>EFT_S9</ownerDesignName>
<importedID>1055E3E0-5FBA-4A50-3B06-2113B59BA59B</importedID>
<use>0</use>
<logicalDatatype>LOGDT019</logicalDatatype>
<domain>6B3BE57C-D900-3863-A8E2-7728A60F2D95</domain>
<ownDataTypeParameters>,,</ownDataTypeParameters>
<autoIncrementCycle>false</autoIncrementCycle>
<associations>
<colAssociation fkAssociation="E8A2FC67-8712-95C3-BB2A-F97F7B65E3EB" referredColumn="32DE47B6-A5F0-F52B-9F39-8722E3007B82"/>
</associations>
</Column>
<Column name="MAQUINA_id_planta" id="BFD2C414-F4F2-B415-7496-8100A8462BB8">
<sourceDDLFile>probrando.SQL</sourceDDLFile>
<createdBy>Maximiliano</createdBy>
<createdTime>2025-10-09 00:49:50 UTC</createdTime>
<ownerDesignName>EFT_S9</ownerDesignName>
<importedID>8302CF43-CACC-C472-D8ED-FF98FF313CA8</importedID>
<use>0</use>
<logicalDatatype>LOGDT019</logicalDatatype>
<domain>6B3BE57C-D900-3863-A8E2-7728A60F2D95</domain>
<ownDataTypeParameters>,,</ownDataTypeParameters>
<autoIncrementCycle>false</autoIncrementCycle>
<associations>
<colAssociation fkAssociation="E8A2FC67-8712-95C3-BB2A-F97F7B65E3EB" referredColumn="B1082206-6BDA-59B1-F854-6CC478406D95"/>
</associations>
</Column>
<Column name="id_tecnico" id="DAA8CF0F-287A-5E34-E664-1A0F842FA50F">
<sourceDDLFile>probrando.SQL</sourceDDLFile>
<createdBy>Maximiliano</createdBy>
<createdTime>2025-10-09 00:49:50 UTC</createdTime>
<ownerDesignName>EFT_S9</ownerDesignName>
<importedID>F84913A8-03D6-185D-3D26-A06F1DC221F0</importedID>
<use>0</use>
<logicalDatatype>LOGDT019</logicalDatatype>
<domain>9BCFED1C-894D-30AA-C384-7861D579DB5B</domain>
<ownDataTypeParameters>,,</ownDataTypeParameters>
<autoIncrementCycle>false</autoIncrementCycle>
</Column>
<Column name="fecha_programada" id="96268B4B-C73F-2632-F46C-E9F6C50EA5F7">
<sourceDDLFile>probrando.SQL</sourceDDLFile>
<createdBy>Maximiliano</createdBy>
<createdTime>2025-10-09 00:49:50 UTC</createdTime>
<ownerDesignName>EFT_S9</ownerDesignName>
<importedID>F0D4EB1B-FDB9-92C2-C364-EEE89F22473B</importedID>
<use>0</use>
<logicalDatatype>LOGDT007</logicalDatatype>
<domain>F0C02C58-7BDC-AD59-F1B2-07CBFAFEADDC</domain>
<ownDataTypeParameters>,,</ownDataTypeParameters>
<autoIncrementCycle>false</autoIncrementCycle>
</Column>
<Column name="fecha_ejecucion" id="10E8D824-A862-2447-F7A8-388007E98BFB">
<sourceDDLFile>probrando.SQL</sourceDDLFile>
<createdBy>Maximiliano</createdBy>
<createdTime>2025-10-09 00:49:50 UTC</createdTime>
<ownerDesignName>EFT_S9</ownerDesignName>
<importedID>B417777C-1DFD-EB2A-DDB8-47823F16C8A2</importedID>
<nullsAllowed>true</nullsAllowed>
<use>0</use>
<logicalDatatype>LOGDT007</logicalDatatype>
<domain>F0C02C58-7BDC-AD59-F1B2-07CBFAFEADDC</domain>
<ownDataTypeParameters>,,</ownDataTypeParameters>
<autoIncrementCycle>false</autoIncrementCycle>
</Column>
<Column name="descripcion" id="72A4254C-6915-591E-8E46-2BA8CA058D52">
<sourceDDLFile>probrando.SQL</sourceDDLFile>
<createdBy>Maximiliano</createdBy>
<createdTime>2025-10-09 00:49:50 UTC</createdTime>
<ownerDesignName>EFT_S9</ownerDesignName>
<importedID>229FBF91-C1FD-2253-ADBE-F91D778B729F</importedID>
<nullsAllowed>true</nullsAllowed>
<use>0</use>
<logicalDatatype>LOGDT024</logicalDatatype>
<domain>3209B058-8103-0AC0-6A7C-1AD8D715C5A5</domain>
<ownDataTypeParameters>,,</ownDataTypeParameters>
<autoIncrementCycle>false</autoIncrementCycle>
</Column>
<Column name="TECNICO_MANTENCION_id_empleado" id="89A5DA39-1132-CE71-5F1C-31E29BEEF631">
<createdBy>Maximiliano</createdBy>
<createdTime>2025-10-13 00:24:04 UTC</createdTime>
<ownerDesignName>EFT_S9</ownerDesignName>
<use>0</use>
<logicalDatatype>LOGDT019</logicalDatatype>
<domain>9BCFED1C-894D-30AA-C384-7861D579DB5B</domain>
<ownDataTypeParameters>,,</ownDataTypeParameters>
<previousColumn>false</previousColumn>
<autoIncrementCycle>false</autoIncrementCycle>
<associations>
<colAssociation fkAssociation="DF453420-AC3E-8B54-F9B7-37C2A07A8353" referredColumn="4D34E868-4BA6-90B5-5745-04A1BD502324"/>
</associations>
</Column>
</columns>
<indexes itemClass="oracle.dbtools.crest.model.design.relational.Index">
<ind_PK_UK id="E3363984-CFBB-324E-BC57-3AE106BC4D3F" name="ORDEN_MANTENCION_PK">
<sourceDDLFile>probrando.SQL</sourceDDLFile>
<createdBy>Maximiliano</createdBy>
<createdTime>2025-10-09 00:49:50 UTC</createdTime>
<ownerDesignName>EFT_S9</ownerDesignName>
<importedID>849B6F93-45A1-D109-5362-B32370C2F421</importedID>
<pk>true</pk>
<indexState>Primary Constraint</indexState>
<isSurrogateKey>false</isSurrogateKey>
<indexColumnUsage>
<colUsage columnID="E50B46E8-19C5-414F-4128-D9634E079955"/>
</indexColumnUsage>
</ind_PK_UK>
<ind_PK_UK id="2899CE04-68DD-DD55-B4D0-2A1123B94AC1" name="ORDEN_MANTENCION_MAQUINA_FK">
<createdBy>Maximiliano</createdBy>
<createdTime>2025-10-09 00:49:50 UTC</createdTime>
<ownerDesignName>EFT_S9</ownerDesignName>
<indexState>Foreign Key</indexState>
<isSurrogateKey>false</isSurrogateKey>
<indexColumnUsage>
<colUsage columnID="A94F8B0A-39AD-6D4E-D204-893DC0CC5EC8"/>
<colUsage columnID="BFD2C414-F4F2-B415-7496-8100A8462BB8"/>
</indexColumnUsage>
</ind_PK_UK>
<ind_PK_UK id="13822CAA-B291-6260-1832-111A57DA58A7" name="ORDEN_MANTENCION_TECNICO_MANTENCION_FK">
<createdBy>Maximiliano</createdBy>
<createdTime>2025-10-09 00:49:50 UTC</createdTime>
<ownerDesignName>EFT_S9</ownerDesignName>
<indexState>Foreign Key</indexState>
<isSurrogateKey>false</isSurrogateKey>
<indexColumnUsage>
<colUsage columnID="89A5DA39-1132-CE71-5F1C-31E29BEEF631"/>
</indexColumnUsage>
</ind_PK_UK>
</indexes>
<tableCheckConstraints itemClass="oracle.dbtools.crest.model.design.constraint.TableLevelConstraint">
<tableCheckConstraint name="ck_om_fechas" directorySegmentName="seg_0" id="61266985-3431-3F16-E76B-B909656D0100">
<sourceDDLFile>probrando.SQL</sourceDDLFile>
<createdBy>Maximiliano</createdBy>
<createdTime>2025-10-09 00:49:50 UTC</createdTime>
<ownerDesignName>EFT_S9_Maximiliano_Palasezze_Grupo_12</ownerDesignName>
<importedID>086B9318-190D-DA43-4391-70509906609C</importedID>
<rule><![CDATA[fecha_ejecucion IS NULL OR fecha_ejecucion >= fecha_programada]]></rule>
</tableCheckConstraint>
</tableCheckConstraints>
</Table>