<?xml version = '1.0' encoding = 'UTF-8'?>
<Table class="oracle.dbtools.crest.model.design.relational.Table" directorySegmentName="seg_0" id="72F2B5B0-DEBB-AA23-34D2-08CC76E2382C" name="TECNICO_MANTENCION">
<sourceDDLFile>probrando.SQL</sourceDDLFile>
<createdBy>Maximiliano</createdBy>
<createdTime>2025-10-09 00:49:50 UTC</createdTime>
<ownerDesignName>EFT_S9</ownerDesignName>
<importedID>79B8C0DD-CCF1-D89B-82B2-A856FC3EE2BC</importedID>
<allowColumnReorder>false</allowColumnReorder>
<existDependencyGenerateInDDl>true</existDependencyGenerateInDDl>
<parsed>true</parsed>
<columns itemClass="oracle.dbtools.crest.model.design.relational.Column">
<Column name="id_empleado" id="4D34E868-4BA6-90B5-5745-04A1BD502324">
<sourceDDLFile>probrando.SQL</sourceDDLFile>
<createdBy>Maximiliano</createdBy>
<createdTime>2025-10-09 00:49:50 UTC</createdTime>
<ownerDesignName>EFT_S9</ownerDesignName>
<importedID>323A3868-D833-A742-A4EB-8FAAA6870A1A</importedID>
<use>0</use>
<logicalDatatype>LOGDT019</logicalDatatype>
<domain>9BCFED1C-894D-30AA-C384-7861D579DB5B</domain>
<ownDataTypeParameters>,,</ownDataTypeParameters>
<autoIncrementCycle>false</autoIncrementCycle>
<associations>
<colAssociation fkAssociation="D393259B-598C-5ABA-C332-13F665A422C8" referredColumn="5BD2EA18-16E1-AAB7-F76C-112A97F59B02"/>
</associations>
</Column>
<Column name="especialidad" id="0C9EA662-24FE-8510-2457-CC4073E573D3">
<sourceDDLFile>probrando.SQL</sourceDDLFile>
<createdBy>Maximiliano</createdBy>
<createdTime>2025-10-09 00:49:50 UTC</createdTime>
<ownerDesignName>EFT_S9</ownerDesignName>
<importedID>10B5BA06-D215-806F-6F6B-AD8F98572F55</importedID>
<use>0</use>
<logicalDatatype>LOGDT024</logicalDatatype>
<domain>8D733FCD-B049-990D-107C-E7C79E08900B</domain>
<ownDataTypeParameters>,,</ownDataTypeParameters>
<autoIncrementCycle>false</autoIncrementCycle>
</Column>
<Column name="nivel_certificacion" id="271277C8-BFE9-5B7D-3B70-F588B205B3E6">
<sourceDDLFile>probrando.SQL</sourceDDLFile>
<createdBy>Maximiliano</createdBy>
<createdTime>2025-10-09 00:49:50 UTC</createdTime>
<ownerDesignName>EFT_S9</ownerDesignName>
<importedID>B7C58B7F-F960-49D0-CBA8-8A2CD886CEB9</importedID>
<nullsAllowed>true</nullsAllowed>
<use>0</use>
<logicalDatatype>LOGDT024</logicalDatatype>
<domain>A74B5801-15A9-7FC7-9637-F763C37299C7</domain>
<ownDataTypeParameters>,,</ownDataTypeParameters>
<autoIncrementCycle>false</autoIncrementCycle>
</Column>
<Column name="tiempo_respuesta_estandar" id="427FC88F-A1E7-CB13-0C19-459732641117">
<sourceDDLFile>probrando.SQL</sourceDDLFile>
<createdBy>Maximiliano</createdBy>
<createdTime>2025-10-09 00:49:50 UTC</createdTime>
<ownerDesignName>EFT_S9</ownerDesignName>
<importedID>CDFD8EB0-8D19-8C1D-5116-113739666BB4</importedID>
<nullsAllowed>true</nullsAllowed>
<use>0</use>
<logicalDatatype>LOGDT019</logicalDatatype>
<domain>8E11A3B8-071E-8162-A9FF-1AE586026A4A</domain>
<ownDataTypeParameters>,,</ownDataTypeParameters>
<autoIncrementCycle>false</autoIncrementCycle>
</Column>
</columns>
<indexes itemClass="oracle.dbtools.crest.model.design.relational.Index">
<ind_PK_UK id="79BBAC28-3C3D-CB54-749A-CFA69BFFA280" name="TECNICO_MANTENCION_PKv1">
<createdBy>Maximiliano</createdBy>
<createdTime>2025-10-09 01:25:38 UTC</createdTime>
<generatorID>1407E5F9-7F9B-3477-9224-A17A1DD8957A</generatorID>
<ownerDesignName>EFT_S9</ownerDesignName>
<shouldEngineer>false</shouldEngineer>
<pk>true</pk>
<indexState>Primary Constraint</indexState>
<isSurrogateKey>false</isSurrogateKey>
<indexColumnUsage>
<colUsage columnID="4D34E868-4BA6-90B5-5745-04A1BD502324"/>
</indexColumnUsage>
</ind_PK_UK>
<ind_PK_UK id="758F93B2-F203-E489-CA50-12E7F9387092" name="TECNICO_MANTENCION_PK">
<sourceDDLFile>probrando.SQL</sourceDDLFile>
<createdBy>Maximiliano</createdBy>
<createdTime>2025-10-09 00:49:50 UTC</createdTime>
<ownerDesignName>EFT_S9</ownerDesignName>
<shouldEngineer>false</shouldEngineer>
<importedID>452321A6-8E2B-7BE0-D6FA-03FC9A54209D</importedID>
<indexState>Unique Constraint</indexState>
<isSurrogateKey>false</isSurrogateKey>
<indexColumnUsage>
<colUsage columnID="4D34E868-4BA6-90B5-5745-04A1BD502324"/>
</indexColumnUsage>
</ind_PK_UK>
<ind_PK_UK id="C78FB4FA-901D-1D58-CDDD-1CC9B8700996" name="fk_tecnico_empleado">
<createdBy>Maximiliano</createdBy>
<createdTime>2025-10-09 00:49:50 UTC</createdTime>
<ownerDesignName>EFT_S9</ownerDesignName>
<indexState>Foreign Key</indexState>
<isSurrogateKey>false</isSurrogateKey>
<indexColumnUsage>
<colUsage columnID="4D34E868-4BA6-90B5-5745-04A1BD502324"/>
</indexColumnUsage>
</ind_PK_UK>
</indexes>
</Table>