<?xml version = '1.0' encoding = 'UTF-8'?>
<Table class="oracle.dbtools.crest.model.design.relational.Table" directorySegmentName="seg_0" id="815F8D0B-57FE-076C-50AB-7D8CDDAC0B1D" name="OPERARIO">
<sourceDDLFile>probrando.SQL</sourceDDLFile>
<createdBy>Maximiliano</createdBy>
<createdTime>2025-10-09 00:49:50 UTC</createdTime>
<ownerDesignName>EFT_S9</ownerDesignName>
<importedID>C36388D2-AE25-D78A-5ED9-C48E08EB375F</importedID>
<allowColumnReorder>false</allowColumnReorder>
<existDependencyGenerateInDDl>true</existDependencyGenerateInDDl>
<parsed>true</parsed>
<columns itemClass="oracle.dbtools.crest.model.design.relational.Column">
<Column name="id_empleado" id="769A5113-5BF5-0C6A-7A02-82FAF7B762AC">
<sourceDDLFile>probrando.SQL</sourceDDLFile>
<createdBy>Maximiliano</createdBy>
<createdTime>2025-10-09 00:49:50 UTC</createdTime>
<ownerDesignName>EFT_S9</ownerDesignName>
<importedID>0704CB59-147A-C52F-1975-F1E0FF3A773D</importedID>
<use>0</use>
<logicalDatatype>LOGDT019</logicalDatatype>
<domain>9BCFED1C-894D-30AA-C384-7861D579DB5B</domain>
<ownDataTypeParameters>,,</ownDataTypeParameters>
<autoIncrementCycle>false</autoIncrementCycle>
<associations>
<colAssociation fkAssociation="D1B69D1B-541E-813F-EE13-EDDA28B65226" referredColumn="5BD2EA18-16E1-AAB7-F76C-112A97F59B02"/>
</associations>
</Column>
<Column name="categoria_proceso" id="D93220CD-9A81-5FDA-D35A-A6B92D931D09">
<sourceDDLFile>probrando.SQL</sourceDDLFile>
<createdBy>Maximiliano</createdBy>
<createdTime>2025-10-09 00:49:50 UTC</createdTime>
<ownerDesignName>EFT_S9</ownerDesignName>
<importedID>1ACDD095-01B4-A5FD-65C6-0075D5E30088</importedID>
<use>0</use>
<logicalDatatype>LOGDT024</logicalDatatype>
<domain>8D733FCD-B049-990D-107C-E7C79E08900B</domain>
<ownDataTypeParameters>,,</ownDataTypeParameters>
<autoIncrementCycle>false</autoIncrementCycle>
</Column>
<Column name="certificacion" id="8F225DE6-9276-4E5E-4526-5058A2646137">
<sourceDDLFile>probrando.SQL</sourceDDLFile>
<createdBy>Maximiliano</createdBy>
<createdTime>2025-10-09 00:49:50 UTC</createdTime>
<ownerDesignName>EFT_S9</ownerDesignName>
<importedID>A36B045F-B724-EDDA-9989-D7E3F2DD7BCF</importedID>
<nullsAllowed>true</nullsAllowed>
<use>0</use>
<logicalDatatype>LOGDT024</logicalDatatype>
<domain>526F199C-2393-4F76-AC40-18BB5E3ABA4E</domain>
<ownDataTypeParameters>,,</ownDataTypeParameters>
<autoIncrementCycle>false</autoIncrementCycle>
</Column>
<Column name="horas_estandar_turno" id="674AED75-9C99-8D46-2F83-7ABDE4BCBB9C">
<sourceDDLFile>probrando.SQL</sourceDDLFile>
<createdBy>Maximiliano</createdBy>
<createdTime>2025-10-09 00:49:50 UTC</createdTime>
<ownerDesignName>EFT_S9</ownerDesignName>
<importedID>8C02B965-3F71-B065-DE74-A630B74FC3CE</importedID>
<use>0</use>
<logicalDatatype>LOGDT019</logicalDatatype>
<domain>61568155-7B3F-73C8-5817-2A0A3568668E</domain>
<defaultValue>8</defaultValue>
<ownDataTypeParameters>,,</ownDataTypeParameters>
<autoIncrementCycle>false</autoIncrementCycle>
</Column>
</columns>
<indexes itemClass="oracle.dbtools.crest.model.design.relational.Index">
<ind_PK_UK id="F4A8F943-ACE1-9E01-0A4B-7F74BD5E47FE" name="OPERARIO_PKv1">
<createdBy>Maximiliano</createdBy>
<createdTime>2025-10-09 01:25:38 UTC</createdTime>
<generatorID>1407E5F9-7F9B-3477-9224-A17A1DD8957A</generatorID>
<ownerDesignName>EFT_S9</ownerDesignName>
<shouldEngineer>false</shouldEngineer>
<pk>true</pk>
<indexState>Primary Constraint</indexState>
<isSurrogateKey>false</isSurrogateKey>
<indexColumnUsage>
<colUsage columnID="769A5113-5BF5-0C6A-7A02-82FAF7B762AC"/>
</indexColumnUsage>
</ind_PK_UK>
<ind_PK_UK id="847419C7-66A3-49BC-4EB5-76C8FA983B7D" name="OPERARIO_PK">
<sourceDDLFile>probrando.SQL</sourceDDLFile>
<createdBy>Maximiliano</createdBy>
<createdTime>2025-10-09 00:49:50 UTC</createdTime>
<ownerDesignName>EFT_S9</ownerDesignName>
<shouldEngineer>false</shouldEngineer>
<importedID>983C7D42-CFEA-C8F8-DBA2-C2D65263A885</importedID>
<indexState>Unique Constraint</indexState>
<isSurrogateKey>false</isSurrogateKey>
<indexColumnUsage>
<colUsage columnID="769A5113-5BF5-0C6A-7A02-82FAF7B762AC"/>
</indexColumnUsage>
</ind_PK_UK>
<ind_PK_UK id="45ECDDB4-606C-C414-9931-6D92AFAC4CEF" name="fk_operario_empleado">
<createdBy>Maximiliano</createdBy>
<createdTime>2025-10-09 00:49:50 UTC</createdTime>
<ownerDesignName>EFT_S9</ownerDesignName>
<indexState>Foreign Key</indexState>
<isSurrogateKey>false</isSurrogateKey>
<indexColumnUsage>
<colUsage columnID="769A5113-5BF5-0C6A-7A02-82FAF7B762AC"/>
</indexColumnUsage>
</ind_PK_UK>
</indexes>
</Table>