<?xml version = '1.0' encoding = 'UTF-8'?>
<Table class="oracle.dbtools.crest.model.design.relational.Table" directorySegmentName="seg_0" id="930D6CC1-2D3D-C464-90C4-DC5F73CDC1B5" name="REGION">
<sourceDDLFile>probrando.SQL</sourceDDLFile>
<createdBy>Maximiliano</createdBy>
<createdTime>2025-10-09 00:49:50 UTC</createdTime>
<ownerDesignName>EFT_S9</ownerDesignName>
<importedID>ACBA9CC4-6E91-6593-44D6-3A1CC66E68FD</importedID>
<allowColumnReorder>false</allowColumnReorder>
<existDependencyGenerateInDDl>true</existDependencyGenerateInDDl>
<parsed>true</parsed>
<columns itemClass="oracle.dbtools.crest.model.design.relational.Column">
<Column name="id_region" id="8F389FF6-6EB4-A1C4-B8D9-CF9F711DD3AD">
<sourceDDLFile>probrando.SQL</sourceDDLFile>
<createdBy>Maximiliano</createdBy>
<createdTime>2025-10-09 00:49:50 UTC</createdTime>
<ownerDesignName>EFT_S9</ownerDesignName>
<importedID>E82BDE41-DD74-F42B-2D0E-C9FF82AD0586</importedID>
<use>0</use>
<logicalDatatype>LOGDT019</logicalDatatype>
<domain>8E11A3B8-071E-8162-A9FF-1AE586026A4A</domain>
<ownDataTypeParameters>,,</ownDataTypeParameters>
<autoIncrementColumn>true</autoIncrementColumn>
<autoIncrementCycle>false</autoIncrementCycle>
<autoIncrementSequenceName>SEQ_REGION</autoIncrementSequenceName>
<autoIncrementTriggerName>BI_REGION_ID</autoIncrementTriggerName>
</Column>
<Column name="nombre" id="FAFF2D0F-FD0F-8012-C247-2DCCEF642C2B">
<sourceDDLFile>probrando.SQL</sourceDDLFile>
<createdBy>Maximiliano</createdBy>
<createdTime>2025-10-09 00:49:50 UTC</createdTime>
<ownerDesignName>EFT_S9</ownerDesignName>
<importedID>2BB69F5B-CF46-8B1D-E590-F22A54CB5304</importedID>
<use>0</use>
<logicalDatatype>LOGDT024</logicalDatatype>
<domain>04C001D4-54E1-A65F-3113-37C663DEADD2</domain>
<ownDataTypeParameters>,,</ownDataTypeParameters>
<autoIncrementCycle>false</autoIncrementCycle>
</Column>
</columns>
<indexes itemClass="oracle.dbtools.crest.model.design.relational.Index">
<ind_PK_UK id="F955FD1E-B12F-7DEF-2761-17944E888812" name="REGION_PK">
<sourceDDLFile>probrando.SQL</sourceDDLFile>
<createdBy>Maximiliano</createdBy>
<createdTime>2025-10-09 00:49:50 UTC</createdTime>
<ownerDesignName>EFT_S9</ownerDesignName>
<importedID>9BC383CD-13F0-CFF9-1A18-445E2FA56091</importedID>
<pk>true</pk>
<indexState>Primary Constraint</indexState>
<isSurrogateKey>false</isSurrogateKey>
<indexColumnUsage>
<colUsage columnID="8F389FF6-6EB4-A1C4-B8D9-CF9F711DD3AD"/>
</indexColumnUsage>
</ind_PK_UK>
<ind_PK_UK id="A7A0E769-D807-605E-E043-9710D19EDFE2" name="REGION_nombre_UN">
<sourceDDLFile>probrando.SQL</sourceDDLFile>
<createdBy>Maximiliano</createdBy>
<createdTime>2025-10-09 00:49:50 UTC</createdTime>
<ownerDesignName>EFT_S9</ownerDesignName>
<importedID>54215938-0C10-FF84-705C-56844E181085</importedID>
<indexState>Unique Constraint</indexState>
<isSurrogateKey>false</isSurrogateKey>
<indexColumnUsage>
<colUsage columnID="FAFF2D0F-FD0F-8012-C247-2DCCEF642C2B"/>
</indexColumnUsage>
</ind_PK_UK>
</indexes>
</Table>