<?xml version = '1.0' encoding = 'UTF-8'?>
<Table class="oracle.dbtools.crest.model.design.relational.Table" directorySegmentName="seg_0" id="B3D8A5EF-EE12-2584-B117-46CED9EA0177" name="TIPO_MAQUINA">
<sourceDDLFile>probrando.SQL</sourceDDLFile>
<createdBy>Maximiliano</createdBy>
<createdTime>2025-10-09 00:49:50 UTC</createdTime>
<ownerDesignName>EFT_S9</ownerDesignName>
<importedID>690BF064-17A2-D9D3-7642-5121710FD290</importedID>
<allowColumnReorder>false</allowColumnReorder>
<existDependencyGenerateInDDl>true</existDependencyGenerateInDDl>
<parsed>true</parsed>
<columns itemClass="oracle.dbtools.crest.model.design.relational.Column">
<Column name="id_tipo_maquina" id="7B09B3F8-7FE7-F0C3-9890-4E65256A41ED">
<sourceDDLFile>probrando.SQL</sourceDDLFile>
<createdBy>Maximiliano</createdBy>
<createdTime>2025-10-09 00:49:50 UTC</createdTime>
<ownerDesignName>EFT_S9</ownerDesignName>
<importedID>5A2A3570-1EA8-822C-9D8E-44C3F21002B3</importedID>
<use>0</use>
<logicalDatatype>LOGDT019</logicalDatatype>
<domain>8E11A3B8-071E-8162-A9FF-1AE586026A4A</domain>
<ownDataTypeParameters>,,</ownDataTypeParameters>
<autoIncrementCycle>false</autoIncrementCycle>
</Column>
<Column name="nombre" id="EFDCEDBF-2886-E8D7-8F27-66F4226D0535">
<sourceDDLFile>probrando.SQL</sourceDDLFile>
<createdBy>Maximiliano</createdBy>
<createdTime>2025-10-09 00:49:50 UTC</createdTime>
<ownerDesignName>EFT_S9</ownerDesignName>
<importedID>E45E1956-10A0-B844-3C91-7BE47498E4FA</importedID>
<use>0</use>
<logicalDatatype>LOGDT024</logicalDatatype>
<domain>04C001D4-54E1-A65F-3113-37C663DEADD2</domain>
<ownDataTypeParameters>,,</ownDataTypeParameters>
<autoIncrementCycle>false</autoIncrementCycle>
</Column>
</columns>
<indexes itemClass="oracle.dbtools.crest.model.design.relational.Index">
<ind_PK_UK id="6304EBA0-E9ED-AC56-F4CF-55FD15D4344E" name="TIPO_MAQUINA_PK">
<sourceDDLFile>probrando.SQL</sourceDDLFile>
<createdBy>Maximiliano</createdBy>
<createdTime>2025-10-09 00:49:50 UTC</createdTime>
<ownerDesignName>EFT_S9</ownerDesignName>
<importedID>9B409C7D-7B1C-C9DC-C1B7-38FEC8D2DFE1</importedID>
<pk>true</pk>
<indexState>Primary Constraint</indexState>
<isSurrogateKey>false</isSurrogateKey>
<indexColumnUsage>
<colUsage columnID="7B09B3F8-7FE7-F0C3-9890-4E65256A41ED"/>
</indexColumnUsage>
</ind_PK_UK>
<ind_PK_UK id="5E225176-D3A0-23DC-1173-98EF1F80E4A5" name="TIPO_MAQUINA_nombre_UN">
<sourceDDLFile>probrando.SQL</sourceDDLFile>
<createdBy>Maximiliano</createdBy>
<createdTime>2025-10-09 00:49:50 UTC</createdTime>
<ownerDesignName>EFT_S9</ownerDesignName>
<importedID>32B76710-B357-63B1-52AC-3AAAAB8D954A</importedID>
<indexState>Unique Constraint</indexState>
<isSurrogateKey>false</isSurrogateKey>
<indexColumnUsage>
<colUsage columnID="EFDCEDBF-2886-E8D7-8F27-66F4226D0535"/>
</indexColumnUsage>
</ind_PK_UK>
</indexes>
</Table>