<?xml version = '1.0' encoding = 'UTF-8'?>
<Table class="oracle.dbtools.crest.model.design.relational.Table" directorySegmentName="seg_0" id="E175E7EB-4CC0-4F62-C0A6-F44DEDBA8E8F" name="EMPLEADO">
<sourceDDLFile>probrando.SQL</sourceDDLFile>
<createdBy>Maximiliano</createdBy>
<createdTime>2025-10-09 00:49:50 UTC</createdTime>
<ownerDesignName>EFT_S9</ownerDesignName>
<importedID>FD63AC13-8143-3F79-7A9E-5E1353092023</importedID>
<allowColumnReorder>false</allowColumnReorder>
<existDependencyGenerateInDDl>true</existDependencyGenerateInDDl>
<parsed>true</parsed>
<columns itemClass="oracle.dbtools.crest.model.design.relational.Column">
<Column name="id_empleado" id="5BD2EA18-16E1-AAB7-F76C-112A97F59B02">
<sourceDDLFile>probrando.SQL</sourceDDLFile>
<createdBy>Maximiliano</createdBy>
<createdTime>2025-10-09 00:49:50 UTC</createdTime>
<ownerDesignName>EFT_S9</ownerDesignName>
<importedID>FECE6000-CC8F-D722-D56B-3FE25E86CA86</importedID>
<use>0</use>
<logicalDatatype>LOGDT019</logicalDatatype>
<domain>9BCFED1C-894D-30AA-C384-7861D579DB5B</domain>
<ownDataTypeParameters>,,</ownDataTypeParameters>
<autoIncrementCycle>false</autoIncrementCycle>
</Column>
<Column name="rut" id="19B27212-FD53-437C-45A8-6242CC13CC19">
<sourceDDLFile>probrando.SQL</sourceDDLFile>
<createdBy>Maximiliano</createdBy>
<createdTime>2025-10-09 00:49:50 UTC</createdTime>
<ownerDesignName>EFT_S9</ownerDesignName>
<importedID>65CC7B12-A3EB-C9D3-A087-C7476125145E</importedID>
<use>0</use>
<logicalDatatype>LOGDT024</logicalDatatype>
<domain>FF2191C8-E4F8-BE84-3B34-77CF5E8B6534</domain>
<ownDataTypeParameters>,,</ownDataTypeParameters>
<autoIncrementCycle>false</autoIncrementCycle>
</Column>
<Column name="nombres" id="22FA81AC-FCDA-A1F9-09C5-16C60ABEFF95">
<sourceDDLFile>probrando.SQL</sourceDDLFile>
<createdBy>Maximiliano</createdBy>
<createdTime>2025-10-09 00:49:50 UTC</createdTime>
<ownerDesignName>EFT_S9</ownerDesignName>
<importedID>A5B8A520-11F3-C37C-79A3-3CC791E547BF</importedID>
<use>0</use>
<logicalDatatype>LOGDT024</logicalDatatype>
<domain>04C001D4-54E1-A65F-3113-37C663DEADD2</domain>
<ownDataTypeParameters>,,</ownDataTypeParameters>
<autoIncrementCycle>false</autoIncrementCycle>
</Column>
<Column name="apellidos" id="46F2DE81-361E-7404-998C-4D0E6DD64902">
<sourceDDLFile>probrando.SQL</sourceDDLFile>
<createdBy>Maximiliano</createdBy>
<createdTime>2025-10-09 00:49:50 UTC</createdTime>
<ownerDesignName>EFT_S9</ownerDesignName>
<importedID>BE45ECB6-9BB5-F30D-0564-98AAFD024A50</importedID>
<use>0</use>
<logicalDatatype>LOGDT024</logicalDatatype>
<domain>04C001D4-54E1-A65F-3113-37C663DEADD2</domain>
<ownDataTypeParameters>,,</ownDataTypeParameters>
<autoIncrementCycle>false</autoIncrementCycle>
</Column>
<Column name="fecha_contratacion" id="3024C274-5934-5B04-861D-0B22247351F3">
<sourceDDLFile>probrando.SQL</sourceDDLFile>
<createdBy>Maximiliano</createdBy>
<createdTime>2025-10-09 00:49:50 UTC</createdTime>
<ownerDesignName>EFT_S9</ownerDesignName>
<importedID>18016A79-969A-38C7-8569-1A83F1D5E6B7</importedID>
<use>0</use>
<logicalDatatype>LOGDT007</logicalDatatype>
<domain>F0C02C58-7BDC-AD59-F1B2-07CBFAFEADDC</domain>
<ownDataTypeParameters>,,</ownDataTypeParameters>
<autoIncrementCycle>false</autoIncrementCycle>
</Column>
<Column name="sueldo_base" id="BABA8918-BE47-1033-CC3E-4F3264CE9F21">
<sourceDDLFile>probrando.SQL</sourceDDLFile>
<createdBy>Maximiliano</createdBy>
<createdTime>2025-10-09 00:49:50 UTC</createdTime>
<ownerDesignName>EFT_S9</ownerDesignName>
<importedID>E59D21DD-9622-7283-D2C8-D4448EF59EDC</importedID>
<use>0</use>
<logicalDatatype>LOGDT019</logicalDatatype>
<domain>0C72EB7E-9221-C4D1-EE4C-733D13282B82</domain>
<ownDataTypeParameters>,,</ownDataTypeParameters>
<autoIncrementCycle>false</autoIncrementCycle>
</Column>
<Column name="activo" id="EE3DC541-E913-71C7-CB93-47B694CD8DCC">
<sourceDDLFile>probrando.SQL</sourceDDLFile>
<createdBy>Maximiliano</createdBy>
<createdTime>2025-10-09 00:49:50 UTC</createdTime>
<ownerDesignName>EFT_S9</ownerDesignName>
<importedID>E0E0482B-650A-C2C7-4C2A-998F31910917</importedID>
<use>0</use>
<logicalDatatype>LOGDT025</logicalDatatype>
<domain>493625CC-1852-1A1A-7FBC-C6631C8E3DBD</domain>
<defaultValue>&apos;S&apos;</defaultValue>
<ownDataTypeParameters>,,</ownDataTypeParameters>
<autoIncrementCycle>false</autoIncrementCycle>
</Column>
<Column name="PLANTA_id_planta" id="4BBFDDFC-1F41-F824-1E85-FE8B7127E283">
<sourceDDLFile>probrando.SQL</sourceDDLFile>
<createdBy>Maximiliano</createdBy>
<createdTime>2025-10-09 00:49:50 UTC</createdTime>
<ownerDesignName>EFT_S9</ownerDesignName>
<importedID>CB98E9DA-EC20-58E7-C57B-57E27EFBDD83</importedID>
<use>0</use>
<logicalDatatype>LOGDT019</logicalDatatype>
<domain>6B3BE57C-D900-3863-A8E2-7728A60F2D95</domain>
<ownDataTypeParameters>,,</ownDataTypeParameters>
<autoIncrementCycle>false</autoIncrementCycle>
<associations>
<colAssociation fkAssociation="872B45F4-D169-86A2-92BE-B28D9FAA9B3F" referredColumn="8423FF56-3E94-5774-7031-557A08D72648"/>
</associations>
</Column>
<Column name="AFP_id_afp" id="C8F6326A-6F4C-2794-8BB1-DF17C4171053">
<sourceDDLFile>probrando.SQL</sourceDDLFile>
<createdBy>Maximiliano</createdBy>
<createdTime>2025-10-09 00:49:50 UTC</createdTime>
<ownerDesignName>EFT_S9</ownerDesignName>
<importedID>13976884-71B1-9102-1B3E-BBD6DA716567</importedID>
<use>0</use>
<logicalDatatype>LOGDT019</logicalDatatype>
<domain>8E11A3B8-071E-8162-A9FF-1AE586026A4A</domain>
<ownDataTypeParameters>,,</ownDataTypeParameters>
<autoIncrementCycle>false</autoIncrementCycle>
<associations>
<colAssociation fkAssociation="DFE93F2F-A351-F4D0-748A-66A26022370D" referredColumn="249F03B9-7770-EB8D-ECA6-765914C33B49"/>
</associations>
</Column>
<Column name="SISTEMA_SALUD_id_salud" id="765802E9-744B-1427-C0FD-43806C01CF9B">
<sourceDDLFile>probrando.SQL</sourceDDLFile>
<createdBy>Maximiliano</createdBy>
<createdTime>2025-10-09 00:49:50 UTC</createdTime>
<ownerDesignName>EFT_S9</ownerDesignName>
<importedID>4A0C4AB2-B38F-8A83-7DDF-8838381753DB</importedID>
<use>0</use>
<logicalDatatype>LOGDT019</logicalDatatype>
<domain>8E11A3B8-071E-8162-A9FF-1AE586026A4A</domain>
<ownDataTypeParameters>,,</ownDataTypeParameters>
<autoIncrementCycle>false</autoIncrementCycle>
<associations>
<colAssociation fkAssociation="FE1C7668-E8AD-F49B-88B8-97CEBEB63A72" referredColumn="88377846-F33C-4F92-B5F9-AAF2F7D0AB73"/>
</associations>
</Column>
<Column name="EMPLEADO_id_empleado" id="9866EC13-11B8-E91D-670A-1E8CC0045157">
<sourceDDLFile>probrando.SQL</sourceDDLFile>
<createdBy>Maximiliano</createdBy>
<createdTime>2025-10-09 00:49:50 UTC</createdTime>
<ownerDesignName>EFT_S9</ownerDesignName>
<importedID>42D3C8EC-12E5-6697-F63C-EF44FFEB059C</importedID>
<nullsAllowed>true</nullsAllowed>
<use>0</use>
<logicalDatatype>LOGDT019</logicalDatatype>
<domain>9BCFED1C-894D-30AA-C384-7861D579DB5B</domain>
<ownDataTypeParameters>,,</ownDataTypeParameters>
<autoIncrementCycle>false</autoIncrementCycle>
<associations>
<colAssociation fkAssociation="462180CB-5180-6377-A2B7-56929C6453E1" referredColumn="5BD2EA18-16E1-AAB7-F76C-112A97F59B02"/>
</associations>
</Column>
</columns>
<indexes itemClass="oracle.dbtools.crest.model.design.relational.Index">
<ind_PK_UK id="C1EB247E-62CF-EF19-D9B3-3BD502F69D8A" name="EMPLEADO_PK">
<sourceDDLFile>probrando.SQL</sourceDDLFile>
<createdBy>Maximiliano</createdBy>
<createdTime>2025-10-09 00:49:50 UTC</createdTime>
<ownerDesignName>EFT_S9</ownerDesignName>
<shouldEngineer>false</shouldEngineer>
<importedID>193D61D6-B9FA-226D-2E31-9CA0067FAF8D</importedID>
<pk>true</pk>
<indexState>Primary Constraint</indexState>
<isSurrogateKey>false</isSurrogateKey>
<indexColumnUsage>
<colUsage columnID="5BD2EA18-16E1-AAB7-F76C-112A97F59B02"/>
</indexColumnUsage>
</ind_PK_UK>
<ind_PK_UK id="82C1F5D3-15A7-730A-FD12-B57111EB6CEC" name="EMPLEADO_rut_UN">
<sourceDDLFile>probrando.SQL</sourceDDLFile>
<createdBy>Maximiliano</createdBy>
<createdTime>2025-10-09 00:49:50 UTC</createdTime>
<ownerDesignName>EFT_S9</ownerDesignName>
<importedID>01A01EAD-931A-CC52-80F5-2E725475CA95</importedID>
<indexState>Unique Constraint</indexState>
<isSurrogateKey>false</isSurrogateKey>
<indexColumnUsage>
<colUsage columnID="19B27212-FD53-437C-45A8-6242CC13CC19"/>
</indexColumnUsage>
</ind_PK_UK>
<ind_PK_UK id="02EA0D60-64A3-4669-AC5A-8F44E6ECC7D4" name="EMPLEADO_AFP_FK">
<createdBy>Maximiliano</createdBy>
<createdTime>2025-10-09 00:49:50 UTC</createdTime>
<ownerDesignName>EFT_S9</ownerDesignName>
<indexState>Foreign Key</indexState>
<isSurrogateKey>false</isSurrogateKey>
<indexColumnUsage>
<colUsage columnID="C8F6326A-6F4C-2794-8BB1-DF17C4171053"/>
</indexColumnUsage>
</ind_PK_UK>
<ind_PK_UK id="12A4CDAA-3CA5-5E36-107B-80BF469690BF" name="EMPLEADO_EMPLEADO_FK">
<createdBy>Maximiliano</createdBy>
<createdTime>2025-10-09 00:49:50 UTC</createdTime>
<ownerDesignName>EFT_S9</ownerDesignName>
<indexState>Foreign Key</indexState>
<isSurrogateKey>false</isSurrogateKey>
<indexColumnUsage>
<colUsage columnID="9866EC13-11B8-E91D-670A-1E8CC0045157"/>
</indexColumnUsage>
</ind_PK_UK>
<ind_PK_UK id="865FADF0-96C9-0DA5-77FD-8E903C8DA927" name="EMPLEADO_PLANTA_FK">
<createdBy>Maximiliano</createdBy>
<createdTime>2025-10-09 00:49:50 UTC</createdTime>
<ownerDesignName>EFT_S9</ownerDesignName>
<indexState>Foreign Key</indexState>
<isSurrogateKey>false</isSurrogateKey>
<indexColumnUsage>
<colUsage columnID="4BBFDDFC-1F41-F824-1E85-FE8B7127E283"/>
</indexColumnUsage>
</ind_PK_UK>
<ind_PK_UK id="3B169DBC-1ECB-E551-3DAC-69A057356B54" name="EMPLEADO_SISTEMA_SALUD_FK">
<createdBy>Maximiliano</createdBy>
<createdTime>2025-10-09 00:49:50 UTC</createdTime>
<ownerDesignName>EFT_S9</ownerDesignName>
<indexState>Foreign Key</indexState>
<isSurrogateKey>false</isSurrogateKey>
<indexColumnUsage>
<colUsage columnID="765802E9-744B-1427-C0FD-43806C01CF9B"/>
</indexColumnUsage>
</ind_PK_UK>
</indexes>
<tableCheckConstraints itemClass="oracle.dbtools.crest.model.design.constraint.TableLevelConstraint">
<tableCheckConstraint name="ck_empleado_activo" directorySegmentName="seg_0" id="A55C6E4C-0F53-CA3E-ACE5-2F174B0A4B7D">
<sourceDDLFile>probrando.SQL</sourceDDLFile>
<createdBy>Maximiliano</createdBy>
<createdTime>2025-10-09 00:49:50 UTC</createdTime>
<ownerDesignName>EFT_S9_Maximiliano_Palasezze_Grupo_12</ownerDesignName>
<importedID>37D20DA4-9721-0E82-35AA-7F7B36D3CBC6</importedID>
<rule><![CDATA[activo IN ('S','N')]]></rule>
</tableCheckConstraint>
</tableCheckConstraints>
</Table>