<?xml version = '1.0' encoding = 'UTF-8'?>
<Table class="oracle.dbtools.crest.model.design.relational.Table" directorySegmentName="seg_0" id="E332DE2D-CFE9-13DC-259A-ABB7B826D203" name="AFP">
<sourceDDLFile>probrando.SQL</sourceDDLFile>
<createdBy>Maximiliano</createdBy>
<createdTime>2025-10-09 00:49:50 UTC</createdTime>
<ownerDesignName>EFT_S9</ownerDesignName>
<importedID>84D92B53-09A3-E570-8AD3-F99929F5BC17</importedID>
<allowColumnReorder>false</allowColumnReorder>
<existDependencyGenerateInDDl>true</existDependencyGenerateInDDl>
<parsed>true</parsed>
<columns itemClass="oracle.dbtools.crest.model.design.relational.Column">
<Column name="id_afp" id="249F03B9-7770-EB8D-ECA6-765914C33B49">
<sourceDDLFile>probrando.SQL</sourceDDLFile>
<createdBy>Maximiliano</createdBy>
<createdTime>2025-10-09 00:49:50 UTC</createdTime>
<ownerDesignName>EFT_S9</ownerDesignName>
<importedID>39691C36-0A6E-18F4-BB2E-3EC01C4CAE70</importedID>
<use>0</use>
<logicalDatatype>LOGDT019</logicalDatatype>
<domain>8E11A3B8-071E-8162-A9FF-1AE586026A4A</domain>
<ownDataTypeParameters>,,</ownDataTypeParameters>
<autoIncrementCycle>false</autoIncrementCycle>
</Column>
<Column name="nombre" id="2C4D6752-9DAC-56A9-E0FF-34AE4E0DFEA7">
<sourceDDLFile>probrando.SQL</sourceDDLFile>
<createdBy>Maximiliano</createdBy>
<createdTime>2025-10-09 00:49:50 UTC</createdTime>
<ownerDesignName>EFT_S9</ownerDesignName>
<importedID>CC39A068-22CD-6CBE-7786-E7917F87E892</importedID>
<use>0</use>
<logicalDatatype>LOGDT024</logicalDatatype>
<domain>A74B5801-15A9-7FC7-9637-F763C37299C7</domain>
<ownDataTypeParameters>,,</ownDataTypeParameters>
<autoIncrementCycle>false</autoIncrementCycle>
</Column>
</columns>
<indexes itemClass="oracle.dbtools.crest.model.design.relational.Index">
<ind_PK_UK id="DB290780-3F8B-49FA-0663-605B7D90345A" name="AFP_PK">
<sourceDDLFile>probrando.SQL</sourceDDLFile>
<createdBy>Maximiliano</createdBy>
<createdTime>2025-10-09 00:49:50 UTC</createdTime>
<ownerDesignName>EFT_S9</ownerDesignName>
<importedID>A2444D9E-8DF2-911C-ED2A-EA2FBEDBBBE9</importedID>
<pk>true</pk>
<indexState>Primary Constraint</indexState>
<isSurrogateKey>false</isSurrogateKey>
<indexColumnUsage>
<colUsage columnID="249F03B9-7770-EB8D-ECA6-765914C33B49"/>
</indexColumnUsage>
</ind_PK_UK>
<ind_PK_UK id="DD693A76-2954-813D-4CC5-0B5E0385F3C6" name="AFP_nombre_UN">
<sourceDDLFile>probrando.SQL</sourceDDLFile>
<createdBy>Maximiliano</createdBy>
<createdTime>2025-10-09 00:49:50 UTC</createdTime>
<ownerDesignName>EFT_S9</ownerDesignName>
<importedID>F6408EEA-AAC2-C9F1-15C7-FB2A1D73F893</importedID>
<indexState>Unique Constraint</indexState>
<isSurrogateKey>false</isSurrogateKey>
<indexColumnUsage>
<colUsage columnID="2C4D6752-9DAC-56A9-E0FF-34AE4E0DFEA7"/>
</indexColumnUsage>
</ind_PK_UK>
</indexes>
</Table>