<?xml version = '1.0' encoding = 'UTF-8'?>
<Table class="oracle.dbtools.crest.model.design.relational.Table" directorySegmentName="seg_0" id="E5B8D7EF-B22C-C484-344B-EBB40D17EB1B" name="JEFE_TURNO">
<sourceDDLFile>probrando.SQL</sourceDDLFile>
<createdBy>Maximiliano</createdBy>
<createdTime>2025-10-09 00:49:50 UTC</createdTime>
<ownerDesignName>EFT_S9</ownerDesignName>
<importedID>C08E4D53-B2BB-489B-8350-C826CECAD726</importedID>
<allowColumnReorder>false</allowColumnReorder>
<existDependencyGenerateInDDl>true</existDependencyGenerateInDDl>
<parsed>true</parsed>
<columns itemClass="oracle.dbtools.crest.model.design.relational.Column">
<Column name="id_empleado" id="B4408E58-FED6-2CBE-28E9-A941E0B98850">
<sourceDDLFile>probrando.SQL</sourceDDLFile>
<createdBy>Maximiliano</createdBy>
<createdTime>2025-10-09 00:49:50 UTC</createdTime>
<ownerDesignName>EFT_S9</ownerDesignName>
<importedID>B301370E-BE16-C537-D589-C9D9D6A5840A</importedID>
<use>0</use>
<logicalDatatype>LOGDT019</logicalDatatype>
<domain>9BCFED1C-894D-30AA-C384-7861D579DB5B</domain>
<ownDataTypeParameters>,,</ownDataTypeParameters>
<autoIncrementCycle>false</autoIncrementCycle>
<associations>
<colAssociation fkAssociation="CB53D713-D76A-9CD7-3818-DC022DBBFE65" referredColumn="5BD2EA18-16E1-AAB7-F76C-112A97F59B02"/>
</associations>
</Column>
<Column name="area_responsabilidad" id="FF5C779A-0D5F-E41D-C1CF-411A8D74B569">
<sourceDDLFile>probrando.SQL</sourceDDLFile>
<createdBy>Maximiliano</createdBy>
<createdTime>2025-10-09 00:49:50 UTC</createdTime>
<ownerDesignName>EFT_S9</ownerDesignName>
<importedID>57B63F09-3C7D-D896-52A0-1D6C3DE750BE</importedID>
<use>0</use>
<logicalDatatype>LOGDT024</logicalDatatype>
<domain>526F199C-2393-4F76-AC40-18BB5E3ABA4E</domain>
<ownDataTypeParameters>,,</ownDataTypeParameters>
<autoIncrementCycle>false</autoIncrementCycle>
</Column>
<Column name="max_operarios" id="7CAE3DA8-1A11-AB1B-37FB-9508E9FC7519">
<sourceDDLFile>probrando.SQL</sourceDDLFile>
<createdBy>Maximiliano</createdBy>
<createdTime>2025-10-09 00:49:50 UTC</createdTime>
<ownerDesignName>EFT_S9</ownerDesignName>
<importedID>C72E92F2-4F43-74EC-D561-0C27228A1413</importedID>
<use>0</use>
<logicalDatatype>LOGDT019</logicalDatatype>
<domain>8E11A3B8-071E-8162-A9FF-1AE586026A4A</domain>
<ownDataTypeParameters>,,</ownDataTypeParameters>
<autoIncrementCycle>false</autoIncrementCycle>
</Column>
</columns>
<indexes itemClass="oracle.dbtools.crest.model.design.relational.Index">
<ind_PK_UK id="4683E6D3-587D-77A1-7EFF-F3E0CD1E7CB1" name="JEFE_TURNO_PKv1">
<createdBy>Maximiliano</createdBy>
<createdTime>2025-10-09 01:25:38 UTC</createdTime>
<generatorID>1407E5F9-7F9B-3477-9224-A17A1DD8957A</generatorID>
<ownerDesignName>EFT_S9</ownerDesignName>
<shouldEngineer>false</shouldEngineer>
<pk>true</pk>
<indexState>Primary Constraint</indexState>
<isSurrogateKey>false</isSurrogateKey>
<indexColumnUsage>
<colUsage columnID="B4408E58-FED6-2CBE-28E9-A941E0B98850"/>
</indexColumnUsage>
</ind_PK_UK>
<ind_PK_UK id="C27B0046-AB3C-F8E4-AF3B-B7B87195A5CF" name="JEFE_TURNO_PK">
<sourceDDLFile>probrando.SQL</sourceDDLFile>
<createdBy>Maximiliano</createdBy>
<createdTime>2025-10-09 00:49:50 UTC</createdTime>
<ownerDesignName>EFT_S9</ownerDesignName>
<shouldEngineer>false</shouldEngineer>
<importedID>8517D113-FE5F-281D-9774-8BD79350D218</importedID>
<indexState>Unique Constraint</indexState>
<isSurrogateKey>false</isSurrogateKey>
<indexColumnUsage>
<colUsage columnID="B4408E58-FED6-2CBE-28E9-A941E0B98850"/>
</indexColumnUsage>
</ind_PK_UK>
<ind_PK_UK id="3883F8BD-63B4-5C31-F330-79BF3DC01A86" name="fk_jefe_empleado">
<createdBy>Maximiliano</createdBy>
<createdTime>2025-10-09 00:49:50 UTC</createdTime>
<ownerDesignName>EFT_S9</ownerDesignName>
<indexState>Foreign Key</indexState>
<isSurrogateKey>false</isSurrogateKey>
<indexColumnUsage>
<colUsage columnID="B4408E58-FED6-2CBE-28E9-A941E0B98850"/>
</indexColumnUsage>
</ind_PK_UK>
</indexes>
</Table>