<?xml version = '1.0' encoding = 'UTF-8'?>
<Table class="oracle.dbtools.crest.model.design.relational.Table" directorySegmentName="seg_0" id="F57D742F-F215-97A3-B22E-0FF1FEE538A9" name="TURNO">
<sourceDDLFile>probrando.SQL</sourceDDLFile>
<createdBy>Maximiliano</createdBy>
<createdTime>2025-10-09 00:49:50 UTC</createdTime>
<ownerDesignName>EFT_S9</ownerDesignName>
<importedID>32669728-84AB-D403-50F6-71FD496E0799</importedID>
<allowColumnReorder>false</allowColumnReorder>
<existDependencyGenerateInDDl>true</existDependencyGenerateInDDl>
<parsed>true</parsed>
<columns itemClass="oracle.dbtools.crest.model.design.relational.Column">
<Column name="id_turno" id="9ADC1409-3C06-E4CC-C23E-8B17E16B6248">
<sourceDDLFile>probrando.SQL</sourceDDLFile>
<createdBy>Maximiliano</createdBy>
<createdTime>2025-10-09 00:49:50 UTC</createdTime>
<ownerDesignName>EFT_S9</ownerDesignName>
<importedID>F07A8353-A911-43F1-226F-8F1134CC217F</importedID>
<use>0</use>
<logicalDatatype>LOGDT019</logicalDatatype>
<domain>8E11A3B8-071E-8162-A9FF-1AE586026A4A</domain>
<ownDataTypeParameters>,,</ownDataTypeParameters>
<autoIncrementCycle>false</autoIncrementCycle>
</Column>
<Column name="nombre" id="95B5D9F2-4B49-0ABE-8E64-84C1E66022A9">
<sourceDDLFile>probrando.SQL</sourceDDLFile>
<createdBy>Maximiliano</createdBy>
<createdTime>2025-10-09 00:49:50 UTC</createdTime>
<ownerDesignName>EFT_S9</ownerDesignName>
<importedID>3FFC4D72-954E-96C8-A356-CB1A1798EDB5</importedID>
<use>0</use>
<logicalDatatype>LOGDT024</logicalDatatype>
<domain>8D733FCD-B049-990D-107C-E7C79E08900B</domain>
<ownDataTypeParameters>,,</ownDataTypeParameters>
<autoIncrementCycle>false</autoIncrementCycle>
</Column>
<Column name="hora_inicio" id="D8F37E97-2236-E957-01DB-CEF0ECA0CF79">
<sourceDDLFile>probrando.SQL</sourceDDLFile>
<createdBy>Maximiliano</createdBy>
<createdTime>2025-10-09 00:49:50 UTC</createdTime>
<ownerDesignName>EFT_S9</ownerDesignName>
<importedID>DE927587-183C-D54A-AF60-9020B3F62522</importedID>
<use>0</use>
<logicalDatatype>LOGDT025</logicalDatatype>
<domain>BC05C4DE-1083-1877-8EAD-D93AD4BCD447</domain>
<ownDataTypeParameters>,,</ownDataTypeParameters>
<autoIncrementCycle>false</autoIncrementCycle>
</Column>
<Column name="hora_termino" id="FF6C46AA-3946-D0D9-71C6-9C205E6EE17D">
<sourceDDLFile>probrando.SQL</sourceDDLFile>
<createdBy>Maximiliano</createdBy>
<createdTime>2025-10-09 00:49:50 UTC</createdTime>
<ownerDesignName>EFT_S9</ownerDesignName>
<importedID>9B63746B-EB83-8EA4-D676-9D2AD6B4B921</importedID>
<use>0</use>
<logicalDatatype>LOGDT025</logicalDatatype>
<domain>BC05C4DE-1083-1877-8EAD-D93AD4BCD447</domain>
<ownDataTypeParameters>,,</ownDataTypeParameters>
<autoIncrementCycle>false</autoIncrementCycle>
</Column>
</columns>
<indexes itemClass="oracle.dbtools.crest.model.design.relational.Index">
<ind_PK_UK id="6E9B1B9E-99DB-AF63-CD09-F9F9E122D8CC" name="TURNO_PK">
<sourceDDLFile>probrando.SQL</sourceDDLFile>
<createdBy>Maximiliano</createdBy>
<createdTime>2025-10-09 00:49:50 UTC</createdTime>
<ownerDesignName>EFT_S9</ownerDesignName>
<importedID>0B562C0E-48E2-9BB8-B0C4-186E804A6EC4</importedID>
<pk>true</pk>
<indexState>Primary Constraint</indexState>
<isSurrogateKey>false</isSurrogateKey>
<indexColumnUsage>
<colUsage columnID="9ADC1409-3C06-E4CC-C23E-8B17E16B6248"/>
</indexColumnUsage>
</ind_PK_UK>
<ind_PK_UK id="313BD0E2-4FA0-B068-C269-4D89A67F0BC1" name="TURNO_nombre_UN">
<sourceDDLFile>probrando.SQL</sourceDDLFile>
<createdBy>Maximiliano</createdBy>
<createdTime>2025-10-09 00:49:50 UTC</createdTime>
<ownerDesignName>EFT_S9</ownerDesignName>
<importedID>79ACD061-7301-454B-724B-5F47B7D00C0D</importedID>
<indexState>Unique Constraint</indexState>
<isSurrogateKey>false</isSurrogateKey>
<indexColumnUsage>
<colUsage columnID="95B5D9F2-4B49-0ABE-8E64-84C1E66022A9"/>
</indexColumnUsage>
</ind_PK_UK>
</indexes>
<tableCheckConstraints itemClass="oracle.dbtools.crest.model.design.constraint.TableLevelConstraint">
<tableCheckConstraint name="ck_turno_hora_inicio" directorySegmentName="seg_0" id="8BBDCADE-1663-D57C-0E5D-ACE2F7FE7AAC">
<sourceDDLFile>probrando.SQL</sourceDDLFile>
<createdBy>Maximiliano</createdBy>
<createdTime>2025-10-09 00:49:50 UTC</createdTime>
<ownerDesignName>EFT_S9_Maximiliano_Palasezze_Grupo_12</ownerDesignName>
<importedID>33C6FB8F-6DCC-7533-B156-13B368843B34</importedID>
<rule><![CDATA[REGEXP_LIKE(hora_inicio, '^(0[0-9]|1[0-9]|2[0-3]):[0-5][0-9]$')]]></rule>
</tableCheckConstraint>
<tableCheckConstraint name="ck_turno_hora_termino" directorySegmentName="seg_0" id="0E06B3E9-6FF7-F89D-4E09-2BC4A2294767">
<sourceDDLFile>probrando.SQL</sourceDDLFile>
<createdBy>Maximiliano</createdBy>
<createdTime>2025-10-09 00:49:50 UTC</createdTime>
<ownerDesignName>EFT_S9_Maximiliano_Palasezze_Grupo_12</ownerDesignName>
<importedID>B643C461-AD6A-171B-B6CB-618EED9D0C02</importedID>
<rule><![CDATA[REGEXP_LIKE(hora_termino, '^(0[0-9]|1[0-9]|2[0-3]):[0-5][0-9]$')]]></rule>
</tableCheckConstraint>
</tableCheckConstraints>
</Table>