<?xml version = '1.0' encoding = 'UTF-8'?>
<Relation class="oracle.dbtools.crest.model.design.logical.Relation" name="EMPLEADO PLANTA FK" directorySegmentName="seg_0" id="08F1194D-C027-60F7-1ED9-46115F9F9F4D">
<createdBy>Maximiliano</createdBy>
<createdTime>2025-10-09 01:05:10 UTC</createdTime>
<generatorID>872B45F4-D169-86A2-92BE-B28D9FAA9B3F</generatorID>
<ownerDesignName>EFT_S9</ownerDesignName>
<engineerTo>
<item key="5276146F-A2C0-1904-4958-B00E54809284" value="true"/>
</engineerTo>
<sourcePk>9018BD4C-BA39-51AF-F893-4F5498C02D9C</sourcePk>
<identifying>false</identifying>
<optionalSource>true</optionalSource>
<optionalTarget>false</optionalTarget>
<sourceCardinality>1</sourceCardinality>
<sourceEntity>996A6D9B-B699-83E3-52FD-4F55762B4F31</sourceEntity>
<targetCardinalityString>*</targetCardinalityString>
<targetEntity>52CDD02E-B8AD-D6E3-F27C-4D7660ABDECB</targetEntity>
<transferable>true</transferable>
<deleteRule>NO ACTION</deleteRule>
</Relation>