<?xml version = '1.0' encoding = 'UTF-8'?>
<Relation class="oracle.dbtools.crest.model.design.logical.Relation" name="ASIGNACION TURNO MAQUINA FK" directorySegmentName="seg_0" id="093E2E1A-0BE9-A471-E071-B53CB494C86B">
<createdBy>Maximiliano</createdBy>
<createdTime>2025-10-09 01:05:10 UTC</createdTime>
<generatorID>99DACECE-0FBB-0221-6E0A-BF1DCA36A5D6</generatorID>
<ownerDesignName>EFT_S9</ownerDesignName>
<engineerTo>
<item key="5276146F-A2C0-1904-4958-B00E54809284" value="true"/>
</engineerTo>
<sourcePk>D5383E68-92BD-0067-AD85-1B5AB9727A93</sourcePk>
<identifying>false</identifying>
<optionalSource>true</optionalSource>
<optionalTarget>false</optionalTarget>
<sourceCardinality>1</sourceCardinality>
<sourceEntity>557F29AB-D245-937F-3246-2B8D40AF4CE6</sourceEntity>
<targetCardinalityString>*</targetCardinalityString>
<targetEntity>F47984EE-0527-A1BA-A372-A75C4402E558</targetEntity>
<transferable>true</transferable>
<deleteRule>NO ACTION</deleteRule>
</Relation>