<?xml version = '1.0' encoding = 'UTF-8'?>
<Relation class="oracle.dbtools.crest.model.design.logical.Relation" name="fk_tecnico_empleado" directorySegmentName="seg_0" id="1C69D79C-BAC8-81E8-AE64-0EBEFDC8BD90">
<createdBy>Maximiliano</createdBy>
<createdTime>2025-10-13 00:24:37 UTC</createdTime>
<generatorID>D393259B-598C-5ABA-C332-13F665A422C8</generatorID>
<ownerDesignName>EFT_S9</ownerDesignName>
<engineerTo>
<item key="5276146F-A2C0-1904-4958-B00E54809284" value="true"/>
</engineerTo>
<sourcePk>1407E5F9-7F9B-3477-9224-A17A1DD8957A</sourcePk>
<arc>4302722F-B111-A832-ED5E-E005097150D1</arc>
<dominantRole>52CDD02E-B8AD-D6E3-F27C-4D7660ABDECB</dominantRole>
<identifying>true</identifying>
<optionalSource>false</optionalSource>
<optionalTarget>false</optionalTarget>
<sourceCardinality>1</sourceCardinality>
<sourceEntity>52CDD02E-B8AD-D6E3-F27C-4D7660ABDECB</sourceEntity>
<targetCardinalityString>1</targetCardinalityString>
<targetEntity>52C80368-059A-6A72-BB1D-EFEAF164403C</targetEntity>
<transferable>true</transferable>
<deleteRule>CASCADE</deleteRule>
</Relation>