<?xml version = '1.0' encoding = 'UTF-8'?>
<Relation class="oracle.dbtools.crest.model.design.logical.Relation" name="COMUNA REGION FK" directorySegmentName="seg_0" id="339A2342-E4B2-B521-AC00-E24E0F59CBD9">
<createdBy>Maximiliano</createdBy>
<createdTime>2025-10-09 01:05:10 UTC</createdTime>
<generatorID>A197DFCC-31FD-8956-72E9-3F8FF4105812</generatorID>
<ownerDesignName>EFT_S9</ownerDesignName>
<engineerTo>
<item key="5276146F-A2C0-1904-4958-B00E54809284" value="true"/>
</engineerTo>
<sourcePk>92786754-24A8-59B5-3C79-F15F630FC21B</sourcePk>
<identifying>false</identifying>
<optionalSource>true</optionalSource>
<optionalTarget>false</optionalTarget>
<sourceCardinality>1</sourceCardinality>
<sourceEntity>C16B4927-B8BB-A06A-6061-78E2189BA7BB</sourceEntity>
<targetCardinalityString>*</targetCardinalityString>
<targetEntity>60E94142-D6F9-A75D-8C69-DF2195D8C496</targetEntity>
<transferable>true</transferable>
<deleteRule>NO ACTION</deleteRule>
</Relation>