<?xml version = '1.0' encoding = 'UTF-8'?>
<Relation class="oracle.dbtools.crest.model.design.logical.Relation" name="EMPLEADO EMPLEADO FK" directorySegmentName="seg_0" id="3EF3B84A-D382-CD68-D9A6-E708B1D91CB0">
<createdBy>Maximiliano</createdBy>
<createdTime>2025-10-09 01:05:10 UTC</createdTime>
<generatorID>462180CB-5180-6377-A2B7-56929C6453E1</generatorID>
<ownerDesignName>EFT_S9</ownerDesignName>
<engineerTo>
<item key="5276146F-A2C0-1904-4958-B00E54809284" value="true"/>
</engineerTo>
<targetPk>1407E5F9-7F9B-3477-9224-A17A1DD8957A</targetPk>
<identifying>false</identifying>
<optionalSource>true</optionalSource>
<optionalTarget>true</optionalTarget>
<sourceCardinality>1</sourceCardinality>
<sourceEntity>52CDD02E-B8AD-D6E3-F27C-4D7660ABDECB</sourceEntity>
<targetCardinalityString>*</targetCardinalityString>
<targetEntity>52CDD02E-B8AD-D6E3-F27C-4D7660ABDECB</targetEntity>
<transferable>true</transferable>
<deleteRule>NO ACTION</deleteRule>
</Relation>