<?xml version = '1.0' encoding = 'UTF-8'?>
<Relation class="oracle.dbtools.crest.model.design.logical.Relation" name="EMPLEADO SISTEMA SALUD FK" directorySegmentName="seg_0" id="540BD955-4889-20A4-E9B5-56AB9E579DDC">
<createdBy>Maximiliano</createdBy>
<createdTime>2025-10-09 01:05:10 UTC</createdTime>
<generatorID>FE1C7668-E8AD-F49B-88B8-97CEBEB63A72</generatorID>
<ownerDesignName>EFT_S9</ownerDesignName>
<engineerTo>
<item key="5276146F-A2C0-1904-4958-B00E54809284" value="true"/>
</engineerTo>
<sourcePk>EE5FD32E-94E0-3C6D-556F-57DCA4AE2F0F</sourcePk>
<identifying>false</identifying>
<optionalSource>true</optionalSource>
<optionalTarget>false</optionalTarget>
<sourceCardinality>1</sourceCardinality>
<sourceEntity>B8B539C4-406F-4912-D75D-30AA4FB28CB8</sourceEntity>
<targetCardinalityString>*</targetCardinalityString>
<targetEntity>52CDD02E-B8AD-D6E3-F27C-4D7660ABDECB</targetEntity>
<transferable>true</transferable>
<deleteRule>NO ACTION</deleteRule>
</Relation>