<?xml version = '1.0' encoding = 'UTF-8'?>
<Relation class="oracle.dbtools.crest.model.design.logical.Relation" name="fk_jefe_empleado" directorySegmentName="seg_0" id="59C5F041-7256-496E-1D8B-278E1B88BC4E">
<createdBy>Maximiliano</createdBy>
<createdTime>2025-10-13 00:24:37 UTC</createdTime>
<generatorID>CB53D713-D76A-9CD7-3818-DC022DBBFE65</generatorID>
<ownerDesignName>EFT_S9</ownerDesignName>
<engineerTo>
<item key="5276146F-A2C0-1904-4958-B00E54809284" value="true"/>
</engineerTo>
<sourcePk>1407E5F9-7F9B-3477-9224-A17A1DD8957A</sourcePk>
<arc>4302722F-B111-A832-ED5E-E005097150D1</arc>
<dominantRole>52CDD02E-B8AD-D6E3-F27C-4D7660ABDECB</dominantRole>
<identifying>true</identifying>
<optionalSource>false</optionalSource>
<optionalTarget>false</optionalTarget>
<sourceCardinality>1</sourceCardinality>
<sourceEntity>52CDD02E-B8AD-D6E3-F27C-4D7660ABDECB</sourceEntity>
<targetCardinalityString>1</targetCardinalityString>
<targetEntity>249189EC-8EB0-EE66-53B6-97327FD7DEC0</targetEntity>
<transferable>true</transferable>
<deleteRule>CASCADE</deleteRule>
</Relation>