<?xml version = '1.0' encoding = 'UTF-8'?>
<Relation class="oracle.dbtools.crest.model.design.logical.Relation" name="EMPLEADO AFP FK" directorySegmentName="seg_0" id="66D9F3A7-A44B-F6A6-2C07-FC4E4B44AE65">
<createdBy>Maximiliano</createdBy>
<createdTime>2025-10-09 01:05:10 UTC</createdTime>
<generatorID>DFE93F2F-A351-F4D0-748A-66A26022370D</generatorID>
<ownerDesignName>EFT_S9</ownerDesignName>
<engineerTo>
<item key="5276146F-A2C0-1904-4958-B00E54809284" value="true"/>
</engineerTo>
<sourcePk>60B936BC-B9A0-BD4D-D316-2A65547FAC97</sourcePk>
<identifying>false</identifying>
<optionalSource>true</optionalSource>
<optionalTarget>false</optionalTarget>
<sourceCardinality>1</sourceCardinality>
<sourceEntity>F6021772-0F2B-3CD0-4C07-2AC4CAD4EDDE</sourceEntity>
<targetCardinalityString>*</targetCardinalityString>
<targetEntity>52CDD02E-B8AD-D6E3-F27C-4D7660ABDECB</targetEntity>
<transferable>true</transferable>
<deleteRule>NO ACTION</deleteRule>
</Relation>