<?xml version = '1.0' encoding = 'UTF-8'?>
<Relation class="oracle.dbtools.crest.model.design.logical.Relation" name="ASIGNACION TURNO EMPLEADO FK" directorySegmentName="seg_0" id="7635C999-64D4-D41F-BF5A-83497E3413BE">
<createdBy>Maximiliano</createdBy>
<createdTime>2025-10-09 01:05:10 UTC</createdTime>
<generatorID>B2AEB4C7-0CF8-2C2B-320A-28ED8BA6D1EB</generatorID>
<ownerDesignName>EFT_S9</ownerDesignName>
<engineerTo>
<item key="5276146F-A2C0-1904-4958-B00E54809284" value="true"/>
</engineerTo>
<sourcePk>1407E5F9-7F9B-3477-9224-A17A1DD8957A</sourcePk>
<identifying>false</identifying>
<optionalSource>true</optionalSource>
<optionalTarget>false</optionalTarget>
<sourceCardinality>1</sourceCardinality>
<sourceEntity>52CDD02E-B8AD-D6E3-F27C-4D7660ABDECB</sourceEntity>
<targetCardinalityString>*</targetCardinalityString>
<targetEntity>F47984EE-0527-A1BA-A372-A75C4402E558</targetEntity>
<transferable>true</transferable>
<deleteRule>NO ACTION</deleteRule>
</Relation>