<?xml version = '1.0' encoding = 'UTF-8'?>
<Relation class="oracle.dbtools.crest.model.design.logical.Relation" name="PLANTA COMUNA FK" directorySegmentName="seg_0" id="A336B4D1-3E50-A8A3-5668-E74D3319177C">
<createdBy>Maximiliano</createdBy>
<createdTime>2025-10-09 01:05:10 UTC</createdTime>
<generatorID>76D767DF-C5EA-2E41-699E-14595B431435</generatorID>
<ownerDesignName>EFT_S9</ownerDesignName>
<engineerTo>
<item key="5276146F-A2C0-1904-4958-B00E54809284" value="true"/>
</engineerTo>
<sourcePk>E92D1664-C083-C3C5-60D4-E87352427A30</sourcePk>
<identifying>false</identifying>
<optionalSource>true</optionalSource>
<optionalTarget>false</optionalTarget>
<sourceCardinality>1</sourceCardinality>
<sourceEntity>60E94142-D6F9-A75D-8C69-DF2195D8C496</sourceEntity>
<targetCardinalityString>*</targetCardinalityString>
<targetEntity>996A6D9B-B699-83E3-52FD-4F55762B4F31</targetEntity>
<transferable>true</transferable>
<deleteRule>NO ACTION</deleteRule>
</Relation>