<?xml version = '1.0' encoding = 'UTF-8'?>
<Relation class="oracle.dbtools.crest.model.design.logical.Relation" name="fk_operario_empleado" directorySegmentName="seg_0" id="C975F979-1782-696A-0ACE-FD7FD9ACB635">
<createdBy>Maximiliano</createdBy>
<createdTime>2025-10-13 00:24:37 UTC</createdTime>
<generatorID>D1B69D1B-541E-813F-EE13-EDDA28B65226</generatorID>
<ownerDesignName>EFT_S9</ownerDesignName>
<engineerTo>
<item key="5276146F-A2C0-1904-4958-B00E54809284" value="true"/>
</engineerTo>
<sourcePk>1407E5F9-7F9B-3477-9224-A17A1DD8957A</sourcePk>
<arc>4302722F-B111-A832-ED5E-E005097150D1</arc>
<dominantRole>52CDD02E-B8AD-D6E3-F27C-4D7660ABDECB</dominantRole>
<identifying>true</identifying>
<optionalSource>false</optionalSource>
<optionalTarget>false</optionalTarget>
<sourceCardinality>1</sourceCardinality>
<sourceEntity>52CDD02E-B8AD-D6E3-F27C-4D7660ABDECB</sourceEntity>
<targetCardinalityString>1</targetCardinalityString>
<targetEntity>DB99EE2C-BDB7-587A-DDFB-F0AB9E052B06</targetEntity>
<transferable>true</transferable>
<deleteRule>CASCADE</deleteRule>
</Relation>