<?xml version = '1.0' encoding = 'UTF-8'?>
<Relation class="oracle.dbtools.crest.model.design.logical.Relation" name="ORDEN MANTENCION MAQUINA FK" directorySegmentName="seg_0" id="CABAFED5-9965-001E-2FF9-F3439D90E8B8">
<createdBy>Maximiliano</createdBy>
<createdTime>2025-10-09 01:05:10 UTC</createdTime>
<generatorID>E8A2FC67-8712-95C3-BB2A-F97F7B65E3EB</generatorID>
<ownerDesignName>EFT_S9</ownerDesignName>
<engineerTo>
<item key="5276146F-A2C0-1904-4958-B00E54809284" value="true"/>
</engineerTo>
<sourcePk>D5383E68-92BD-0067-AD85-1B5AB9727A93</sourcePk>
<identifying>false</identifying>
<optionalSource>true</optionalSource>
<optionalTarget>false</optionalTarget>
<sourceCardinality>1</sourceCardinality>
<sourceEntity>557F29AB-D245-937F-3246-2B8D40AF4CE6</sourceEntity>
<targetCardinalityString>*</targetCardinalityString>
<targetEntity>B4F69F13-B0B4-C690-C0EA-E6F784D0FA89</targetEntity>
<transferable>true</transferable>
<deleteRule>NO ACTION</deleteRule>
</Relation>