<?xml version = '1.0' encoding = 'UTF-8'?>
<Relation class="oracle.dbtools.crest.model.design.logical.Relation" name="MAQUINA TIPO MAQUINA FK" directorySegmentName="seg_0" id="CBAB4A55-5A29-3313-C7B2-E32934954A56">
<createdBy>Maximiliano</createdBy>
<createdTime>2025-10-09 01:05:10 UTC</createdTime>
<generatorID>58DFE0A1-4322-C5CC-07A8-045A3C5E825D</generatorID>
<ownerDesignName>EFT_S9</ownerDesignName>
<engineerTo>
<item key="5276146F-A2C0-1904-4958-B00E54809284" value="true"/>
</engineerTo>
<sourcePk>F43B6CE1-9C41-2D67-C059-AB0264E230BB</sourcePk>
<identifying>false</identifying>
<optionalSource>true</optionalSource>
<optionalTarget>false</optionalTarget>
<sourceCardinality>1</sourceCardinality>
<sourceEntity>CAB37D9B-DFC9-9E34-95E9-A991B89D04B5</sourceEntity>
<targetCardinalityString>*</targetCardinalityString>
<targetEntity>557F29AB-D245-937F-3246-2B8D40AF4CE6</targetEntity>
<transferable>true</transferable>
<deleteRule>NO ACTION</deleteRule>
</Relation>