<?xml version = '1.0' encoding = 'UTF-8'?>
<Relation class="oracle.dbtools.crest.model.design.logical.Relation" name="ASIGNACION TURNO TURNO FK" directorySegmentName="seg_0" id="E71E043D-052D-BA5E-095F-E19B3E0BE530">
<createdBy>Maximiliano</createdBy>
<createdTime>2025-10-09 01:05:10 UTC</createdTime>
<generatorID>92B623CF-2BB5-2A48-66B9-35DD1E2649D6</generatorID>
<ownerDesignName>EFT_S9</ownerDesignName>
<engineerTo>
<item key="5276146F-A2C0-1904-4958-B00E54809284" value="true"/>
</engineerTo>
<sourcePk>AEB1D508-4C19-A140-3640-6C857FB98BBB</sourcePk>
<identifying>false</identifying>
<optionalSource>true</optionalSource>
<optionalTarget>false</optionalTarget>
<sourceCardinality>1</sourceCardinality>
<sourceEntity>78EDB3F2-CB4B-0048-8410-6C4C69D05E8D</sourceEntity>
<targetCardinalityString>*</targetCardinalityString>
<targetEntity>F47984EE-0527-A1BA-A372-A75C4402E558</targetEntity>
<transferable>true</transferable>
<deleteRule>NO ACTION</deleteRule>
</Relation>