<?xml version = '1.0' encoding = 'UTF-8'?>
<Relation class="oracle.dbtools.crest.model.design.logical.Relation" name="ORDEN MANTENCION TECNICO MANTENCION FK" directorySegmentName="seg_0" id="E8234B5A-6B44-1B78-EBC8-7F61F0C0F2E4">
<createdBy>Maximiliano</createdBy>
<createdTime>2025-10-09 01:05:10 UTC</createdTime>
<generatorID>DF453420-AC3E-8B54-F9B7-37C2A07A8353</generatorID>
<ownerDesignName>EFT_S9</ownerDesignName>
<engineerTo>
<item key="5276146F-A2C0-1904-4958-B00E54809284" value="true"/>
</engineerTo>
<sourcePk>68AFB504-6F06-AB57-3783-0C9C4EE9849E</sourcePk>
<identifying>false</identifying>
<optionalSource>true</optionalSource>
<optionalTarget>false</optionalTarget>
<sourceCardinality>1</sourceCardinality>
<sourceEntity>52C80368-059A-6A72-BB1D-EFEAF164403C</sourceEntity>
<targetCardinalityString>*</targetCardinalityString>
<targetEntity>B4F69F13-B0B4-C690-C0EA-E6F784D0FA89</targetEntity>
<transferable>true</transferable>
<deleteRule>NO ACTION</deleteRule>
</Relation>