<?xml version = '1.0' encoding = 'UTF-8'?>
<Relation class="oracle.dbtools.crest.model.design.logical.Relation" name="MAQUINA PLANTA FK" directorySegmentName="seg_0" id="F0538FE4-F5A0-27D8-F1A8-EF28D1011DF2">
<createdBy>Maximiliano</createdBy>
<createdTime>2025-10-09 01:05:10 UTC</createdTime>
<generatorID>0400611D-07AB-96D3-D99B-C761C2C9E135</generatorID>
<ownerDesignName>EFT_S9</ownerDesignName>
<engineerTo>
<item key="5276146F-A2C0-1904-4958-B00E54809284" value="true"/>
</engineerTo>
<sourcePk>9018BD4C-BA39-51AF-F893-4F5498C02D9C</sourcePk>
<identifying>true</identifying>
<optionalSource>true</optionalSource>
<optionalTarget>false</optionalTarget>
<sourceCardinality>1</sourceCardinality>
<sourceEntity>996A6D9B-B699-83E3-52FD-4F55762B4F31</sourceEntity>
<targetCardinalityString>*</targetCardinalityString>
<targetEntity>557F29AB-D245-937F-3246-2B8D40AF4CE6</targetEntity>
<transferable>true</transferable>
<deleteRule>NO ACTION</deleteRule>
</Relation>