<?xml version = '1.0' encoding = 'UTF-8'?>
<Diagram class="oracle.dbtools.crest.swingui.logical.DPVLogical" name="Logical" id="5CA9565C-84EB-8CF4-397C-062AE2DD0993">
<createdBy>Maximiliano</createdBy>
<modifiedBy>Maximiliano</modifiedBy>
<createdTime>2025-09-08 23:05:49 UTC</createdTime>
<autoRoute>false</autoRoute>
<boxInbox>false</boxInbox>
<showLegend>false</showLegend>
<showLabels>true</showLabels>
<showRelAttributes>true</showRelAttributes>
<gridEnabled>false</gridEnabled>
<showGrid>false</showGrid>
<diagramColor>-1</diagramColor>
<display>false</display>
<notation>0</notation>
<objectViews>
<OView class="oracle.dbtools.crest.swingui.logical.TVEntity" oid="0B5E6956-E3CE-3C26-9449-93108E9B506E" otype="Entity" vid="2A2E5B01-6DF5-DA6D-79A5-16B1602DD7D1">
<hideElementsInCurrentOnly>false</hideElementsInCurrentOnly>
<bounds x="602" y="431" width="169" height="122"/>
</OView>
<OView class="oracle.dbtools.crest.swingui.logical.TVEntity" oid="1326EAAB-F4DD-70E8-E78A-A5F802BCAEB8" otype="Entity" vid="4412F79C-B51A-32BE-B99D-9757E29466B3">
<hideElementsInCurrentOnly>false</hideElementsInCurrentOnly>
<bounds x="53" y="265" width="177" height="88"/>
</OView>
<OView class="oracle.dbtools.crest.swingui.logical.TVEntity" oid="1F5DB26D-9AC4-0214-8B2E-0DEBEEF6352F" otype="Entity" vid="0DDBB9FD-0C51-954C-6FFA-EFBA207E7D42">
<hideElementsInCurrentOnly>false</hideElementsInCurrentOnly>
<bounds x="841" y="325" width="233" height="178"/>
</OView>
<OView class="oracle.dbtools.crest.swingui.logical.TVEntity" oid="434C6262-1FAE-C8DB-195A-71A9B17E1299" otype="Entity" vid="E5806777-311B-7F3F-D50C-4F869BF82249">
<hideElementsInCurrentOnly>false</hideElementsInCurrentOnly>
<bounds x="1234" y="7" width="236" height="85"/>
</OView>
<OView class="oracle.dbtools.crest.swingui.TVNote" oid="57C0F062-EB05-8E2C-8A3C-0C139FA2EDEA" otype="Note" vid="D6ACC6A0-8B18-0512-916A-52CDA482CB61">
<hideElementsInCurrentOnly>false</hideElementsInCurrentOnly>
<bounds x="37" y="7" width="199" height="63"/>
<comment>2FN: PK compuesta (postulante_id + titulo_id).
Regla: máx. 2 títulos por postulante (trigger).</comment>
</OView>
<OView class="oracle.dbtools.crest.swingui.logical.TVEntity" oid="5979377E-8F70-105D-886C-869F6D4432C5" otype="Entity" vid="E6E6C4E2-C15A-34C0-82A8-07EA25468967">
<hideElementsInCurrentOnly>false</hideElementsInCurrentOnly>
<bounds x="1271" y="117" width="241" height="106"/>
</OView>
<OView class="oracle.dbtools.crest.swingui.TVNote" oid="5D2D2987-C725-988D-BAF8-1537297F6D1F" otype="Note" vid="28DB72EC-0287-3B10-167B-45D14987F21B">
<hideElementsInCurrentOnly>false</hideElementsInCurrentOnly>
<bounds x="1010" y="180" width="229" height="86"/>
<comment>MER-E: Supertipo con subtipos NACIONAL/EXTRANJERA.
Regla: según país de EMPRESA → exige un subtipo y prohíbe el otro.</comment>
</OView>
<OView class="oracle.dbtools.crest.swingui.logical.TVEntity" oid="5D9D06C0-E220-22E5-7D61-E72DEE971FED" otype="Entity" vid="975747DB-3587-AB56-FB6B-ADE9E0BD3C9E">
<hideElementsInCurrentOnly>false</hideElementsInCurrentOnly>
<bounds x="835" y="16" width="270" height="150"/>
</OView>
<OView class="oracle.dbtools.crest.swingui.logical.TVEntity" oid="A56F0972-DE8E-EEA0-0811-FFDE3A1F8BAE" otype="Entity" vid="527AF5EF-3325-2A99-0AFB-1C2C7E1006D4">
<hideElementsInCurrentOnly>false</hideElementsInCurrentOnly>
<bounds x="379" y="11" width="254" height="276"/>
</OView>
<OView class="oracle.dbtools.crest.swingui.TVNote" oid="BCF835F1-7C2B-CA59-8DB5-948A46B079EA" otype="Note" vid="9AFB9221-C718-1319-5483-F4AC2269FAA8">
<hideElementsInCurrentOnly>false</hideElementsInCurrentOnly>
<bounds x="854" y="504" width="224" height="91"/>
<comment>Reglas de negocio:
- remuneración_max ∈ [1.850.000 – 4.800.000] CLP.
- cod_empresa = sigla+correlativo (ej.: ora01).
</comment>
</OView>
<OView class="oracle.dbtools.crest.swingui.logical.TVEntity" oid="BDFBDAEC-F235-7CE4-3175-AD579197BAD7" otype="Entity" vid="8356FDA3-643D-EFC3-4309-E4E339240ADD">
<hideElementsInCurrentOnly>false</hideElementsInCurrentOnly>
<bounds x="321" y="426" width="171" height="88"/>
</OView>
<OView class="oracle.dbtools.crest.swingui.logical.TVEntity" oid="E4A70541-0137-DD0A-8A56-233402956F77" otype="Entity" vid="D8A6B71C-7A2F-83BA-4403-AA802D19CE53">
<hideElementsInCurrentOnly>false</hideElementsInCurrentOnly>
<bounds x="24" y="84" width="261" height="122"/>
</OView>
<OView class="oracle.dbtools.crest.swingui.TVNote" oid="FDD771CC-3998-0F0B-B550-A6195AEF3F64" otype="Note" vid="7385F1FF-3951-B96A-BA82-DEA4AA1FEE46">
<hideElementsInCurrentOnly>false</hideElementsInCurrentOnly>
<bounds x="365" y="290" width="215" height="74"/>
<comment>Únicos: folio, email, sitio_web (opcional pero único).
RUT: solo chilenos; validar dígito verificador (0–9/K).</comment>
</OView>
</objectViews>
<connectors>
<Connector class="oracle.dbtools.crest.swingui.logical.TVRelation" oid="0A4B3B9A-0EA8-A7FF-42F4-ABCFB3E0544E" otype="Relation" vid_source="2A2E5B01-6DF5-DA6D-79A5-16B1602DD7D1" vid_target="0DDBB9FD-0C51-954C-6FFA-EFBA207E7D42">
<hideElementsInCurrentOnly>false</hideElementsInCurrentOnly>
<backgroundColor>-16777216</backgroundColor>
<lineWidth>1</lineWidth>
<points>
<point x="771" y="467"/>
<point x="841" y="467"/>
</points>
</Connector>
<Connector class="oracle.dbtools.crest.swingui.logical.TVRelation" oid="2898039C-AD37-4B54-C75F-17AA37AACE31" otype="Relation" vid_source="2A2E5B01-6DF5-DA6D-79A5-16B1602DD7D1" vid_target="527AF5EF-3325-2A99-0AFB-1C2C7E1006D4">
<hideElementsInCurrentOnly>false</hideElementsInCurrentOnly>
<backgroundColor>-16777216</backgroundColor>
<lineWidth>1</lineWidth>
<points>
<point x="617" y="431"/>
<point x="617" y="287"/>
</points>
</Connector>
<Connector class="oracle.dbtools.crest.swingui.logical.TVRelation" oid="3013BB10-8B30-589C-48A1-43A507D776BC" otype="Relation" vid_source="527AF5EF-3325-2A99-0AFB-1C2C7E1006D4" vid_target="975747DB-3587-AB56-FB6B-ADE9E0BD3C9E">
<hideElementsInCurrentOnly>false</hideElementsInCurrentOnly>
<backgroundColor>-16777216</backgroundColor>
<lineWidth>1</lineWidth>
<points>
<point x="633" y="91"/>
<point x="835" y="91"/>
</points>
</Connector>
<Connector class="oracle.dbtools.crest.swingui.logical.TVRelation" oid="4459487A-6DDF-F263-792E-7CB07E6D6CFE" otype="Relation" vid_source="0DDBB9FD-0C51-954C-6FFA-EFBA207E7D42" vid_target="975747DB-3587-AB56-FB6B-ADE9E0BD3C9E">
<hideElementsInCurrentOnly>false</hideElementsInCurrentOnly>
<backgroundColor>-16777216</backgroundColor>
<lineWidth>1</lineWidth>
<points>
<point x="957" y="325"/>
<point x="957" y="166"/>
</points>
</Connector>
<Connector class="oracle.dbtools.crest.swingui.logical.TVRelation" oid="570C8BE8-705A-EFBD-338D-04F3D78030F4" otype="Relation" vid_source="8356FDA3-643D-EFC3-4309-E4E339240ADD" vid_target="2A2E5B01-6DF5-DA6D-79A5-16B1602DD7D1">
<hideElementsInCurrentOnly>false</hideElementsInCurrentOnly>
<backgroundColor>-16777216</backgroundColor>
<lineWidth>1</lineWidth>
<points>
<point x="492" y="472"/>
<point x="602" y="472"/>
</points>
</Connector>
<Connector class="oracle.dbtools.crest.swingui.logical.TVRelation" oid="B5323696-10F7-1252-7BFD-3E3E01C2B135" otype="Relation" vid_source="4412F79C-B51A-32BE-B99D-9757E29466B3" vid_target="D8A6B71C-7A2F-83BA-4403-AA802D19CE53">
<hideElementsInCurrentOnly>false</hideElementsInCurrentOnly>
<backgroundColor>-16777216</backgroundColor>
<lineWidth>1</lineWidth>
<points>
<point x="141" y="265"/>
<point x="141" y="206"/>
</points>
</Connector>
<Connector class="oracle.dbtools.crest.swingui.logical.TVInheritanceRelation" oid="C4F46F87-3C60-C01A-17D3-009826F55765" otype="Hierarchy relation" vid_source="975747DB-3587-AB56-FB6B-ADE9E0BD3C9E" vid_target="E6E6C4E2-C15A-34C0-82A8-07EA25468967">
<hideElementsInCurrentOnly>false</hideElementsInCurrentOnly>
<backgroundColor>-65536</backgroundColor>
<lineWidth>1</lineWidth>
<points>
<point x="1105" y="126"/>
<point x="1271" y="126"/>
</points>
</Connector>
<Connector class="oracle.dbtools.crest.swingui.logical.TVRelation" oid="C74D0ADF-B773-B107-2887-47A1400A7590" otype="Relation" vid_source="527AF5EF-3325-2A99-0AFB-1C2C7E1006D4" vid_target="D8A6B71C-7A2F-83BA-4403-AA802D19CE53">
<hideElementsInCurrentOnly>false</hideElementsInCurrentOnly>
<backgroundColor>-16777216</backgroundColor>
<lineWidth>1</lineWidth>
<points>
<point x="379" y="145"/>
<point x="285" y="145"/>
</points>
</Connector>
<Connector class="oracle.dbtools.crest.swingui.logical.TVInheritanceRelation" oid="CD2B70E0-A1E3-AD6F-75E1-AB94039BB8C4" otype="Hierarchy relation" vid_source="975747DB-3587-AB56-FB6B-ADE9E0BD3C9E" vid_target="E5806777-311B-7F3F-D50C-4F869BF82249">
<hideElementsInCurrentOnly>false</hideElementsInCurrentOnly>
<backgroundColor>-65536</backgroundColor>
<lineWidth>1</lineWidth>
<points>
<point x="1105" y="84"/>
<point x="1234" y="84"/>
</points>
</Connector>
</connectors>
<arcs>
<Arc class="oracle.dbtools.crest.swingui.logical.TVArc" oid="068C9674-B509-B11B-9BC2-B9EB0E369B77" otype="Arc" vid="9A4AB9C8-A4EC-A923-9EDB-49E03611586A">
<hideElementsInCurrentOnly>false</hideElementsInCurrentOnly>
<bounds x="1214" y="-13" width="276" height="125"/>
</Arc>
<Arc class="oracle.dbtools.crest.swingui.logical.TVArc" oid="FEAACA38-6FE6-2B6C-AAE5-EB1EA36E59EE" otype="Arc" vid="B214D25A-01CE-3D93-93E2-940578B2CF6C">
<hideElementsInCurrentOnly>false</hideElementsInCurrentOnly>
<bounds x="815" y="-4" width="310" height="190"/>
</Arc>
</arcs>
</Diagram>