<?xml version = '1.0' encoding = 'UTF-8'?>
<Relation class="oracle.dbtools.crest.model.design.logical.Relation" name="Relation_30" directorySegmentName="seg_0" id="10B003B4-0DE5-FF67-1103-9807B3264F76">
<createdBy>Maximiliano</createdBy>
<createdTime>2025-09-02 02:40:48 UTC</createdTime>
<ownerDesignName>vivir_mejor</ownerDesignName>
<engineerTo>
<item key="2A1F1061-4E6E-13C8-2A50-934EF980C1BA" value="true"/>
</engineerTo>
<targetPk>B22B288A-F515-8155-5D40-27059546C1A2</targetPk>
<identifying>false</identifying>
<optionalSource>true</optionalSource>
<optionalTarget>true</optionalTarget>
<sourceCardinality>1</sourceCardinality>
<sourceEntity>419E99AF-E889-26B4-589B-0A34A047038D</sourceEntity>
<targetCardinalityString>*</targetCardinalityString>
<targetEntity>419E99AF-E889-26B4-589B-0A34A047038D</targetEntity>
<transferable>true</transferable>
<deleteRule>NO ACTION</deleteRule>
</Relation>