<?xml version = '1.0' encoding = 'UTF-8'?>
<Relation class="oracle.dbtools.crest.model.design.logical.Relation" name="fk_asig_anexo" directorySegmentName="seg_0" id="15D29391-3E4E-7E0B-E297-F04BFBED20A9">
<createdBy>Maximiliano</createdBy>
<createdTime>2025-09-02 00:40:22 UTC</createdTime>
<ownerDesignName>vivir_mejor</ownerDesignName>
<engineerTo>
<item key="2A1F1061-4E6E-13C8-2A50-934EF980C1BA" value="true"/>
</engineerTo>
<sourcePk>47FF714A-C213-B345-DCC2-C3BC150EA57B</sourcePk>
<identifying>false</identifying>
<optionalSource>false</optionalSource>
<optionalTarget>false</optionalTarget>
<sourceCardinality>1</sourceCardinality>
<sourceEntity>0A0590B1-FC72-D28E-B3E1-57BDFFB01E5A</sourceEntity>
<targetCardinalityString>*</targetCardinalityString>
<targetEntity>B762CDC1-2A95-2E3A-EEF1-9F5FBA491D8E</targetEntity>
<transferable>true</transferable>
<deleteRule>NO ACTION</deleteRule>
</Relation>