<?xml version = '1.0' encoding = 'UTF-8'?>
<Relation class="oracle.dbtools.crest.model.design.logical.Relation" name="Contrato_Apoderado_FK" directorySegmentName="seg_0" id="2452A823-90A7-9E47-7433-CFE70C4CF041">
<createdBy>Maximiliano</createdBy>
<createdTime>2025-08-28 01:53:13 UTC</createdTime>
<generatorID>556B5661-3949-CC36-8D42-D8A2FE0FA1D7</generatorID>
<ownerDesignName>vivir_mejor</ownerDesignName>
<engineerTo>
<item key="2A1F1061-4E6E-13C8-2A50-934EF980C1BA" value="true"/>
</engineerTo>
<sourcePk>B8D3C9A8-1177-BF57-E14F-86B9989A61E7</sourcePk>
<identifying>false</identifying>
<optionalSource>true</optionalSource>
<optionalTarget>false</optionalTarget>
<sourceCardinality>1</sourceCardinality>
<sourceEntity>952FFAF8-1CA9-5F54-0567-02405BE97C5B</sourceEntity>
<targetCardinalityString>*</targetCardinalityString>
<targetEntity>5C14234E-335E-6ADD-C50D-E48AE7BF84C6</targetEntity>
<transferable>true</transferable>
<deleteRule>NO ACTION</deleteRule>
</Relation>