<?xml version = '1.0' encoding = 'UTF-8'?>
<Relation class="oracle.dbtools.crest.model.design.logical.Relation" name="ResidentePermanente_Residente_FK" directorySegmentName="seg_0" id="64EAE85B-31D0-7405-A332-1FC2A83925A5">
<createdBy>Maximiliano</createdBy>
<createdTime>2025-08-28 01:53:13 UTC</createdTime>
<generatorID>B7450B1A-1D70-04C7-25EE-A6A3F6CF23F3</generatorID>
<ownerDesignName>vivir_mejor</ownerDesignName>
<engineerTo>
<item key="2A1F1061-4E6E-13C8-2A50-934EF980C1BA" value="true"/>
</engineerTo>
<sourcePk>2381C757-F2BF-A60D-E5FA-90BB09AFC563</sourcePk>
<dominantRole>25EB5C8B-0B23-DEA8-6E85-FAC9A6DBDEEF</dominantRole>
<identifying>true</identifying>
<optionalSource>false</optionalSource>
<optionalTarget>false</optionalTarget>
<sourceCardinality>1</sourceCardinality>
<sourceEntity>25EB5C8B-0B23-DEA8-6E85-FAC9A6DBDEEF</sourceEntity>
<targetCardinalityString>1</targetCardinalityString>
<targetEntity>AE871E49-F46A-401B-14C3-51B2FD20FCC0</targetEntity>
<transferable>true</transferable>
<deleteRule>NO ACTION</deleteRule>
</Relation>