<?xml version = '1.0' encoding = 'UTF-8'?>
<Relation class="oracle.dbtools.crest.model.design.logical.Relation" name="Anexo_Contrato_FK" directorySegmentName="seg_0" id="8BDA9462-CDA0-DBB9-455A-3887BCF0EC95">
<createdBy>Maximiliano</createdBy>
<createdTime>2025-08-28 01:53:13 UTC</createdTime>
<generatorID>D1F18A6D-98FB-67B4-743A-5FC73FC755D2</generatorID>
<ownerDesignName>vivir_mejor</ownerDesignName>
<engineerTo>
<item key="2A1F1061-4E6E-13C8-2A50-934EF980C1BA" value="true"/>
</engineerTo>
<sourcePk>D2C3762D-B29E-4F65-8D58-945903D005CB</sourcePk>
<identifying>false</identifying>
<optionalSource>true</optionalSource>
<optionalTarget>false</optionalTarget>
<sourceCardinality>1</sourceCardinality>
<sourceEntity>5C14234E-335E-6ADD-C50D-E48AE7BF84C6</sourceEntity>
<targetCardinalityString>*</targetCardinalityString>
<targetEntity>0A0590B1-FC72-D28E-B3E1-57BDFFB01E5A</targetEntity>
<transferable>true</transferable>
<deleteRule>NO ACTION</deleteRule>
</Relation>