<?xml version = '1.0' encoding = 'UTF-8'?>
<Relation class="oracle.dbtools.crest.model.design.logical.Relation" name="fk_medico_personal" directorySegmentName="seg_0" id="94F16D22-1AFD-F42F-E145-69E3F916200F">
<createdBy>Maximiliano</createdBy>
<createdTime>2025-09-02 02:37:44 UTC</createdTime>
<ownerDesignName>vivir_mejor</ownerDesignName>
<engineerTo>
<item key="2A1F1061-4E6E-13C8-2A50-934EF980C1BA" value="true"/>
</engineerTo>
<sourcePk>F1CBFF6C-0201-645F-8A79-E15E07BD9FF0</sourcePk>
<dominantRole>80511D84-CBDE-4FC7-10BC-B55EC1C7BFEC</dominantRole>
<identifying>true</identifying>
<optionalSource>false</optionalSource>
<optionalTarget>false</optionalTarget>
<sourceCardinality>1</sourceCardinality>
<sourceEntity>80511D84-CBDE-4FC7-10BC-B55EC1C7BFEC</sourceEntity>
<targetCardinalityString>1</targetCardinalityString>
<targetEntity>419E99AF-E889-26B4-589B-0A34A047038D</targetEntity>
<transferable>true</transferable>
<deleteRule>CASCADE</deleteRule>
</Relation>