<?xml version = '1.0' encoding = 'UTF-8'?>
<Relation class="oracle.dbtools.crest.model.design.logical.Relation" name="Anexo_Residente_FK" directorySegmentName="seg_0" id="A2363AAD-F430-996F-FE7F-BD57D5185F7D">
<createdBy>Maximiliano</createdBy>
<createdTime>2025-08-28 01:53:13 UTC</createdTime>
<generatorID>3DEB8C0B-01B0-0174-BF28-FCD481B5212B</generatorID>
<ownerDesignName>vivir_mejor</ownerDesignName>
<engineerTo>
<item key="2A1F1061-4E6E-13C8-2A50-934EF980C1BA" value="true"/>
</engineerTo>
<sourcePk>2381C757-F2BF-A60D-E5FA-90BB09AFC563</sourcePk>
<identifying>false</identifying>
<optionalSource>true</optionalSource>
<optionalTarget>false</optionalTarget>
<sourceCardinality>1</sourceCardinality>
<sourceEntity>25EB5C8B-0B23-DEA8-6E85-FAC9A6DBDEEF</sourceEntity>
<targetCardinalityString>*</targetCardinalityString>
<targetEntity>0A0590B1-FC72-D28E-B3E1-57BDFFB01E5A</targetEntity>
<transferable>true</transferable>
<deleteRule>NO ACTION</deleteRule>
</Relation>