<?xml version = '1.0' encoding = 'UTF-8'?>
<Relation class="oracle.dbtools.crest.model.design.logical.Relation" name="ResidenteTemporal_Residente_FK" directorySegmentName="seg_0" id="D0E89CA3-3E03-32CD-EAEB-9D3C506ABF44">
<createdBy>Maximiliano</createdBy>
<createdTime>2025-08-28 01:53:13 UTC</createdTime>
<generatorID>CA78B32E-E21C-EA87-96ED-80AF1F1EA1AE</generatorID>
<ownerDesignName>vivir_mejor</ownerDesignName>
<engineerTo>
<item key="2A1F1061-4E6E-13C8-2A50-934EF980C1BA" value="true"/>
</engineerTo>
<sourcePk>2381C757-F2BF-A60D-E5FA-90BB09AFC563</sourcePk>
<dominantRole>25EB5C8B-0B23-DEA8-6E85-FAC9A6DBDEEF</dominantRole>
<identifying>true</identifying>
<optionalSource>false</optionalSource>
<optionalTarget>false</optionalTarget>
<sourceCardinality>1</sourceCardinality>
<sourceEntity>25EB5C8B-0B23-DEA8-6E85-FAC9A6DBDEEF</sourceEntity>
<targetCardinalityString>1</targetCardinalityString>
<targetEntity>A8E55DD4-C95E-A85C-B93F-D27534CDCF80</targetEntity>
<transferable>true</transferable>
<deleteRule>NO ACTION</deleteRule>
</Relation>