<?xml version = '1.0' encoding = 'UTF-8'?>
<Relation class="oracle.dbtools.crest.model.design.logical.Relation" name="Cuidador_Personal_FK" directorySegmentName="seg_0" id="E0EA6176-0C97-2599-74CB-3215EED67241">
<createdBy>Maximiliano</createdBy>
<createdTime>2025-08-28 01:53:13 UTC</createdTime>
<generatorID>337037BB-8735-21D4-748E-B767A78EC41B</generatorID>
<ownerDesignName>vivir_mejor</ownerDesignName>
<engineerTo>
<item key="2A1F1061-4E6E-13C8-2A50-934EF980C1BA" value="true"/>
</engineerTo>
<sourcePk>F1CBFF6C-0201-645F-8A79-E15E07BD9FF0</sourcePk>
<dominantRole>80511D84-CBDE-4FC7-10BC-B55EC1C7BFEC</dominantRole>
<identifying>true</identifying>
<optionalSource>false</optionalSource>
<optionalTarget>false</optionalTarget>
<sourceCardinality>1</sourceCardinality>
<sourceEntity>80511D84-CBDE-4FC7-10BC-B55EC1C7BFEC</sourceEntity>
<targetCardinalityString>1</targetCardinalityString>
<targetEntity>055DCA44-543A-C2C6-25D3-C2A6235B015F</targetEntity>
<transferable>true</transferable>
<deleteRule>NO ACTION</deleteRule>
</Relation>