<?xml version = '1.0' encoding = 'UTF-8'?>
<Relation class="oracle.dbtools.crest.model.design.logical.Relation" name="fk_asig_hab" directorySegmentName="seg_0" id="EBA88A37-26A8-72D7-94FC-2C14626FE7AE">
<createdBy>Maximiliano</createdBy>
<createdTime>2025-09-02 00:39:16 UTC</createdTime>
<ownerDesignName>vivir_mejor</ownerDesignName>
<engineerTo>
<item key="2A1F1061-4E6E-13C8-2A50-934EF980C1BA" value="true"/>
</engineerTo>
<sourcePk>2491A5E3-ED33-7A61-8DBE-CDFAB92BEAD1</sourcePk>
<identifying>false</identifying>
<optionalSource>true</optionalSource>
<optionalTarget>false</optionalTarget>
<sourceCardinality>1</sourceCardinality>
<sourceEntity>D5319BA6-9E23-8708-42AD-E9EB9C4E76E5</sourceEntity>
<targetCardinalityString>*</targetCardinalityString>
<targetEntity>B762CDC1-2A95-2E3A-EEF1-9F5FBA491D8E</targetEntity>
<transferable>true</transferable>
<deleteRule>NO ACTION</deleteRule>
</Relation>