<?xml version = '1.0' encoding = 'UTF-8'?>
<Relation class="oracle.dbtools.crest.model.design.logical.Relation" name="Personal_Residencia_FK" directorySegmentName="seg_0" id="ED7ADD0F-0E2C-FDFB-60B1-66E60CEF9D46">
<createdBy>Maximiliano</createdBy>
<createdTime>2025-08-28 01:53:13 UTC</createdTime>
<generatorID>4C0ECFB6-CFAF-680B-9CE5-073B4E6E41A4</generatorID>
<ownerDesignName>vivir_mejor</ownerDesignName>
<engineerTo>
<item key="2A1F1061-4E6E-13C8-2A50-934EF980C1BA" value="true"/>
</engineerTo>
<sourcePk>FD4A5D70-9B75-B184-554D-B2DF82287E1D</sourcePk>
<identifying>false</identifying>
<optionalSource>true</optionalSource>
<optionalTarget>false</optionalTarget>
<sourceCardinality>1</sourceCardinality>
<sourceEntity>45C2021C-C6F8-42F0-C825-7EB23C12A12C</sourceEntity>
<targetCardinalityString>*</targetCardinalityString>
<targetEntity>80511D84-CBDE-4FC7-10BC-B55EC1C7BFEC</targetEntity>
<transferable>true</transferable>
<deleteRule>NO ACTION</deleteRule>
</Relation>