<?xml version = '1.0' encoding = 'UTF-8'?>
<Relation class="oracle.dbtools.crest.model.design.logical.Relation" name="Habitacion_Residencia_FK" directorySegmentName="seg_0" id="F35BB783-C4FE-ADBA-232D-738D4E639666">
<createdBy>Maximiliano</createdBy>
<createdTime>2025-08-28 01:53:13 UTC</createdTime>
<generatorID>C27F7953-8976-C087-07A9-E30A83310BE5</generatorID>
<ownerDesignName>vivir_mejor</ownerDesignName>
<engineerTo>
<item key="2A1F1061-4E6E-13C8-2A50-934EF980C1BA" value="true"/>
</engineerTo>
<sourcePk>FD4A5D70-9B75-B184-554D-B2DF82287E1D</sourcePk>
<identifying>false</identifying>
<optionalSource>true</optionalSource>
<optionalTarget>false</optionalTarget>
<sourceCardinality>1</sourceCardinality>
<sourceEntity>45C2021C-C6F8-42F0-C825-7EB23C12A12C</sourceEntity>
<targetCardinalityString>*</targetCardinalityString>
<targetEntity>D5319BA6-9E23-8708-42AD-E9EB9C4E76E5</targetEntity>
<transferable>true</transferable>
<deleteRule>NO ACTION</deleteRule>
</Relation>