<?xml version = '1.0' encoding = 'UTF-8'?>
<Table class="oracle.dbtools.crest.model.design.relational.Table" directorySegmentName="seg_0" id="0D5DFA33-E58D-A890-AFD0-37C2B973CE31" name="supervision_medica">
<createdBy>Maximiliano</createdBy>
<createdTime>2025-09-12 03:22:30 UTC</createdTime>
<generatorID>421DEE73-68B9-9E32-7966-87129ED77519</generatorID>
<ownerDesignName>hospital_universitario</ownerDesignName>
<allowColumnReorder>false</allowColumnReorder>
<existDependencyGenerateInDDl>true</existDependencyGenerateInDDl>
<parsed>true</parsed>
<columns itemClass="oracle.dbtools.crest.model.design.relational.Column">
<Column name="id_supervisor " id="063B7042-1758-84AD-D3A7-1CF910AB2202">
<createdBy>Maximiliano</createdBy>
<createdTime>2025-09-12 03:22:30 UTC</createdTime>
<generatorID>7A5D4E71-1DB4-12D9-45F4-B0E841BAF5DC</generatorID>
<ownerDesignName>hospital_universitario</ownerDesignName>
<useDomainConstraints>false</useDomainConstraints>
<use>1</use>
<logicalDatatype>LOGDT019</logicalDatatype>
<ownDataTypeParameters>,,</ownDataTypeParameters>
<previousColumn>false</previousColumn>
<autoIncrementCycle>false</autoIncrementCycle>
<associations>
<colAssociation fkAssociation="B48DB128-98FE-E486-EEB1-17A612858F25" referredColumn="B6DFDD34-5B76-F0E3-DEC6-60E6A0394483"/>
</associations>
</Column>
<Column name="id_supervisado" id="F7B5699B-600D-DF10-E178-850619372C5B">
<createdBy>Maximiliano</createdBy>
<createdTime>2025-09-12 03:22:30 UTC</createdTime>
<generatorID>4EB12012-B000-29F1-9E33-85B6C9A8E58A</generatorID>
<ownerDesignName>hospital_universitario</ownerDesignName>
<useDomainConstraints>false</useDomainConstraints>
<use>1</use>
<logicalDatatype>LOGDT019</logicalDatatype>
<ownDataTypeParameters>,,</ownDataTypeParameters>
<previousColumn>false</previousColumn>
<autoIncrementCycle>false</autoIncrementCycle>
<associations>
<colAssociation fkAssociation="6A900626-CF17-376E-5804-60D9B50EDB55" referredColumn="B6DFDD34-5B76-F0E3-DEC6-60E6A0394483"/>
</associations>
</Column>
<Column name="fecha_inicio" id="49E52E60-5FE9-1E0D-12AB-70A4912CC08B">
<createdBy>Maximiliano</createdBy>
<createdTime>2025-09-12 03:22:30 UTC</createdTime>
<generatorID>EA592430-BA42-84B1-015E-949729A0E566</generatorID>
<ownerDesignName>hospital_universitario</ownerDesignName>
<useDomainConstraints>false</useDomainConstraints>
<use>1</use>
<logicalDatatype>LOGDT007</logicalDatatype>
<ownDataTypeParameters>,,</ownDataTypeParameters>
<autoIncrementCycle>false</autoIncrementCycle>
</Column>
<Column name="fecha_fin" id="67CAA569-1E4F-E304-AA40-364153AD13BE">
<createdBy>Maximiliano</createdBy>
<createdTime>2025-09-12 03:22:30 UTC</createdTime>
<generatorID>CDD00E24-DD73-C49A-8148-3DD1A1C0B647</generatorID>
<ownerDesignName>hospital_universitario</ownerDesignName>
<nullsAllowed>true</nullsAllowed>
<useDomainConstraints>false</useDomainConstraints>
<use>1</use>
<logicalDatatype>LOGDT007</logicalDatatype>
<ownDataTypeParameters>,,</ownDataTypeParameters>
<autoIncrementCycle>false</autoIncrementCycle>
</Column>
</columns>
<indexes itemClass="oracle.dbtools.crest.model.design.relational.Index">
<ind_PK_UK id="495D2305-B1DD-5DFF-DE07-2EF441EC62B3" name="supervision_medica_PK">
<createdBy>Maximiliano</createdBy>
<createdTime>2025-09-12 03:22:30 UTC</createdTime>
<generatorID>3386B351-864B-F94C-AA95-431C226B4C15</generatorID>
<ownerDesignName>hospital_universitario</ownerDesignName>
<pk>true</pk>
<indexState>Primary Constraint</indexState>
<isSurrogateKey>false</isSurrogateKey>
<indexColumnUsage>
<colUsage columnID="063B7042-1758-84AD-D3A7-1CF910AB2202"/>
<colUsage columnID="F7B5699B-600D-DF10-E178-850619372C5B"/>
</indexColumnUsage>
</ind_PK_UK>
<ind_PK_UK id="E912EF9C-CED8-962D-46A2-4917CFF3BA0A" name="supervision_medica_medico_FK">
<createdBy>Maximiliano</createdBy>
<createdTime>2025-09-12 03:22:30 UTC</createdTime>
<generatorID>147E8CA3-E938-0160-7B88-E4CE8268BAB5</generatorID>
<ownerDesignName>hospital_universitario</ownerDesignName>
<indexState>Foreign Key</indexState>
<isSurrogateKey>false</isSurrogateKey>
<indexColumnUsage>
<colUsage columnID="F7B5699B-600D-DF10-E178-850619372C5B"/>
</indexColumnUsage>
</ind_PK_UK>
<ind_PK_UK id="B0FC61AC-765D-08E5-49A0-206C3FF52219" name="supervision_supervisor_FK">
<createdBy>Maximiliano</createdBy>
<createdTime>2025-09-12 03:22:30 UTC</createdTime>
<generatorID>A328CEDC-3C3C-4AE4-E518-2D6EE6DC854D</generatorID>
<ownerDesignName>hospital_universitario</ownerDesignName>
<indexState>Foreign Key</indexState>
<isSurrogateKey>false</isSurrogateKey>
<indexColumnUsage>
<colUsage columnID="063B7042-1758-84AD-D3A7-1CF910AB2202"/>
</indexColumnUsage>
</ind_PK_UK>
</indexes>
</Table>