<?xml version = '1.0' encoding = 'UTF-8'?>
<Table class="oracle.dbtools.crest.model.design.relational.Table" directorySegmentName="seg_0" id="0F267E1D-2964-8D7F-B22F-81FACF14A88B" name="paciente_externo">
<createdBy>Maximiliano</createdBy>
<createdTime>2025-09-12 03:22:30 UTC</createdTime>
<generatorID>D522F33C-0A07-EE56-A60B-6F019739C44D</generatorID>
<ownerDesignName>hospital_universitario</ownerDesignName>
<allowColumnReorder>false</allowColumnReorder>
<existDependencyGenerateInDDl>true</existDependencyGenerateInDDl>
<parsed>true</parsed>
<columns itemClass="oracle.dbtools.crest.model.design.relational.Column">
<Column name="id_paciente" id="D47952D9-1FE6-766D-E18E-389C9E84ECB1">
<createdBy>Maximiliano</createdBy>
<createdTime>2025-09-12 03:22:30 UTC</createdTime>
<generatorID>E4E90013-D348-9A61-818C-5639C0409DBB</generatorID>
<ownerDesignName>hospital_universitario</ownerDesignName>
<useDomainConstraints>false</useDomainConstraints>
<use>1</use>
<logicalDatatype>LOGDT019</logicalDatatype>
<ownDataTypeParameters>,,</ownDataTypeParameters>
<autoIncrementCycle>false</autoIncrementCycle>
<associations>
<colAssociation fkAssociation="D63268C7-1D7B-4DB3-B4E4-7E81B9E977B2" referredColumn="4A8DFC9B-E476-7A3E-CBB9-C097F86ABEA0"/>
</associations>
</Column>
</columns>
<indexes itemClass="oracle.dbtools.crest.model.design.relational.Index">
<ind_PK_UK id="B49C4040-FA96-6536-4102-C1490535DACD" name="paciente_externo_PK">
<createdBy>Maximiliano</createdBy>
<createdTime>2025-09-12 03:22:30 UTC</createdTime>
<generatorID>EABAFC73-5DB4-760D-C0DB-01ABF2217E5D</generatorID>
<ownerDesignName>hospital_universitario</ownerDesignName>
<pk>true</pk>
<indexState>Primary Constraint</indexState>
<isSurrogateKey>false</isSurrogateKey>
<indexColumnUsage>
<colUsage columnID="D47952D9-1FE6-766D-E18E-389C9E84ECB1"/>
</indexColumnUsage>
</ind_PK_UK>
<ind_PK_UK id="F6E0F68E-9558-7B41-0E2D-AA3D3D5DD9A5" name="paciente_externo_FK">
<createdBy>Maximiliano</createdBy>
<createdTime>2025-09-12 03:22:30 UTC</createdTime>
<generatorID>D08B67BF-530A-3F77-DFE4-21501D410641</generatorID>
<ownerDesignName>hospital_universitario</ownerDesignName>
<indexState>Foreign Key</indexState>
<isSurrogateKey>false</isSurrogateKey>
<indexColumnUsage>
<colUsage columnID="D47952D9-1FE6-766D-E18E-389C9E84ECB1"/>
</indexColumnUsage>
</ind_PK_UK>
</indexes>
</Table>