<?xml version = '1.0' encoding = 'UTF-8'?>
<Table class="oracle.dbtools.crest.model.design.relational.Table" directorySegmentName="seg_0" id="2E20E54A-348B-10E3-6B4F-4520F3B7A662" name="medico">
<createdBy>Maximiliano</createdBy>
<createdTime>2025-09-12 03:22:30 UTC</createdTime>
<generatorID>1D254BBA-2366-3250-AAB2-3EDE5B2B50C0</generatorID>
<ownerDesignName>hospital_universitario</ownerDesignName>
<allowColumnReorder>false</allowColumnReorder>
<existDependencyGenerateInDDl>true</existDependencyGenerateInDDl>
<parsed>true</parsed>
<columns itemClass="oracle.dbtools.crest.model.design.relational.Column">
<Column name="id_medico" id="B6DFDD34-5B76-F0E3-DEC6-60E6A0394483">
<createdBy>Maximiliano</createdBy>
<createdTime>2025-09-12 03:22:30 UTC</createdTime>
<generatorID>1084C6C1-C741-6B73-8016-8EDCF1812AC3</generatorID>
<ownerDesignName>hospital_universitario</ownerDesignName>
<useDomainConstraints>false</useDomainConstraints>
<use>1</use>
<logicalDatatype>LOGDT019</logicalDatatype>
<ownDataTypeParameters>,,</ownDataTypeParameters>
<autoIncrementCycle>false</autoIncrementCycle>
</Column>
<Column name="rut" id="A2E9272F-A6E2-8800-6013-A840802BE0D9">
<createdBy>Maximiliano</createdBy>
<createdTime>2025-09-12 03:22:30 UTC</createdTime>
<generatorID>29BB0994-C81F-5790-CDCA-7B5F94283CB8</generatorID>
<ownerDesignName>hospital_universitario</ownerDesignName>
<useDomainConstraints>false</useDomainConstraints>
<use>1</use>
<logicalDatatype>LOGDT024</logicalDatatype>
<dataTypeSize>12 CHAR</dataTypeSize>
<ownDataTypeParameters>12 CHAR,,</ownDataTypeParameters>
<autoIncrementCycle>false</autoIncrementCycle>
</Column>
<Column name="nombre_completo" id="4A21BADD-4DB5-BF39-5B05-4D48C838DCFD">
<createdBy>Maximiliano</createdBy>
<createdTime>2025-09-12 03:22:30 UTC</createdTime>
<generatorID>DAADE3C5-5A99-7DD6-1AA7-95E0FF4AEC87</generatorID>
<ownerDesignName>hospital_universitario</ownerDesignName>
<useDomainConstraints>false</useDomainConstraints>
<use>1</use>
<logicalDatatype>LOGDT024</logicalDatatype>
<dataTypeSize>120 CHAR</dataTypeSize>
<ownDataTypeParameters>120 CHAR,,</ownDataTypeParameters>
<autoIncrementCycle>false</autoIncrementCycle>
</Column>
<Column name="fecha_ingreso" id="29CD7CDE-42F4-7472-ED62-15C291F2D9E2">
<createdBy>Maximiliano</createdBy>
<createdTime>2025-09-12 03:22:30 UTC</createdTime>
<generatorID>5FB2B63B-617C-F9AD-F8E6-6E95F0938AFB</generatorID>
<ownerDesignName>hospital_universitario</ownerDesignName>
<useDomainConstraints>false</useDomainConstraints>
<use>1</use>
<logicalDatatype>LOGDT007</logicalDatatype>
<ownDataTypeParameters>,,</ownDataTypeParameters>
<autoIncrementCycle>false</autoIncrementCycle>
</Column>
<Column name="id_unidad" id="B8066E61-FA30-3315-2C5F-4BD75004D09F">
<createdBy>Maximiliano</createdBy>
<createdTime>2025-09-12 03:22:30 UTC</createdTime>
<generatorID>7E0C9B31-15AB-E860-F658-00F0CEB2D876</generatorID>
<ownerDesignName>hospital_universitario</ownerDesignName>
<useDomainConstraints>false</useDomainConstraints>
<use>1</use>
<logicalDatatype>LOGDT019</logicalDatatype>
<ownDataTypeParameters>,,</ownDataTypeParameters>
<previousColumn>false</previousColumn>
<autoIncrementCycle>false</autoIncrementCycle>
<associations>
<colAssociation fkAssociation="D541C168-A2A9-D1D3-02BE-508AD3F7D100" referredColumn="E7174499-B453-A144-6C96-256A27006763"/>
</associations>
</Column>
<Column name="id_especialidad" id="C21D92DB-7027-396B-0D2C-59589B857CE3">
<createdBy>Maximiliano</createdBy>
<createdTime>2025-09-12 03:22:30 UTC</createdTime>
<generatorID>FD1793C5-12EC-9690-B00E-7A1AE7D43BE2</generatorID>
<ownerDesignName>hospital_universitario</ownerDesignName>
<useDomainConstraints>false</useDomainConstraints>
<use>1</use>
<logicalDatatype>LOGDT019</logicalDatatype>
<ownDataTypeParameters>,,</ownDataTypeParameters>
<previousColumn>false</previousColumn>
<autoIncrementCycle>false</autoIncrementCycle>
<associations>
<colAssociation fkAssociation="6A783C9C-12CA-054E-E1C8-E7B8227748DD" referredColumn="F916E8BB-B549-3B83-EF78-F2A4AAF66EDE"/>
</associations>
</Column>
<Column name="id_afp" id="C20B1467-296A-D7EE-695F-696EFDB0A336">
<createdBy>Maximiliano</createdBy>
<createdTime>2025-09-12 03:22:30 UTC</createdTime>
<generatorID>B64BC5FE-DB55-E576-AB90-4F6A49BF7A50</generatorID>
<ownerDesignName>hospital_universitario</ownerDesignName>
<useDomainConstraints>false</useDomainConstraints>
<use>1</use>
<logicalDatatype>LOGDT019</logicalDatatype>
<ownDataTypeParameters>,,</ownDataTypeParameters>
<previousColumn>false</previousColumn>
<autoIncrementCycle>false</autoIncrementCycle>
<associations>
<colAssociation fkAssociation="88B5CA20-FDEC-7281-DF3A-FD730A79E6FE" referredColumn="4AB963E9-CB11-C3B2-96E5-1E4B4119684B"/>
</associations>
</Column>
<Column name="id_salud" id="CC87E7CE-9A69-2DB5-21FB-C03759262994">
<createdBy>Maximiliano</createdBy>
<createdTime>2025-09-12 03:22:30 UTC</createdTime>
<generatorID>F4B3A3F0-7D48-081D-EC6D-991EA9D65171</generatorID>
<ownerDesignName>hospital_universitario</ownerDesignName>
<useDomainConstraints>false</useDomainConstraints>
<use>1</use>
<logicalDatatype>LOGDT019</logicalDatatype>
<ownDataTypeParameters>,,</ownDataTypeParameters>
<previousColumn>false</previousColumn>
<autoIncrementCycle>false</autoIncrementCycle>
<associations>
<colAssociation fkAssociation="E92F306E-51C9-1A3A-EBCF-D7C39AD26EAF" referredColumn="668B6B6E-C94F-FBC1-7EFE-259ECCB4AF30"/>
</associations>
</Column>
</columns>
<indexes itemClass="oracle.dbtools.crest.model.design.relational.Index">
<ind_PK_UK id="6E0DCC6A-847A-974B-2AE8-CC9C4445A3B6" name="medico_PK">
<createdBy>Maximiliano</createdBy>
<createdTime>2025-09-12 03:22:30 UTC</createdTime>
<generatorID>94BBD7F9-CF6E-A130-BD06-021B0DF6472B</generatorID>
<ownerDesignName>hospital_universitario</ownerDesignName>
<pk>true</pk>
<indexState>Primary Constraint</indexState>
<isSurrogateKey>false</isSurrogateKey>
<indexColumnUsage>
<colUsage columnID="B6DFDD34-5B76-F0E3-DEC6-60E6A0394483"/>
</indexColumnUsage>
</ind_PK_UK>
<ind_PK_UK id="97337576-88FA-3682-EEEA-BB4192DC0E13" name="medico_rut_UN">
<createdBy>Maximiliano</createdBy>
<createdTime>2025-09-12 03:22:30 UTC</createdTime>
<generatorID>B6F84385-22F0-160E-6AC0-3CB006869232</generatorID>
<ownerDesignName>hospital_universitario</ownerDesignName>
<indexState>Unique Constraint</indexState>
<isSurrogateKey>false</isSurrogateKey>
<indexColumnUsage>
<colUsage columnID="A2E9272F-A6E2-8800-6013-A840802BE0D9"/>
</indexColumnUsage>
</ind_PK_UK>
<ind_PK_UK id="02F3A01F-686C-3723-08A9-1CF09B628A2E" name="medico_afp_FK">
<createdBy>Maximiliano</createdBy>
<createdTime>2025-09-12 03:22:30 UTC</createdTime>
<generatorID>A3A9DF94-C121-7BA4-E77E-92CA13DAF42E</generatorID>
<ownerDesignName>hospital_universitario</ownerDesignName>
<indexState>Foreign Key</indexState>
<isSurrogateKey>false</isSurrogateKey>
<indexColumnUsage>
<colUsage columnID="C20B1467-296A-D7EE-695F-696EFDB0A336"/>
</indexColumnUsage>
</ind_PK_UK>
<ind_PK_UK id="2AAE2E0D-0068-F333-A44A-0BFD6BC6CD7B" name="medico_especialidad_FK">
<createdBy>Maximiliano</createdBy>
<createdTime>2025-09-12 03:22:30 UTC</createdTime>
<generatorID>99E7D9F9-0B88-F5AE-3F85-D9A46B6D8D6B</generatorID>
<ownerDesignName>hospital_universitario</ownerDesignName>
<indexState>Foreign Key</indexState>
<isSurrogateKey>false</isSurrogateKey>
<indexColumnUsage>
<colUsage columnID="C21D92DB-7027-396B-0D2C-59589B857CE3"/>
</indexColumnUsage>
</ind_PK_UK>
<ind_PK_UK id="0468548B-CA2F-69B2-6648-3FA34F6DF615" name="medico_institucion_salud_FK">
<createdBy>Maximiliano</createdBy>
<createdTime>2025-09-12 03:22:30 UTC</createdTime>
<generatorID>243E6956-B0DF-D197-4109-ECD080C63D19</generatorID>
<ownerDesignName>hospital_universitario</ownerDesignName>
<indexState>Foreign Key</indexState>
<isSurrogateKey>false</isSurrogateKey>
<indexColumnUsage>
<colUsage columnID="CC87E7CE-9A69-2DB5-21FB-C03759262994"/>
</indexColumnUsage>
</ind_PK_UK>
<ind_PK_UK id="B30EAA2D-51C5-0F16-0AC5-B5A3B7250884" name="medico_unidad_FK">
<createdBy>Maximiliano</createdBy>
<createdTime>2025-09-12 03:22:30 UTC</createdTime>
<generatorID>23768B3E-6DA3-08D8-08D7-18918E82FE2C</generatorID>
<ownerDesignName>hospital_universitario</ownerDesignName>
<indexState>Foreign Key</indexState>
<isSurrogateKey>false</isSurrogateKey>
<indexColumnUsage>
<colUsage columnID="B8066E61-FA30-3315-2C5F-4BD75004D09F"/>
</indexColumnUsage>
</ind_PK_UK>
</indexes>
</Table>