<?xml version = '1.0' encoding = 'UTF-8'?>
<Table class="oracle.dbtools.crest.model.design.relational.Table" directorySegmentName="seg_0" id="54DBE87B-D1E5-FDC7-66AF-D95BDAEB1908" name="paciente_estudiante">
<createdBy>Maximiliano</createdBy>
<createdTime>2025-09-12 03:22:30 UTC</createdTime>
<generatorID>CC39DBDA-B65D-1C95-D57F-4FF9CF5BDF01</generatorID>
<ownerDesignName>hospital_universitario</ownerDesignName>
<allowColumnReorder>false</allowColumnReorder>
<existDependencyGenerateInDDl>true</existDependencyGenerateInDDl>
<parsed>true</parsed>
<columns itemClass="oracle.dbtools.crest.model.design.relational.Column">
<Column name="id_paciente" id="8D5D00B6-1B7D-3D50-6066-10D500594473">
<createdBy>Maximiliano</createdBy>
<createdTime>2025-09-12 03:22:30 UTC</createdTime>
<generatorID>E4E90013-D348-9A61-818C-5639C0409DBB</generatorID>
<ownerDesignName>hospital_universitario</ownerDesignName>
<useDomainConstraints>false</useDomainConstraints>
<use>1</use>
<logicalDatatype>LOGDT019</logicalDatatype>
<ownDataTypeParameters>,,</ownDataTypeParameters>
<autoIncrementCycle>false</autoIncrementCycle>
<associations>
<colAssociation fkAssociation="B3A891A7-7A10-9F1E-3817-0745E2BACDA2" referredColumn="4A8DFC9B-E476-7A3E-CBB9-C097F86ABEA0"/>
</associations>
</Column>
</columns>
<indexes itemClass="oracle.dbtools.crest.model.design.relational.Index">
<ind_PK_UK id="545E0564-CAA4-54B7-453D-B36112FFFFAA" name="paciente_estudiante_PK">
<createdBy>Maximiliano</createdBy>
<createdTime>2025-09-12 03:22:30 UTC</createdTime>
<generatorID>EABAFC73-5DB4-760D-C0DB-01ABF2217E5D</generatorID>
<ownerDesignName>hospital_universitario</ownerDesignName>
<pk>true</pk>
<indexState>Primary Constraint</indexState>
<isSurrogateKey>false</isSurrogateKey>
<indexColumnUsage>
<colUsage columnID="8D5D00B6-1B7D-3D50-6066-10D500594473"/>
</indexColumnUsage>
</ind_PK_UK>
<ind_PK_UK id="886956C3-3DA2-B392-2DC6-BE271C435720" name="paciente_estudiante_FK">
<createdBy>Maximiliano</createdBy>
<createdTime>2025-09-12 03:22:30 UTC</createdTime>
<generatorID>CE327D3D-ABDC-FB29-2ACB-02D5DCDE2260</generatorID>
<ownerDesignName>hospital_universitario</ownerDesignName>
<indexState>Foreign Key</indexState>
<isSurrogateKey>false</isSurrogateKey>
<indexColumnUsage>
<colUsage columnID="8D5D00B6-1B7D-3D50-6066-10D500594473"/>
</indexColumnUsage>
</ind_PK_UK>
</indexes>
</Table>