<?xml version = '1.0' encoding = 'UTF-8'?>
<Table class="oracle.dbtools.crest.model.design.relational.Table" directorySegmentName="seg_0" id="5E7DF041-0FA7-80C6-5D4A-671ABCE0B0D4" name="institucion_salud">
<createdBy>Maximiliano</createdBy>
<createdTime>2025-09-12 03:22:30 UTC</createdTime>
<generatorID>C249AD2A-87CD-8D3D-2D6B-9386C435DA87</generatorID>
<ownerDesignName>hospital_universitario</ownerDesignName>
<allowColumnReorder>false</allowColumnReorder>
<existDependencyGenerateInDDl>true</existDependencyGenerateInDDl>
<parsed>true</parsed>
<columns itemClass="oracle.dbtools.crest.model.design.relational.Column">
<Column name="id_salud" id="668B6B6E-C94F-FBC1-7EFE-259ECCB4AF30">
<createdBy>Maximiliano</createdBy>
<createdTime>2025-09-12 03:22:30 UTC</createdTime>
<generatorID>218CF2E3-A152-3EAF-8DC0-BDBCFBB12848</generatorID>
<ownerDesignName>hospital_universitario</ownerDesignName>
<useDomainConstraints>false</useDomainConstraints>
<use>1</use>
<logicalDatatype>LOGDT019</logicalDatatype>
<ownDataTypeParameters>,,</ownDataTypeParameters>
<autoIncrementCycle>false</autoIncrementCycle>
</Column>
<Column name="codigo" id="3DB9C74D-1138-9295-60BC-98F721F4BAEB">
<createdBy>Maximiliano</createdBy>
<createdTime>2025-09-12 03:22:30 UTC</createdTime>
<generatorID>25EA37A7-3E4A-A4FC-D58E-C261B1AC2223</generatorID>
<ownerDesignName>hospital_universitario</ownerDesignName>
<useDomainConstraints>false</useDomainConstraints>
<use>1</use>
<logicalDatatype>LOGDT024</logicalDatatype>
<dataTypeSize>20 CHAR</dataTypeSize>
<ownDataTypeParameters>20 CHAR,,</ownDataTypeParameters>
<autoIncrementCycle>false</autoIncrementCycle>
</Column>
<Column name="nombre" id="5F1FD120-434E-CA1B-50D8-2853C69EC2B8">
<createdBy>Maximiliano</createdBy>
<createdTime>2025-09-12 03:22:30 UTC</createdTime>
<generatorID>19A2C385-165E-C2A1-C732-E34CD8588F87</generatorID>
<ownerDesignName>hospital_universitario</ownerDesignName>
<useDomainConstraints>false</useDomainConstraints>
<use>1</use>
<logicalDatatype>LOGDT024</logicalDatatype>
<dataTypeSize>80 CHAR</dataTypeSize>
<ownDataTypeParameters>80 CHAR,,</ownDataTypeParameters>
<autoIncrementCycle>false</autoIncrementCycle>
</Column>
<Column name="tipo" id="4BDB7E8C-722B-2423-5EB6-6526AEBF679E">
<createdBy>Maximiliano</createdBy>
<createdTime>2025-09-12 03:22:30 UTC</createdTime>
<generatorID>200923B8-778E-D715-3175-9C5D2B75D279</generatorID>
<ownerDesignName>hospital_universitario</ownerDesignName>
<constraintName>CK_TIPO_INSTITUCION_SALUD</constraintName>
<useDomainConstraints>false</useDomainConstraints>
<use>1</use>
<logicalDatatype>LOGDT024</logicalDatatype>
<dataTypeSize>10 CHAR</dataTypeSize>
<checkConstraint>
<implementationDef dbType="Generic Constraint" definition="(fonasa,isapre)"/>
</checkConstraint>
<ownDataTypeParameters>10 CHAR,,</ownDataTypeParameters>
<autoIncrementCycle>false</autoIncrementCycle>
</Column>
</columns>
<indexes itemClass="oracle.dbtools.crest.model.design.relational.Index">
<ind_PK_UK id="5C4BC52E-89D8-3930-DCF6-D4C848ED407F" name="institucion_salud_PK">
<createdBy>Maximiliano</createdBy>
<createdTime>2025-09-12 03:22:30 UTC</createdTime>
<generatorID>20022F5F-CCB5-7240-E1EB-1C844126E5EC</generatorID>
<ownerDesignName>hospital_universitario</ownerDesignName>
<pk>true</pk>
<indexState>Primary Constraint</indexState>
<isSurrogateKey>false</isSurrogateKey>
<indexColumnUsage>
<colUsage columnID="668B6B6E-C94F-FBC1-7EFE-259ECCB4AF30"/>
</indexColumnUsage>
</ind_PK_UK>
<ind_PK_UK id="00DD8774-D88C-6F72-D305-E8E7D5A85683" name="institucion_salud_codigo_UN">
<createdBy>Maximiliano</createdBy>
<createdTime>2025-09-12 03:22:30 UTC</createdTime>
<generatorID>0345F75B-D046-C486-938E-D4A541D390B8</generatorID>
<ownerDesignName>hospital_universitario</ownerDesignName>
<indexState>Unique Constraint</indexState>
<isSurrogateKey>false</isSurrogateKey>
<indexColumnUsage>
<colUsage columnID="3DB9C74D-1138-9295-60BC-98F721F4BAEB"/>
</indexColumnUsage>
</ind_PK_UK>
<ind_PK_UK id="E4C39B7F-C07B-7CBD-4846-1709D9F632A3" name="institucion_salud_nombre_UN">
<createdBy>Maximiliano</createdBy>
<createdTime>2025-09-12 03:22:30 UTC</createdTime>
<generatorID>0DDD689E-48E4-274E-313F-C9B3B1B2EFAF</generatorID>
<ownerDesignName>hospital_universitario</ownerDesignName>
<indexState>Unique Constraint</indexState>
<isSurrogateKey>false</isSurrogateKey>
<indexColumnUsage>
<colUsage columnID="5F1FD120-434E-CA1B-50D8-2853C69EC2B8"/>
</indexColumnUsage>
</ind_PK_UK>
</indexes>
</Table>