<?xml version = '1.0' encoding = 'UTF-8'?>
<Table class="oracle.dbtools.crest.model.design.relational.Table" directorySegmentName="seg_0" id="6558FF01-B8D2-ED5C-087C-B425A14FD128" name="pago">
<createdBy>Maximiliano</createdBy>
<createdTime>2025-09-12 03:22:30 UTC</createdTime>
<generatorID>0855DA99-B3FC-6140-A7B5-7FBC00852036</generatorID>
<ownerDesignName>hospital_universitario</ownerDesignName>
<allowColumnReorder>false</allowColumnReorder>
<existDependencyGenerateInDDl>true</existDependencyGenerateInDDl>
<parsed>true</parsed>
<columns itemClass="oracle.dbtools.crest.model.design.relational.Column">
<Column name="id_pago" id="04D05E78-355A-8B9C-229D-B67B839D84B0">
<createdBy>Maximiliano</createdBy>
<createdTime>2025-09-12 03:22:30 UTC</createdTime>
<generatorID>286CD9F6-CDF2-EBF6-B0E1-797CC885A25D</generatorID>
<ownerDesignName>hospital_universitario</ownerDesignName>
<useDomainConstraints>false</useDomainConstraints>
<use>1</use>
<logicalDatatype>LOGDT019</logicalDatatype>
<ownDataTypeParameters>,,</ownDataTypeParameters>
<autoIncrementCycle>false</autoIncrementCycle>
</Column>
<Column name="atencion_id_atencion" id="F91B23DA-9196-6F87-2E66-C6B3186DBADF">
<createdBy>Maximiliano</createdBy>
<createdTime>2025-09-12 03:22:30 UTC</createdTime>
<generatorID>F3289DC0-63DD-AA76-7F68-28A58AB8FEF6</generatorID>
<ownerDesignName>hospital_universitario</ownerDesignName>
<useDomainConstraints>false</useDomainConstraints>
<use>1</use>
<logicalDatatype>LOGDT019</logicalDatatype>
<ownDataTypeParameters>,,</ownDataTypeParameters>
<previousColumn>false</previousColumn>
<autoIncrementCycle>false</autoIncrementCycle>
<associations>
<colAssociation fkAssociation="A1ED516C-C904-0901-5472-65F60A474F24" referredColumn="04D0A110-3048-6DEA-1B87-F6FA91875816"/>
</associations>
</Column>
<Column name="fecha_pago" id="5D873376-43A4-FF80-15AA-32B88760CC6F">
<createdBy>Maximiliano</createdBy>
<createdTime>2025-09-12 03:22:30 UTC</createdTime>
<generatorID>9B9F97E3-676D-6F4F-A610-216A8F7FCA44</generatorID>
<ownerDesignName>hospital_universitario</ownerDesignName>
<useDomainConstraints>false</useDomainConstraints>
<use>1</use>
<logicalDatatype>LOGDT007</logicalDatatype>
<defaultValue>SYSDATE</defaultValue>
<ownDataTypeParameters>,,</ownDataTypeParameters>
<autoIncrementCycle>false</autoIncrementCycle>
</Column>
<Column name="monto" id="081A4D89-18EF-2E1C-F781-E3130FFA5B6B">
<createdBy>Maximiliano</createdBy>
<createdTime>2025-09-12 03:22:30 UTC</createdTime>
<generatorID>E0C0DC8C-CEF4-D1CA-6C86-966AD51193C3</generatorID>
<ownerDesignName>hospital_universitario</ownerDesignName>
<useDomainConstraints>false</useDomainConstraints>
<use>1</use>
<logicalDatatype>LOGDT019</logicalDatatype>
<dataTypePrecision>10</dataTypePrecision>
<dataTypeScale>2</dataTypeScale>
<ownDataTypeParameters>,10,2</ownDataTypeParameters>
<autoIncrementCycle>false</autoIncrementCycle>
</Column>
<Column name="tipo_pago" id="DCCA2E29-5B0A-BD89-5E64-D3B816DDC83A">
<createdBy>Maximiliano</createdBy>
<createdTime>2025-09-12 03:22:30 UTC</createdTime>
<generatorID>E5A3DE2C-D39D-186E-FB62-40E96F75C0EC</generatorID>
<ownerDesignName>hospital_universitario</ownerDesignName>
<constraintName>CK_TIPO_PAGO</constraintName>
<useDomainConstraints>false</useDomainConstraints>
<use>1</use>
<logicalDatatype>LOGDT024</logicalDatatype>
<dataTypeSize>10 CHAR</dataTypeSize>
<checkConstraint>
<implementationDef dbType="Generic Constraint" definition="(efectivo,tarjeta,convenio)"/>
</checkConstraint>
<ownDataTypeParameters>10 CHAR,,</ownDataTypeParameters>
<autoIncrementCycle>false</autoIncrementCycle>
</Column>
</columns>
<indexes itemClass="oracle.dbtools.crest.model.design.relational.Index">
<ind_PK_UK id="9BB49181-CF97-6E6C-31BC-1D7313F8D1C7" name="pago_PK">
<createdBy>Maximiliano</createdBy>
<createdTime>2025-09-12 03:22:30 UTC</createdTime>
<generatorID>B3438801-B76E-D691-DEB4-A949D6ED7A30</generatorID>
<ownerDesignName>hospital_universitario</ownerDesignName>
<pk>true</pk>
<indexState>Primary Constraint</indexState>
<isSurrogateKey>false</isSurrogateKey>
<indexColumnUsage>
<colUsage columnID="04D05E78-355A-8B9C-229D-B67B839D84B0"/>
</indexColumnUsage>
</ind_PK_UK>
<ind_PK_UK id="6F7E6690-0AA2-57E1-BAE6-746F5664C78A" name="pago_id_atencion_UN">
<createdBy>Maximiliano</createdBy>
<createdTime>2025-09-12 03:22:30 UTC</createdTime>
<generatorID>39004BBE-2E2E-21D7-18FB-1BFC8A6CE13B</generatorID>
<ownerDesignName>hospital_universitario</ownerDesignName>
<indexState>Unique Constraint</indexState>
<isSurrogateKey>false</isSurrogateKey>
<indexColumnUsage>
<colUsage columnID="F91B23DA-9196-6F87-2E66-C6B3186DBADF"/>
</indexColumnUsage>
</ind_PK_UK>
<ind_PK_UK id="2A25CF62-2598-F8CA-FE49-515F280C3AA3" name="pago_atencion_FK">
<createdBy>Maximiliano</createdBy>
<createdTime>2025-09-12 03:22:30 UTC</createdTime>
<generatorID>72C5BEF4-F86A-8DFE-F288-004C7A061CFA</generatorID>
<ownerDesignName>hospital_universitario</ownerDesignName>
<indexState>Foreign Key</indexState>
<isSurrogateKey>false</isSurrogateKey>
<indexColumnUsage>
<colUsage columnID="F91B23DA-9196-6F87-2E66-C6B3186DBADF"/>
</indexColumnUsage>
</ind_PK_UK>
</indexes>
</Table>