<?xml version = '1.0' encoding = 'UTF-8'?>
<Table class="oracle.dbtools.crest.model.design.relational.Table" directorySegmentName="seg_0" id="6C144458-2833-6C09-2623-365402498335" name="especialidad">
<createdBy>Maximiliano</createdBy>
<createdTime>2025-09-12 03:22:30 UTC</createdTime>
<generatorID>7020DAEC-5411-EB97-4BB3-2EEB998D56C8</generatorID>
<ownerDesignName>hospital_universitario</ownerDesignName>
<allowColumnReorder>false</allowColumnReorder>
<existDependencyGenerateInDDl>true</existDependencyGenerateInDDl>
<parsed>true</parsed>
<columns itemClass="oracle.dbtools.crest.model.design.relational.Column">
<Column name="id_especialidad" id="F916E8BB-B549-3B83-EF78-F2A4AAF66EDE">
<createdBy>Maximiliano</createdBy>
<createdTime>2025-09-12 03:22:30 UTC</createdTime>
<generatorID>DE25F7FE-13DE-FFA9-2B6D-DB43AB934B57</generatorID>
<ownerDesignName>hospital_universitario</ownerDesignName>
<useDomainConstraints>false</useDomainConstraints>
<use>1</use>
<logicalDatatype>LOGDT019</logicalDatatype>
<ownDataTypeParameters>,,</ownDataTypeParameters>
<autoIncrementCycle>false</autoIncrementCycle>
</Column>
<Column name="nombre" id="48B99C4F-33FC-7BFD-E6AC-E87674977041">
<createdBy>Maximiliano</createdBy>
<createdTime>2025-09-12 03:22:30 UTC</createdTime>
<generatorID>4B4DB896-60F8-89D9-F74F-EED844469B23</generatorID>
<ownerDesignName>hospital_universitario</ownerDesignName>
<useDomainConstraints>false</useDomainConstraints>
<use>1</use>
<logicalDatatype>LOGDT024</logicalDatatype>
<dataTypeSize>100 CHAR</dataTypeSize>
<ownDataTypeParameters>100 CHAR,,</ownDataTypeParameters>
<autoIncrementCycle>false</autoIncrementCycle>
</Column>
<Column name="unidad_id_unidad" id="DF1A4F3F-1F6A-80B0-96BE-E3AD8CB5DFC8">
<createdBy>Maximiliano</createdBy>
<createdTime>2025-09-12 03:22:30 UTC</createdTime>
<generatorID>E8E56ABB-6484-AC91-A032-3FD7DC9DCFF8</generatorID>
<ownerDesignName>hospital_universitario</ownerDesignName>
<nullsAllowed>true</nullsAllowed>
<useDomainConstraints>false</useDomainConstraints>
<use>1</use>
<logicalDatatype>LOGDT019</logicalDatatype>
<ownDataTypeParameters>,,</ownDataTypeParameters>
<previousColumn>false</previousColumn>
<autoIncrementCycle>false</autoIncrementCycle>
<associations>
<colAssociation fkAssociation="B1CAB8F4-3AA7-FFF3-9BCB-EA65FAD685BE" referredColumn="E7174499-B453-A144-6C96-256A27006763"/>
</associations>
</Column>
</columns>
<indexes itemClass="oracle.dbtools.crest.model.design.relational.Index">
<ind_PK_UK id="B79232EC-ABE1-AB17-BCC6-EA8AA38434A9" name="especialidad_PK">
<createdBy>Maximiliano</createdBy>
<createdTime>2025-09-12 03:22:30 UTC</createdTime>
<generatorID>EB3A7FC3-EAB6-687A-8156-B624E6A93422</generatorID>
<ownerDesignName>hospital_universitario</ownerDesignName>
<pk>true</pk>
<indexState>Primary Constraint</indexState>
<isSurrogateKey>false</isSurrogateKey>
<indexColumnUsage>
<colUsage columnID="F916E8BB-B549-3B83-EF78-F2A4AAF66EDE"/>
</indexColumnUsage>
</ind_PK_UK>
<ind_PK_UK id="35AA4864-6C59-29B2-C150-AC54178B6609" name="especialidad_nombre_UN">
<createdBy>Maximiliano</createdBy>
<createdTime>2025-09-12 03:22:30 UTC</createdTime>
<generatorID>7B1EAE32-F932-47F9-FD53-DE348F667D98</generatorID>
<ownerDesignName>hospital_universitario</ownerDesignName>
<indexState>Unique Constraint</indexState>
<isSurrogateKey>false</isSurrogateKey>
<indexColumnUsage>
<colUsage columnID="48B99C4F-33FC-7BFD-E6AC-E87674977041"/>
</indexColumnUsage>
</ind_PK_UK>
<ind_PK_UK id="4849DEBB-0346-6D8A-4659-46465C6B2CCB" name="especialidad_unidad_FK">
<createdBy>Maximiliano</createdBy>
<createdTime>2025-09-12 03:22:30 UTC</createdTime>
<generatorID>802F0C7A-1164-4377-4CFD-50BE0AE86708</generatorID>
<ownerDesignName>hospital_universitario</ownerDesignName>
<indexState>Foreign Key</indexState>
<isSurrogateKey>false</isSurrogateKey>
<indexColumnUsage>
<colUsage columnID="DF1A4F3F-1F6A-80B0-96BE-E3AD8CB5DFC8"/>
</indexColumnUsage>
</ind_PK_UK>
</indexes>
</Table>