<?xml version = '1.0' encoding = 'UTF-8'?>
<Table class="oracle.dbtools.crest.model.design.relational.Table" directorySegmentName="seg_0" id="9279E679-EF7D-3EB5-218F-0914893782AA" name="region">
<createdBy>Maximiliano</createdBy>
<createdTime>2025-09-12 03:22:30 UTC</createdTime>
<generatorID>445A49F0-F73B-424E-8DAB-14F51C4E64D5</generatorID>
<ownerDesignName>hospital_universitario</ownerDesignName>
<allowColumnReorder>false</allowColumnReorder>
<existDependencyGenerateInDDl>true</existDependencyGenerateInDDl>
<parsed>true</parsed>
<columns itemClass="oracle.dbtools.crest.model.design.relational.Column">
<Column name="id_region" id="ECC99285-8FC2-41E8-9EEF-E36279109EA7">
<createdBy>Maximiliano</createdBy>
<createdTime>2025-09-12 03:22:30 UTC</createdTime>
<generatorID>4A16A4C2-15BE-E7DE-C910-B896B9D3678D</generatorID>
<ownerDesignName>hospital_universitario</ownerDesignName>
<useDomainConstraints>false</useDomainConstraints>
<use>1</use>
<logicalDatatype>LOGDT019</logicalDatatype>
<ownDataTypeParameters>,,</ownDataTypeParameters>
<autoIncrementCycle>false</autoIncrementCycle>
</Column>
<Column name="nombre" id="5730F42D-1FF1-DEF3-4F1A-BC9095A5DEB4">
<createdBy>Maximiliano</createdBy>
<createdTime>2025-09-12 03:22:30 UTC</createdTime>
<generatorID>0D6B954E-7B0E-266A-B111-C501A7D9CDFA</generatorID>
<ownerDesignName>hospital_universitario</ownerDesignName>
<useDomainConstraints>false</useDomainConstraints>
<use>1</use>
<logicalDatatype>LOGDT024</logicalDatatype>
<dataTypeSize>80 CHAR</dataTypeSize>
<ownDataTypeParameters>80 CHAR,,</ownDataTypeParameters>
<autoIncrementCycle>false</autoIncrementCycle>
</Column>
</columns>
<indexes itemClass="oracle.dbtools.crest.model.design.relational.Index">
<ind_PK_UK id="C8DE3C0B-AC0C-A623-33F6-37B3A135BDE3" name="region_PK">
<createdBy>Maximiliano</createdBy>
<createdTime>2025-09-12 03:22:30 UTC</createdTime>
<generatorID>B70BDE67-4055-40E5-123E-D7100096EC1B</generatorID>
<ownerDesignName>hospital_universitario</ownerDesignName>
<pk>true</pk>
<indexState>Primary Constraint</indexState>
<isSurrogateKey>false</isSurrogateKey>
<indexColumnUsage>
<colUsage columnID="ECC99285-8FC2-41E8-9EEF-E36279109EA7"/>
</indexColumnUsage>
</ind_PK_UK>
<ind_PK_UK id="2176DB60-7CA3-F16A-0F53-0E61B719B35A" name="region_nombre_UN">
<createdBy>Maximiliano</createdBy>
<createdTime>2025-09-12 03:22:30 UTC</createdTime>
<generatorID>1AC083C5-A71F-C733-748C-DC4086EC42BB</generatorID>
<ownerDesignName>hospital_universitario</ownerDesignName>
<indexState>Unique Constraint</indexState>
<isSurrogateKey>false</isSurrogateKey>
<indexColumnUsage>
<colUsage columnID="5730F42D-1FF1-DEF3-4F1A-BC9095A5DEB4"/>
</indexColumnUsage>
</ind_PK_UK>
</indexes>
</Table>