<?xml version = '1.0' encoding = 'UTF-8'?>
<Table class="oracle.dbtools.crest.model.design.relational.Table" directorySegmentName="seg_0" id="99CAA8F2-B57A-B066-B8B2-5A960ACCD86D" name="atencion">
<createdBy>Maximiliano</createdBy>
<createdTime>2025-09-12 03:22:30 UTC</createdTime>
<generatorID>966F07EA-824E-A409-8932-EFA0C88B4FA1</generatorID>
<ownerDesignName>hospital_universitario</ownerDesignName>
<allowColumnReorder>false</allowColumnReorder>
<existDependencyGenerateInDDl>true</existDependencyGenerateInDDl>
<parsed>true</parsed>
<columns itemClass="oracle.dbtools.crest.model.design.relational.Column">
<Column name="id_atencion" id="04D0A110-3048-6DEA-1B87-F6FA91875816">
<createdBy>Maximiliano</createdBy>
<createdTime>2025-09-12 03:22:30 UTC</createdTime>
<generatorID>EAFD22DF-FACD-EF50-7681-CC9CF127812F</generatorID>
<ownerDesignName>hospital_universitario</ownerDesignName>
<useDomainConstraints>false</useDomainConstraints>
<use>1</use>
<logicalDatatype>LOGDT019</logicalDatatype>
<ownDataTypeParameters>,,</ownDataTypeParameters>
<autoIncrementCycle>false</autoIncrementCycle>
</Column>
<Column name="fecha_hora" id="1F02D663-2D27-ECE9-D524-1E6E7C67721C">
<createdBy>Maximiliano</createdBy>
<createdTime>2025-09-12 03:22:30 UTC</createdTime>
<generatorID>B68CFA67-D3AD-8550-1510-A864B47065BA</generatorID>
<ownerDesignName>hospital_universitario</ownerDesignName>
<useDomainConstraints>false</useDomainConstraints>
<use>1</use>
<logicalDatatype>LOGDT015</logicalDatatype>
<ownDataTypeParameters>,,</ownDataTypeParameters>
<autoIncrementCycle>false</autoIncrementCycle>
</Column>
<Column name="tipo_atencion" id="B1F2E726-6F15-1B67-5D29-981E3D52D5AD">
<createdBy>Maximiliano</createdBy>
<createdTime>2025-09-12 03:22:30 UTC</createdTime>
<generatorID>5EE3791A-5406-EBDB-8825-7C894A3D691D</generatorID>
<ownerDesignName>hospital_universitario</ownerDesignName>
<constraintName>CK_ATENCION_TIPO_ATENCION</constraintName>
<useDomainConstraints>false</useDomainConstraints>
<use>1</use>
<logicalDatatype>LOGDT024</logicalDatatype>
<dataTypeSize>12 CHAR</dataTypeSize>
<checkConstraint>
<implementationDef dbType="Generic Constraint" definition="(general,urgencia,preventiva)"/>
</checkConstraint>
<ownDataTypeParameters>12 CHAR,,</ownDataTypeParameters>
<autoIncrementCycle>false</autoIncrementCycle>
</Column>
<Column name="modalidad" id="98BFAA44-A730-A538-73AB-9CED2B23CA4E">
<createdBy>Maximiliano</createdBy>
<createdTime>2025-09-12 03:22:30 UTC</createdTime>
<generatorID>6E938A1F-6CB7-A52B-6537-347180F6EC93</generatorID>
<ownerDesignName>hospital_universitario</ownerDesignName>
<constraintName>CK_TIPO_MODALIDAD</constraintName>
<useDomainConstraints>false</useDomainConstraints>
<use>1</use>
<logicalDatatype>LOGDT024</logicalDatatype>
<dataTypeSize>12 CHAR</dataTypeSize>
<checkConstraint>
<implementationDef dbType="Generic Constraint" definition="(presencial,virtual)"/>
</checkConstraint>
<ownDataTypeParameters>12 CHAR,,</ownDataTypeParameters>
<autoIncrementCycle>false</autoIncrementCycle>
</Column>
<Column name="diagnostico" id="35D70D9D-FB01-59D4-8A22-4D2EC7DB76F4">
<createdBy>Maximiliano</createdBy>
<createdTime>2025-09-12 03:22:30 UTC</createdTime>
<generatorID>7DA2D0CE-8B43-F70E-0122-1B652589D371</generatorID>
<ownerDesignName>hospital_universitario</ownerDesignName>
<nullsAllowed>true</nullsAllowed>
<useDomainConstraints>false</useDomainConstraints>
<use>1</use>
<logicalDatatype>LOGDT024</logicalDatatype>
<dataTypeSize>400 CHAR</dataTypeSize>
<ownDataTypeParameters>400 CHAR,,</ownDataTypeParameters>
<autoIncrementCycle>false</autoIncrementCycle>
</Column>
<Column name="id_paciente" id="FB1D5462-364B-E391-FF79-82869CB8A8DF">
<createdBy>Maximiliano</createdBy>
<createdTime>2025-09-12 03:22:30 UTC</createdTime>
<generatorID>9683258A-4149-9D13-0811-5DEBBC45CA1D</generatorID>
<ownerDesignName>hospital_universitario</ownerDesignName>
<useDomainConstraints>false</useDomainConstraints>
<use>1</use>
<logicalDatatype>LOGDT019</logicalDatatype>
<ownDataTypeParameters>,,</ownDataTypeParameters>
<previousColumn>false</previousColumn>
<autoIncrementCycle>false</autoIncrementCycle>
<associations>
<colAssociation fkAssociation="1BE0A1CF-0953-9469-8D63-19E3A951228F" referredColumn="4A8DFC9B-E476-7A3E-CBB9-C097F86ABEA0"/>
</associations>
</Column>
<Column name="id_medico" id="814544E9-2950-3ABC-2EF9-ADA105109092">
<createdBy>Maximiliano</createdBy>
<createdTime>2025-09-12 03:22:30 UTC</createdTime>
<generatorID>2AC76D85-DA79-9D24-B8B1-DF7CC1CDC771</generatorID>
<ownerDesignName>hospital_universitario</ownerDesignName>
<useDomainConstraints>false</useDomainConstraints>
<use>1</use>
<logicalDatatype>LOGDT019</logicalDatatype>
<ownDataTypeParameters>,,</ownDataTypeParameters>
<previousColumn>false</previousColumn>
<autoIncrementCycle>false</autoIncrementCycle>
<associations>
<colAssociation fkAssociation="6C21A790-3B8A-9290-DFD2-F15FC38DA587" referredColumn="B6DFDD34-5B76-F0E3-DEC6-60E6A0394483"/>
</associations>
</Column>
</columns>
<indexes itemClass="oracle.dbtools.crest.model.design.relational.Index">
<ind_PK_UK id="6594BF21-BF71-5E18-7915-08F922242968" name="atencion_PK">
<createdBy>Maximiliano</createdBy>
<createdTime>2025-09-12 03:22:30 UTC</createdTime>
<generatorID>C12C1239-E968-F902-D9E0-F0CF3D56EF1D</generatorID>
<ownerDesignName>hospital_universitario</ownerDesignName>
<pk>true</pk>
<indexState>Primary Constraint</indexState>
<isSurrogateKey>false</isSurrogateKey>
<indexColumnUsage>
<colUsage columnID="04D0A110-3048-6DEA-1B87-F6FA91875816"/>
</indexColumnUsage>
</ind_PK_UK>
<ind_PK_UK id="D57394A2-8D37-9A60-5260-57A4E4335529" name="atencion_medico_FK">
<createdBy>Maximiliano</createdBy>
<createdTime>2025-09-12 03:22:30 UTC</createdTime>
<generatorID>57B1DC1A-2FAA-5B45-7DB7-5CC67C4A5559</generatorID>
<ownerDesignName>hospital_universitario</ownerDesignName>
<indexState>Foreign Key</indexState>
<isSurrogateKey>false</isSurrogateKey>
<indexColumnUsage>
<colUsage columnID="814544E9-2950-3ABC-2EF9-ADA105109092"/>
</indexColumnUsage>
</ind_PK_UK>
<ind_PK_UK id="B8FA52A9-C5C3-7877-1613-2C40F9B32986" name="atencion_paciente_FK">
<createdBy>Maximiliano</createdBy>
<createdTime>2025-09-12 03:22:30 UTC</createdTime>
<generatorID>3D7112FF-C2B0-A05F-90AF-4D59B0DE4E8A</generatorID>
<ownerDesignName>hospital_universitario</ownerDesignName>
<indexState>Foreign Key</indexState>
<isSurrogateKey>false</isSurrogateKey>
<indexColumnUsage>
<colUsage columnID="FB1D5462-364B-E391-FF79-82869CB8A8DF"/>
</indexColumnUsage>
</ind_PK_UK>
</indexes>
</Table>