<?xml version = '1.0' encoding = 'UTF-8'?>
<Table class="oracle.dbtools.crest.model.design.relational.Table" directorySegmentName="seg_0" id="B6086567-A633-27AB-E7CF-BE3A1944AEBF" name="solicitud_examen">
<createdBy>Maximiliano</createdBy>
<createdTime>2025-09-12 03:22:30 UTC</createdTime>
<generatorID>1CB02237-59CA-D3C1-6C97-69701B2EEAD2</generatorID>
<ownerDesignName>hospital_universitario</ownerDesignName>
<allowColumnReorder>false</allowColumnReorder>
<existDependencyGenerateInDDl>true</existDependencyGenerateInDDl>
<parsed>true</parsed>
<columns itemClass="oracle.dbtools.crest.model.design.relational.Column">
<Column name="id_solicitud" id="87E5572B-C561-7783-B509-8326ABEEE264">
<createdBy>Maximiliano</createdBy>
<createdTime>2025-09-12 03:22:30 UTC</createdTime>
<generatorID>D55955FB-5B04-49B2-FEEA-C86DB563274E</generatorID>
<ownerDesignName>hospital_universitario</ownerDesignName>
<useDomainConstraints>false</useDomainConstraints>
<use>1</use>
<logicalDatatype>LOGDT019</logicalDatatype>
<ownDataTypeParameters>,,</ownDataTypeParameters>
<autoIncrementCycle>false</autoIncrementCycle>
</Column>
<Column name="atencion_id_atencion" id="ED1FF55A-3FAC-7B46-1619-E2ED55063EDE">
<createdBy>Maximiliano</createdBy>
<createdTime>2025-09-12 03:22:30 UTC</createdTime>
<generatorID>E1A5C784-41BE-642A-51DD-746632E074F0</generatorID>
<ownerDesignName>hospital_universitario</ownerDesignName>
<useDomainConstraints>false</useDomainConstraints>
<use>1</use>
<logicalDatatype>LOGDT019</logicalDatatype>
<ownDataTypeParameters>,,</ownDataTypeParameters>
<previousColumn>false</previousColumn>
<autoIncrementCycle>false</autoIncrementCycle>
<associations>
<colAssociation fkAssociation="7CF88AF4-5BBA-DF43-AE89-1DC26C2019C8" referredColumn="04D0A110-3048-6DEA-1B87-F6FA91875816"/>
</associations>
</Column>
<Column name="fecha_solicitud" id="D2526F12-4243-BF63-0BC7-AE893D2B4434">
<createdBy>Maximiliano</createdBy>
<createdTime>2025-09-12 03:22:30 UTC</createdTime>
<generatorID>6369DEA2-9944-3B0A-04A9-4AA16EB59175</generatorID>
<ownerDesignName>hospital_universitario</ownerDesignName>
<useDomainConstraints>false</useDomainConstraints>
<use>1</use>
<logicalDatatype>LOGDT007</logicalDatatype>
<defaultValue>SYSDATE</defaultValue>
<ownDataTypeParameters>,,</ownDataTypeParameters>
<autoIncrementCycle>false</autoIncrementCycle>
</Column>
<Column name="medico_id_medico" id="B72F6737-B67E-B35A-781E-D2FB0970A912">
<createdBy>Maximiliano</createdBy>
<createdTime>2025-09-12 03:22:30 UTC</createdTime>
<generatorID>F88DA3F2-A9BB-76D0-0EC9-5900287C3E2B</generatorID>
<ownerDesignName>hospital_universitario</ownerDesignName>
<nullsAllowed>true</nullsAllowed>
<useDomainConstraints>false</useDomainConstraints>
<use>1</use>
<logicalDatatype>LOGDT019</logicalDatatype>
<ownDataTypeParameters>,,</ownDataTypeParameters>
<previousColumn>false</previousColumn>
<autoIncrementCycle>false</autoIncrementCycle>
<associations>
<colAssociation fkAssociation="E348B89F-FC7E-8AA0-1C1F-259DE484C73D" referredColumn="B6DFDD34-5B76-F0E3-DEC6-60E6A0394483"/>
</associations>
</Column>
</columns>
<indexes itemClass="oracle.dbtools.crest.model.design.relational.Index">
<ind_PK_UK id="A07303B5-7492-0932-C450-6F4A71CFEA83" name="solicitud_examen_PK">
<createdBy>Maximiliano</createdBy>
<createdTime>2025-09-12 03:22:30 UTC</createdTime>
<generatorID>D3C6FD01-B3F1-3B1F-FBF1-EC13929B3F20</generatorID>
<ownerDesignName>hospital_universitario</ownerDesignName>
<pk>true</pk>
<indexState>Primary Constraint</indexState>
<isSurrogateKey>false</isSurrogateKey>
<indexColumnUsage>
<colUsage columnID="87E5572B-C561-7783-B509-8326ABEEE264"/>
</indexColumnUsage>
</ind_PK_UK>
<ind_PK_UK id="7ECAF799-7BB3-2D52-2E2B-C6C785D86D08" name="solicitud_examen_atencion_FK">
<createdBy>Maximiliano</createdBy>
<createdTime>2025-09-12 03:22:30 UTC</createdTime>
<generatorID>FCCCBFCE-45B0-2623-EB1D-09C932DA1AAE</generatorID>
<ownerDesignName>hospital_universitario</ownerDesignName>
<indexState>Foreign Key</indexState>
<isSurrogateKey>false</isSurrogateKey>
<indexColumnUsage>
<colUsage columnID="ED1FF55A-3FAC-7B46-1619-E2ED55063EDE"/>
</indexColumnUsage>
</ind_PK_UK>
<ind_PK_UK id="C4AE597B-C923-39B5-8714-1EC674087C4A" name="solicitud_examen_medico_FK">
<createdBy>Maximiliano</createdBy>
<createdTime>2025-09-12 03:22:30 UTC</createdTime>
<generatorID>2731C22B-E061-B979-C056-DD92193F0F26</generatorID>
<ownerDesignName>hospital_universitario</ownerDesignName>
<indexState>Foreign Key</indexState>
<isSurrogateKey>false</isSurrogateKey>
<indexColumnUsage>
<colUsage columnID="B72F6737-B67E-B35A-781E-D2FB0970A912"/>
</indexColumnUsage>
</ind_PK_UK>
</indexes>
</Table>