<?xml version = '1.0' encoding = 'UTF-8'?>
<Table class="oracle.dbtools.crest.model.design.relational.Table" directorySegmentName="seg_0" id="BB7C2979-FCD2-70F5-21BD-DF3E3A3C4C49" name="examen">
<createdBy>Maximiliano</createdBy>
<createdTime>2025-09-12 03:22:30 UTC</createdTime>
<generatorID>9C3AB337-B3A4-65EB-E2CF-1D274CA9E645</generatorID>
<ownerDesignName>hospital_universitario</ownerDesignName>
<allowColumnReorder>false</allowColumnReorder>
<existDependencyGenerateInDDl>true</existDependencyGenerateInDDl>
<parsed>true</parsed>
<columns itemClass="oracle.dbtools.crest.model.design.relational.Column">
<Column name="id_examen" id="4B405D45-E5FC-F760-3319-086B674884B2">
<createdBy>Maximiliano</createdBy>
<createdTime>2025-09-12 03:22:30 UTC</createdTime>
<generatorID>EE68D676-D6D4-F5F3-D258-775DE5233D54</generatorID>
<ownerDesignName>hospital_universitario</ownerDesignName>
<useDomainConstraints>false</useDomainConstraints>
<use>1</use>
<logicalDatatype>LOGDT019</logicalDatatype>
<ownDataTypeParameters>,,</ownDataTypeParameters>
<autoIncrementCycle>false</autoIncrementCycle>
</Column>
<Column name="codigo" id="674AC2C7-6EA0-E20A-0416-0F761F1E2744">
<createdBy>Maximiliano</createdBy>
<createdTime>2025-09-12 03:22:30 UTC</createdTime>
<generatorID>8B0A0655-4755-AB7F-9CE6-B99A4D16B606</generatorID>
<ownerDesignName>hospital_universitario</ownerDesignName>
<useDomainConstraints>false</useDomainConstraints>
<use>1</use>
<logicalDatatype>LOGDT024</logicalDatatype>
<dataTypeSize>30 CHAR</dataTypeSize>
<ownDataTypeParameters>30 CHAR,,</ownDataTypeParameters>
<autoIncrementCycle>false</autoIncrementCycle>
</Column>
<Column name="nombre" id="B0F3C9EE-4B05-5F20-4389-7E2EF75FA3E1">
<createdBy>Maximiliano</createdBy>
<createdTime>2025-09-12 03:22:30 UTC</createdTime>
<generatorID>3F8B65E4-B946-8218-76DB-AE44F2590341</generatorID>
<ownerDesignName>hospital_universitario</ownerDesignName>
<useDomainConstraints>false</useDomainConstraints>
<use>1</use>
<logicalDatatype>LOGDT024</logicalDatatype>
<dataTypeSize>120 CHAR</dataTypeSize>
<ownDataTypeParameters>120 CHAR,,</ownDataTypeParameters>
<autoIncrementCycle>false</autoIncrementCycle>
</Column>
<Column name="tipo_muestra" id="F36132F2-2B4A-CF17-2037-A467F4EB56EE">
<createdBy>Maximiliano</createdBy>
<createdTime>2025-09-12 03:22:30 UTC</createdTime>
<generatorID>55A56259-6799-871E-048D-7DF49F9AB046</generatorID>
<ownerDesignName>hospital_universitario</ownerDesignName>
<useDomainConstraints>false</useDomainConstraints>
<use>1</use>
<logicalDatatype>LOGDT024</logicalDatatype>
<dataTypeSize>80 CHAR</dataTypeSize>
<ownDataTypeParameters>80 CHAR,,</ownDataTypeParameters>
<autoIncrementCycle>false</autoIncrementCycle>
</Column>
<Column name="condiciones_preparacion" id="3005E7D1-E1B5-91EC-8870-EECB413FDC7B">
<createdBy>Maximiliano</createdBy>
<createdTime>2025-09-12 03:22:30 UTC</createdTime>
<generatorID>2D4D1BFA-695A-2BC2-C2B3-434166137FD5</generatorID>
<ownerDesignName>hospital_universitario</ownerDesignName>
<nullsAllowed>true</nullsAllowed>
<useDomainConstraints>false</useDomainConstraints>
<use>1</use>
<logicalDatatype>LOGDT024</logicalDatatype>
<dataTypeSize>200 CHAR</dataTypeSize>
<ownDataTypeParameters>200 CHAR,,</ownDataTypeParameters>
<autoIncrementCycle>false</autoIncrementCycle>
</Column>
</columns>
<indexes itemClass="oracle.dbtools.crest.model.design.relational.Index">
<ind_PK_UK id="61FC356A-E815-8A8E-C947-D9EE3DE3EDC2" name="examen_PK">
<createdBy>Maximiliano</createdBy>
<createdTime>2025-09-12 03:22:30 UTC</createdTime>
<generatorID>A87D3738-0AA2-918A-B49B-6A251FCCAA80</generatorID>
<ownerDesignName>hospital_universitario</ownerDesignName>
<pk>true</pk>
<indexState>Primary Constraint</indexState>
<isSurrogateKey>false</isSurrogateKey>
<indexColumnUsage>
<colUsage columnID="4B405D45-E5FC-F760-3319-086B674884B2"/>
</indexColumnUsage>
</ind_PK_UK>
<ind_PK_UK id="552EE155-1946-C50C-10A3-E14E9E3F6516" name="examen_codigo_UN">
<createdBy>Maximiliano</createdBy>
<createdTime>2025-09-12 03:22:30 UTC</createdTime>
<generatorID>4A545CBC-71D8-738C-034D-9B7DBBF8E895</generatorID>
<ownerDesignName>hospital_universitario</ownerDesignName>
<indexState>Unique Constraint</indexState>
<isSurrogateKey>false</isSurrogateKey>
<indexColumnUsage>
<colUsage columnID="674AC2C7-6EA0-E20A-0416-0F761F1E2744"/>
</indexColumnUsage>
</ind_PK_UK>
</indexes>
</Table>