<?xml version = '1.0' encoding = 'UTF-8'?>
<Table class="oracle.dbtools.crest.model.design.relational.Table" directorySegmentName="seg_0" id="CA245C02-B429-6E51-C7E5-E41AE3C22F84" name="resultado_examen">
<createdBy>Maximiliano</createdBy>
<createdTime>2025-09-12 03:22:30 UTC</createdTime>
<generatorID>66893C4B-4DEC-446D-4B25-98D8308E29A1</generatorID>
<ownerDesignName>hospital_universitario</ownerDesignName>
<allowColumnReorder>false</allowColumnReorder>
<existDependencyGenerateInDDl>true</existDependencyGenerateInDDl>
<parsed>true</parsed>
<columns itemClass="oracle.dbtools.crest.model.design.relational.Column">
<Column name="id_resultado" id="76ACA2D0-BCCF-C689-2568-2E494C5D369F">
<createdBy>Maximiliano</createdBy>
<createdTime>2025-09-12 03:22:30 UTC</createdTime>
<generatorID>E18B90D8-75FC-08AF-1A2F-B5DB3B05A156</generatorID>
<ownerDesignName>hospital_universitario</ownerDesignName>
<useDomainConstraints>false</useDomainConstraints>
<use>1</use>
<logicalDatatype>LOGDT019</logicalDatatype>
<ownDataTypeParameters>,,</ownDataTypeParameters>
<autoIncrementCycle>false</autoIncrementCycle>
</Column>
<Column name="id_solicitud" id="9CC28453-0151-A708-BC8C-E2A13CBE02E2">
<createdBy>Maximiliano</createdBy>
<createdTime>2025-09-12 03:22:30 UTC</createdTime>
<generatorID>24AE22B1-ED0F-96E7-705C-6502553565FC</generatorID>
<ownerDesignName>hospital_universitario</ownerDesignName>
<useDomainConstraints>false</useDomainConstraints>
<use>1</use>
<logicalDatatype>LOGDT019</logicalDatatype>
<ownDataTypeParameters>,,</ownDataTypeParameters>
<previousColumn>false</previousColumn>
<autoIncrementCycle>false</autoIncrementCycle>
<associations>
<colAssociation fkAssociation="01DDC8A3-93E6-00FE-512E-91D3A4AC759D" referredColumn="92D5F5D6-013F-9C6A-F4EC-3E6005C2EE5F"/>
</associations>
</Column>
<Column name="id_examen" id="F1383A8C-80D3-8559-674D-76C19E7D7A67">
<createdBy>Maximiliano</createdBy>
<createdTime>2025-09-12 03:22:30 UTC</createdTime>
<generatorID>69E8FB11-10BD-C5AE-AD71-0B29A66B6E54</generatorID>
<ownerDesignName>hospital_universitario</ownerDesignName>
<useDomainConstraints>false</useDomainConstraints>
<use>1</use>
<logicalDatatype>LOGDT019</logicalDatatype>
<ownDataTypeParameters>,,</ownDataTypeParameters>
<previousColumn>false</previousColumn>
<autoIncrementCycle>false</autoIncrementCycle>
<associations>
<colAssociation fkAssociation="01DDC8A3-93E6-00FE-512E-91D3A4AC759D" referredColumn="1117FA2A-3D8A-8745-F46A-9CFAB36C9BDF"/>
</associations>
</Column>
<Column name="fecha_resultado" id="4EAD7488-4A52-82D1-F4DE-122941B38F70">
<createdBy>Maximiliano</createdBy>
<createdTime>2025-09-12 03:22:30 UTC</createdTime>
<generatorID>0EA0D8FC-47FB-6819-2AE8-35E12C343331</generatorID>
<ownerDesignName>hospital_universitario</ownerDesignName>
<useDomainConstraints>false</useDomainConstraints>
<use>1</use>
<logicalDatatype>LOGDT007</logicalDatatype>
<ownDataTypeParameters>,,</ownDataTypeParameters>
<autoIncrementCycle>false</autoIncrementCycle>
</Column>
<Column name="valor" id="222A8851-E9C8-5C11-4ABA-FA9EC2F6A3A9">
<createdBy>Maximiliano</createdBy>
<createdTime>2025-09-12 03:22:30 UTC</createdTime>
<generatorID>7F77C97D-20D3-E7F5-E386-51FFBF8D56B5</generatorID>
<ownerDesignName>hospital_universitario</ownerDesignName>
<nullsAllowed>true</nullsAllowed>
<useDomainConstraints>false</useDomainConstraints>
<use>1</use>
<logicalDatatype>LOGDT024</logicalDatatype>
<dataTypeSize>200 CHAR</dataTypeSize>
<ownDataTypeParameters>200 CHAR,,</ownDataTypeParameters>
<autoIncrementCycle>false</autoIncrementCycle>
</Column>
<Column name="informe" id="E4A8150D-A034-9471-4145-26B11091893D">
<createdBy>Maximiliano</createdBy>
<createdTime>2025-09-12 03:22:30 UTC</createdTime>
<generatorID>17673280-E427-37A5-99CD-D6171A44D7D8</generatorID>
<ownerDesignName>hospital_universitario</ownerDesignName>
<nullsAllowed>true</nullsAllowed>
<useDomainConstraints>false</useDomainConstraints>
<use>1</use>
<logicalDatatype>LOGDT028</logicalDatatype>
<ownDataTypeParameters>,,</ownDataTypeParameters>
<autoIncrementCycle>false</autoIncrementCycle>
</Column>
</columns>
<indexes itemClass="oracle.dbtools.crest.model.design.relational.Index">
<ind_PK_UK id="EB160148-9074-2A07-4EEB-F8AD4F5514C1" name="resultado_examen_PK">
<createdBy>Maximiliano</createdBy>
<createdTime>2025-09-12 03:22:30 UTC</createdTime>
<generatorID>910344CF-E1DF-2B05-343E-2D33C9985502</generatorID>
<ownerDesignName>hospital_universitario</ownerDesignName>
<pk>true</pk>
<indexState>Primary Constraint</indexState>
<isSurrogateKey>false</isSurrogateKey>
<indexColumnUsage>
<colUsage columnID="76ACA2D0-BCCF-C689-2568-2E494C5D369F"/>
</indexColumnUsage>
</ind_PK_UK>
<ind_PK_UK id="1085CEC4-4EFE-89BA-8C2E-A52FC556227C" name="resultado_detalle">
<createdBy>Maximiliano</createdBy>
<createdTime>2025-09-12 03:22:30 UTC</createdTime>
<generatorID>3392FBF5-5EE8-27D8-DAC7-AA3230BD1354</generatorID>
<ownerDesignName>hospital_universitario</ownerDesignName>
<indexState>Unique Constraint</indexState>
<isSurrogateKey>false</isSurrogateKey>
<indexColumnUsage>
<colUsage columnID="9CC28453-0151-A708-BC8C-E2A13CBE02E2"/>
<colUsage columnID="F1383A8C-80D3-8559-674D-76C19E7D7A67"/>
</indexColumnUsage>
</ind_PK_UK>
<ind_PK_UK id="D1996998-06C2-4546-8804-630C5E2E7388" name="resultado_examen_FK">
<createdBy>Maximiliano</createdBy>
<createdTime>2025-09-12 03:22:30 UTC</createdTime>
<generatorID>46AE42B1-1FEB-055A-C542-CCF5A1B41FCF</generatorID>
<ownerDesignName>hospital_universitario</ownerDesignName>
<indexState>Foreign Key</indexState>
<isSurrogateKey>false</isSurrogateKey>
<indexColumnUsage>
<colUsage columnID="9CC28453-0151-A708-BC8C-E2A13CBE02E2"/>
<colUsage columnID="F1383A8C-80D3-8559-674D-76C19E7D7A67"/>
</indexColumnUsage>
</ind_PK_UK>
</indexes>
</Table>