<?xml version = '1.0' encoding = 'UTF-8'?>
<Table class="oracle.dbtools.crest.model.design.relational.Table" directorySegmentName="seg_0" id="D37524B6-B6AC-0072-403E-FE848188F6D7" name="unidad">
<createdBy>Maximiliano</createdBy>
<createdTime>2025-09-12 03:22:30 UTC</createdTime>
<generatorID>8001A6B1-4E2E-69CF-5CC7-8BB456105167</generatorID>
<ownerDesignName>hospital_universitario</ownerDesignName>
<allowColumnReorder>false</allowColumnReorder>
<existDependencyGenerateInDDl>true</existDependencyGenerateInDDl>
<parsed>true</parsed>
<columns itemClass="oracle.dbtools.crest.model.design.relational.Column">
<Column name="id_unidad" id="E7174499-B453-A144-6C96-256A27006763">
<createdBy>Maximiliano</createdBy>
<createdTime>2025-09-12 03:22:30 UTC</createdTime>
<generatorID>0F7DF95D-F3D3-8279-565C-735A2EAD7DE6</generatorID>
<ownerDesignName>hospital_universitario</ownerDesignName>
<useDomainConstraints>false</useDomainConstraints>
<use>1</use>
<logicalDatatype>LOGDT019</logicalDatatype>
<ownDataTypeParameters>,,</ownDataTypeParameters>
<autoIncrementCycle>false</autoIncrementCycle>
</Column>
<Column name="nombre" id="1F054FDD-86FD-A903-C2B1-61217D8AC556">
<createdBy>Maximiliano</createdBy>
<createdTime>2025-09-12 03:22:30 UTC</createdTime>
<generatorID>F03A2F87-39AB-D582-7B2E-9A07FB78F731</generatorID>
<ownerDesignName>hospital_universitario</ownerDesignName>
<useDomainConstraints>false</useDomainConstraints>
<use>1</use>
<logicalDatatype>LOGDT024</logicalDatatype>
<dataTypeSize>60 CHAR</dataTypeSize>
<ownDataTypeParameters>60 CHAR,,</ownDataTypeParameters>
<autoIncrementCycle>false</autoIncrementCycle>
</Column>
</columns>
<indexes itemClass="oracle.dbtools.crest.model.design.relational.Index">
<ind_PK_UK id="B98BC571-470A-559F-BFED-D30EFD19F307" name="unidad_PK">
<createdBy>Maximiliano</createdBy>
<createdTime>2025-09-12 03:22:30 UTC</createdTime>
<generatorID>880B2C05-FA9A-281E-C952-24B88AC3E4B4</generatorID>
<ownerDesignName>hospital_universitario</ownerDesignName>
<pk>true</pk>
<indexState>Primary Constraint</indexState>
<isSurrogateKey>false</isSurrogateKey>
<indexColumnUsage>
<colUsage columnID="E7174499-B453-A144-6C96-256A27006763"/>
</indexColumnUsage>
</ind_PK_UK>
<ind_PK_UK id="D6204B5C-D870-6143-CCA8-07EE7D44D708" name="unidad_nombre_UN">
<createdBy>Maximiliano</createdBy>
<createdTime>2025-09-12 03:22:30 UTC</createdTime>
<generatorID>1B91F0EE-12D5-5592-C794-F6DD8A02F094</generatorID>
<ownerDesignName>hospital_universitario</ownerDesignName>
<indexState>Unique Constraint</indexState>
<isSurrogateKey>false</isSurrogateKey>
<indexColumnUsage>
<colUsage columnID="1F054FDD-86FD-A903-C2B1-61217D8AC556"/>
</indexColumnUsage>
</ind_PK_UK>
</indexes>
</Table>