<?xml version = '1.0' encoding = 'UTF-8'?>
<Table class="oracle.dbtools.crest.model.design.relational.Table" directorySegmentName="seg_0" id="D48AEACA-F627-1231-8625-5FCE9550BEE1" name="paciente_funcionario">
<createdBy>Maximiliano</createdBy>
<createdTime>2025-09-12 03:22:30 UTC</createdTime>
<generatorID>70A7DC16-7A1B-59EE-95F8-9883D380C87F</generatorID>
<ownerDesignName>hospital_universitario</ownerDesignName>
<allowColumnReorder>false</allowColumnReorder>
<existDependencyGenerateInDDl>true</existDependencyGenerateInDDl>
<parsed>true</parsed>
<columns itemClass="oracle.dbtools.crest.model.design.relational.Column">
<Column name="id_paciente" id="296621D6-C432-AC9D-88BC-EB0E3622C932">
<createdBy>Maximiliano</createdBy>
<createdTime>2025-09-12 03:22:30 UTC</createdTime>
<generatorID>E4E90013-D348-9A61-818C-5639C0409DBB</generatorID>
<ownerDesignName>hospital_universitario</ownerDesignName>
<useDomainConstraints>false</useDomainConstraints>
<use>1</use>
<logicalDatatype>LOGDT019</logicalDatatype>
<ownDataTypeParameters>,,</ownDataTypeParameters>
<autoIncrementCycle>false</autoIncrementCycle>
<associations>
<colAssociation fkAssociation="E870EA60-5FAD-3438-CE8F-EFC0D2361D32" referredColumn="4A8DFC9B-E476-7A3E-CBB9-C097F86ABEA0"/>
</associations>
</Column>
</columns>
<indexes itemClass="oracle.dbtools.crest.model.design.relational.Index">
<ind_PK_UK id="3FEEF2CF-E276-DDD5-AF2F-1B6694CB3E5E" name="paciente_funcionario_PK">
<createdBy>Maximiliano</createdBy>
<createdTime>2025-09-12 03:22:30 UTC</createdTime>
<generatorID>EABAFC73-5DB4-760D-C0DB-01ABF2217E5D</generatorID>
<ownerDesignName>hospital_universitario</ownerDesignName>
<pk>true</pk>
<indexState>Primary Constraint</indexState>
<isSurrogateKey>false</isSurrogateKey>
<indexColumnUsage>
<colUsage columnID="296621D6-C432-AC9D-88BC-EB0E3622C932"/>
</indexColumnUsage>
</ind_PK_UK>
<ind_PK_UK id="4E0A815A-7D3D-A0E8-80A4-88266DF3E3B2" name="paciente_funcionario_FK">
<createdBy>Maximiliano</createdBy>
<createdTime>2025-09-12 03:22:30 UTC</createdTime>
<generatorID>189F8484-4CB4-0887-34D8-92120994F853</generatorID>
<ownerDesignName>hospital_universitario</ownerDesignName>
<indexState>Foreign Key</indexState>
<isSurrogateKey>false</isSurrogateKey>
<indexColumnUsage>
<colUsage columnID="296621D6-C432-AC9D-88BC-EB0E3622C932"/>
</indexColumnUsage>
</ind_PK_UK>
</indexes>
</Table>