<?xml version = '1.0' encoding = 'UTF-8'?>
<Table class="oracle.dbtools.crest.model.design.relational.Table" directorySegmentName="seg_0" id="FF2C5EA9-2CA4-C1FD-B316-EE7A269EF3B1" name="detalle_solicitud">
<createdBy>Maximiliano</createdBy>
<createdTime>2025-09-12 03:22:30 UTC</createdTime>
<generatorID>DE535F2E-B875-C139-5E55-C4C99BBA2EE6</generatorID>
<ownerDesignName>hospital_universitario</ownerDesignName>
<allowColumnReorder>false</allowColumnReorder>
<existDependencyGenerateInDDl>true</existDependencyGenerateInDDl>
<parsed>true</parsed>
<columns itemClass="oracle.dbtools.crest.model.design.relational.Column">
<Column name="id_solicitud" id="92D5F5D6-013F-9C6A-F4EC-3E6005C2EE5F">
<createdBy>Maximiliano</createdBy>
<createdTime>2025-09-12 03:22:30 UTC</createdTime>
<generatorID>D553DE5E-04E8-E8E4-A1D0-58B57A6987D7</generatorID>
<ownerDesignName>hospital_universitario</ownerDesignName>
<useDomainConstraints>false</useDomainConstraints>
<use>1</use>
<logicalDatatype>LOGDT019</logicalDatatype>
<ownDataTypeParameters>,,</ownDataTypeParameters>
<previousColumn>false</previousColumn>
<autoIncrementCycle>false</autoIncrementCycle>
<associations>
<colAssociation fkAssociation="7A5A94DC-4395-7B41-53BE-127DF3DA957E" referredColumn="87E5572B-C561-7783-B509-8326ABEEE264"/>
</associations>
</Column>
<Column name="id_examen" id="1117FA2A-3D8A-8745-F46A-9CFAB36C9BDF">
<createdBy>Maximiliano</createdBy>
<createdTime>2025-09-12 03:22:30 UTC</createdTime>
<generatorID>CBCA0A14-D3A5-602C-BE42-54FA71E5DEDA</generatorID>
<ownerDesignName>hospital_universitario</ownerDesignName>
<useDomainConstraints>false</useDomainConstraints>
<use>1</use>
<logicalDatatype>LOGDT019</logicalDatatype>
<ownDataTypeParameters>,,</ownDataTypeParameters>
<previousColumn>false</previousColumn>
<autoIncrementCycle>false</autoIncrementCycle>
<associations>
<colAssociation fkAssociation="B36DBD62-2C0F-EB5B-E62B-E4C5B5F9798A" referredColumn="4B405D45-E5FC-F760-3319-086B674884B2"/>
</associations>
</Column>
<Column name="estado" id="8C0F633D-1C1A-E244-C82D-4211E7BF6E29">
<createdBy>Maximiliano</createdBy>
<createdTime>2025-09-12 03:22:30 UTC</createdTime>
<generatorID>856BA53D-A388-1E52-0E38-5195A0BCA5A5</generatorID>
<ownerDesignName>hospital_universitario</ownerDesignName>
<constraintName>CK_ESTADO_DETALLE_SOLICITUD</constraintName>
<useDomainConstraints>false</useDomainConstraints>
<use>1</use>
<logicalDatatype>LOGDT024</logicalDatatype>
<dataTypeSize>12 CHAR</dataTypeSize>
<checkConstraint>
<implementationDef dbType="Generic Constraint" definition="(pendiente,tomado,reportado,anulado)"/>
</checkConstraint>
<defaultValue>&apos;pendiente&apos;</defaultValue>
<ownDataTypeParameters>12 CHAR,,</ownDataTypeParameters>
<autoIncrementCycle>false</autoIncrementCycle>
</Column>
<Column name="fecha_toma" id="B0C8EAA4-0E24-C6C2-1CB8-6F5FABD1FB57">
<createdBy>Maximiliano</createdBy>
<createdTime>2025-09-12 03:22:30 UTC</createdTime>
<generatorID>938EB670-9354-462B-0FD6-729CDAEB25CA</generatorID>
<ownerDesignName>hospital_universitario</ownerDesignName>
<nullsAllowed>true</nullsAllowed>
<useDomainConstraints>false</useDomainConstraints>
<use>1</use>
<logicalDatatype>LOGDT007</logicalDatatype>
<ownDataTypeParameters>,,</ownDataTypeParameters>
<autoIncrementCycle>false</autoIncrementCycle>
</Column>
</columns>
<indexes itemClass="oracle.dbtools.crest.model.design.relational.Index">
<ind_PK_UK id="7CFFCA30-C8C1-156D-C323-2A95E517AECB" name="detalle_solicitud_PK">
<createdBy>Maximiliano</createdBy>
<createdTime>2025-09-12 03:22:30 UTC</createdTime>
<generatorID>FE32CF5D-50FC-48FD-862C-E70D3EC5CCC6</generatorID>
<ownerDesignName>hospital_universitario</ownerDesignName>
<pk>true</pk>
<indexState>Primary Constraint</indexState>
<isSurrogateKey>false</isSurrogateKey>
<indexColumnUsage>
<colUsage columnID="92D5F5D6-013F-9C6A-F4EC-3E6005C2EE5F"/>
<colUsage columnID="1117FA2A-3D8A-8745-F46A-9CFAB36C9BDF"/>
</indexColumnUsage>
</ind_PK_UK>
<ind_PK_UK id="FBCB26A1-C98D-B491-A6E6-3A313AF7A4EF" name="detalle_solicitud_examen_FK">
<createdBy>Maximiliano</createdBy>
<createdTime>2025-09-12 03:22:30 UTC</createdTime>
<generatorID>45B53DFB-47DD-9E5A-01B7-34DCCB91ABCD</generatorID>
<ownerDesignName>hospital_universitario</ownerDesignName>
<indexState>Foreign Key</indexState>
<isSurrogateKey>false</isSurrogateKey>
<indexColumnUsage>
<colUsage columnID="1117FA2A-3D8A-8745-F46A-9CFAB36C9BDF"/>
</indexColumnUsage>
</ind_PK_UK>
<ind_PK_UK id="6D031BF3-F04B-BADB-948A-8F0077D5A6EF" name="detalle_solicitud_FK">
<createdBy>Maximiliano</createdBy>
<createdTime>2025-09-12 03:22:30 UTC</createdTime>
<generatorID>C4DF2116-595D-0430-14E3-F3A647E5F2FD</generatorID>
<ownerDesignName>hospital_universitario</ownerDesignName>
<indexState>Foreign Key</indexState>
<isSurrogateKey>false</isSurrogateKey>
<indexColumnUsage>
<colUsage columnID="92D5F5D6-013F-9C6A-F4EC-3E6005C2EE5F"/>
</indexColumnUsage>
</ind_PK_UK>
</indexes>
</Table>