<?xml version = '1.0' encoding = 'UTF-8'?>
<FKIndexAssociation class="oracle.dbtools.crest.model.design.relational.FKIndexAssociation" directorySegmentName="seg_0" id="2BDFCB1C-7C9C-CD22-60E6-BA8917CBE030" containerWithKeyObject="8E90B4E7-9CDF-B48B-2388-04B1131711B9" localFKIndex="A8C408BB-7A1F-70E0-F81F-554436E2D318" name="vuelo_aeropuerto_FKv1">
<sourceDDLFile>aeropuerto.sql</sourceDDLFile>
<createdBy>Maximiliano</createdBy>
<createdTime>2025-08-18 01:56:11 UTC</createdTime>
<ownerDesignName>BT&amp;Airways</ownerDesignName>
<importedID>6A779EC6-56E0-7608-72A2-554022E2DE94</importedID>
<referredTableLongName>Aeropuerto</referredTableLongName>
<deleteRule>NO ACTION</deleteRule>
<referredTableID>7D88A64B-EC80-DAF3-6136-DD760A16D063</referredTableID>
<keyObject>C0D4D736-E015-685C-F502-E0885064D854</keyObject>
<referredKeyID>C0D4D736-E015-685C-F502-E0885064D854</referredKeyID>
<mandatory>true</mandatory>
<refColNames>aeropuerto_id</refColNames>
<transferable>true</transferable>
<rely>false</rely>
<columnDependencyConstraintGenerateInDDL>true</columnDependencyConstraintGenerateInDDL>
</FKIndexAssociation>