<?xml version = '1.0' encoding = 'UTF-8'?>
<FKIndexAssociation class="oracle.dbtools.crest.model.design.relational.FKIndexAssociation" directorySegmentName="seg_0" id="579983D8-7E3E-5DF1-9134-28188ECAC2AD" containerWithKeyObject="024B3051-728F-C5C1-1D0F-4424EA764D30" localFKIndex="90D247A1-CC03-F0FC-17C3-EC7444B5081F" name="reserva_pasajero_FK">
<sourceDDLFile>aeropuerto.sql</sourceDDLFile>
<createdBy>Maximiliano</createdBy>
<createdTime>2025-08-18 01:56:11 UTC</createdTime>
<ownerDesignName>BT&amp;Airways</ownerDesignName>
<importedID>18FFB131-37ED-664D-CBCD-F722D9E92CFF</importedID>
<referredTableLongName>Pasajero</referredTableLongName>
<deleteRule>NO ACTION</deleteRule>
<referredTableID>82079065-B55B-C462-EC43-B3D0CE07B18D</referredTableID>
<keyObject>1496DE6C-A786-A86B-E05F-CFAC7F3F277F</keyObject>
<referredKeyID>1496DE6C-A786-A86B-E05F-CFAC7F3F277F</referredKeyID>
<mandatory>true</mandatory>
<refColNames>pasajero_id</refColNames>
<transferable>true</transferable>
<rely>false</rely>
<columnDependencyConstraintGenerateInDDL>true</columnDependencyConstraintGenerateInDDL>
</FKIndexAssociation>