<?xml version = '1.0' encoding = 'UTF-8'?>
<FKIndexAssociation class="oracle.dbtools.crest.model.design.relational.FKIndexAssociation" directorySegmentName="seg_0" id="8E9FF82A-B723-73DF-11D1-03FD4D1F5071" containerWithKeyObject="024B3051-728F-C5C1-1D0F-4424EA764D30" localFKIndex="D2F3E08D-9F7C-E88B-A6CB-AA5B946CC587" name="reserva_vuelo_FK">
<sourceDDLFile>aeropuerto.sql</sourceDDLFile>
<createdBy>Maximiliano</createdBy>
<createdTime>2025-08-18 01:56:11 UTC</createdTime>
<ownerDesignName>BT&amp;Airways</ownerDesignName>
<importedID>ED850FF8-7D38-A5EB-9D1A-138AF7269D16</importedID>
<referredTableLongName>Vuelo</referredTableLongName>
<deleteRule>NO ACTION</deleteRule>
<referredTableID>8E90B4E7-9CDF-B48B-2388-04B1131711B9</referredTableID>
<keyObject>1C1F7644-0A7F-86BD-541F-725A856B69DA</keyObject>
<referredKeyID>1C1F7644-0A7F-86BD-541F-725A856B69DA</referredKeyID>
<mandatory>true</mandatory>
<refColNames>vuelo_id</refColNames>
<transferable>true</transferable>
<rely>false</rely>
<columnDependencyConstraintGenerateInDDL>true</columnDependencyConstraintGenerateInDDL>
</FKIndexAssociation>