<?xml version = '1.0' encoding = 'UTF-8'?>
<FKIndexAssociation class="oracle.dbtools.crest.model.design.relational.FKIndexAssociation" directorySegmentName="seg_0" id="D39523B2-85B8-C6BB-6CCC-0AD6B0CB8356" containerWithKeyObject="8E90B4E7-9CDF-B48B-2388-04B1131711B9" localFKIndex="C46BD998-CD83-E1C6-EEB9-2189CF5F4181" name="vuelo_aeropuerto_FK">
<sourceDDLFile>aeropuerto.sql</sourceDDLFile>
<createdBy>Maximiliano</createdBy>
<createdTime>2025-08-18 01:56:11 UTC</createdTime>
<ownerDesignName>BT&amp;Airways</ownerDesignName>
<importedID>2028E2D1-AD19-8EB8-11A3-D1510BFA4531</importedID>
<referredTableLongName>Aeropuerto</referredTableLongName>
<deleteRule>NO ACTION</deleteRule>
<referredTableID>7D88A64B-EC80-DAF3-6136-DD760A16D063</referredTableID>
<keyObject>C0D4D736-E015-685C-F502-E0885064D854</keyObject>
<referredKeyID>C0D4D736-E015-685C-F502-E0885064D854</referredKeyID>
<mandatory>true</mandatory>
<refColNames>aeropuerto_id</refColNames>
<transferable>true</transferable>
<rely>false</rely>
<columnDependencyConstraintGenerateInDDL>true</columnDependencyConstraintGenerateInDDL>
</FKIndexAssociation>