<?xml version = '1.0' encoding = 'UTF-8'?>
<FKIndexAssociation class="oracle.dbtools.crest.model.design.relational.FKIndexAssociation" directorySegmentName="seg_0" id="D5E5F173-2A63-A1AE-F0A4-331F20AAA9E7" containerWithKeyObject="024B3051-728F-C5C1-1D0F-4424EA764D30" localFKIndex="5714C1CE-7441-EF9D-ABC0-C17C90D1D7F7" name="reserva_empleado_FK">
<sourceDDLFile>aeropuerto.sql</sourceDDLFile>
<createdBy>Maximiliano</createdBy>
<createdTime>2025-08-18 01:56:11 UTC</createdTime>
<ownerDesignName>BT&amp;Airways</ownerDesignName>
<importedID>A1DDC3A2-6A11-5D03-57AB-13156C0F026E</importedID>
<referredTableLongName>Empleado</referredTableLongName>
<deleteRule>NO ACTION</deleteRule>
<referredTableID>DC11A911-ADF3-6F78-9762-D7D360B867AB</referredTableID>
<keyObject>7C3C8F7F-CDDD-A4B4-F2C7-C2FD1F009EE6</keyObject>
<referredKeyID>7C3C8F7F-CDDD-A4B4-F2C7-C2FD1F009EE6</referredKeyID>
<mandatory>true</mandatory>
<refColNames>empleado_id</refColNames>
<transferable>true</transferable>
<rely>false</rely>
<columnDependencyConstraintGenerateInDDL>true</columnDependencyConstraintGenerateInDDL>
</FKIndexAssociation>